a,r,b
"(:Problem {difficulty: Easy, examples: [{'id': 1, 'input': 'sentence = ""thequickbrownfoxjumpsoverthelazydog""', 'output': 'true', 'explanation': 'sentence contains at least one of every letter of the English alphabet.'}, {'id': 2, 'input': 'sentence = ""leetcode""', 'output': 'false', 'explanation': None}], topics: [Array, Hash Table, String], problem_statement: A pangram is a sentence where every letter of the English alphabet appears at least once. Given a string sentence containing only lowercase English letters, return true if sentence is a pangram, or false otherwise., title: Check if the Sentence Is Pangram, constraints: [1 <= sentence.length <= 1000, sentence consists of lowercase English letters.]})",[:BELONGS_TO_TOPIC],(:Topic {name: Array})
"(:Problem {difficulty: Easy, examples: [{'id': 1, 'input': 'sentence = ""thequickbrownfoxjumpsoverthelazydog""', 'output': 'true', 'explanation': 'sentence contains at least one of every letter of the English alphabet.'}, {'id': 2, 'input': 'sentence = ""leetcode""', 'output': 'false', 'explanation': None}], topics: [Array, Hash Table, String], problem_statement: A pangram is a sentence where every letter of the English alphabet appears at least once. Given a string sentence containing only lowercase English letters, return true if sentence is a pangram, or false otherwise., title: Check if the Sentence Is Pangram, constraints: [1 <= sentence.length <= 1000, sentence consists of lowercase English letters.]})",[:BELONGS_TO_TOPIC],(:Topic {name: Hash Table})
"(:Problem {difficulty: Easy, examples: [{'id': 1, 'input': 'sentence = ""thequickbrownfoxjumpsoverthelazydog""', 'output': 'true', 'explanation': 'sentence contains at least one of every letter of the English alphabet.'}, {'id': 2, 'input': 'sentence = ""leetcode""', 'output': 'false', 'explanation': None}], topics: [Array, Hash Table, String], problem_statement: A pangram is a sentence where every letter of the English alphabet appears at least once. Given a string sentence containing only lowercase English letters, return true if sentence is a pangram, or false otherwise., title: Check if the Sentence Is Pangram, constraints: [1 <= sentence.length <= 1000, sentence consists of lowercase English letters.]})",[:BELONGS_TO_TOPIC],(:Topic {name: String})
"(:Problem {difficulty: Easy, examples: [{'id': 1, 'input': 'sentence = ""thequickbrownfoxjumpsoverthelazydog""', 'output': 'true', 'explanation': 'sentence contains at least one of every letter of the English alphabet.'}, {'id': 2, 'input': 'sentence = ""leetcode""', 'output': 'false', 'explanation': None}], topics: [Array, Hash Table, String], problem_statement: A pangram is a sentence where every letter of the English alphabet appears at least once. Given a string sentence containing only lowercase English letters, return true if sentence is a pangram, or false otherwise., title: Check if the Sentence Is Pangram, constraints: [1 <= sentence.length <= 1000, sentence consists of lowercase English letters.]})",[:HAS_DIFFICULTY],(:Difficulty {level: Easy})
"(:Problem {difficulty: Easy, examples: [{'id': 1, 'input': 'sentence = ""thequickbrownfoxjumpsoverthelazydog""', 'output': 'true', 'explanation': 'sentence contains at least one of every letter of the English alphabet.'}, {'id': 2, 'input': 'sentence = ""leetcode""', 'output': 'false', 'explanation': None}], topics: [Array, Hash Table, String], problem_statement: A pangram is a sentence where every letter of the English alphabet appears at least once. Given a string sentence containing only lowercase English letters, return true if sentence is a pangram, or false otherwise., title: Check if the Sentence Is Pangram, constraints: [1 <= sentence.length <= 1000, sentence consists of lowercase English letters.]})",[:HAS_SOLUTION],"(:Solution {code: class Solution {
public:
    bool checkIfPangram(string str) {
        int n = str.size();
        vector<int> v(26,0);
        
        for(int i = 0; i < n; i++)
        {
            v[str[i]-'a']++;
        }
        
        for(int i = 0; i < v.size(); i++)
        {
            if(v[i] == 0)
                return false;
        }
    return true;
    }
};, language: C++, approach: Standard})"
"(:Problem {difficulty: Easy, examples: [{'id': 1, 'input': 'sentence = ""thequickbrownfoxjumpsoverthelazydog""', 'output': 'true', 'explanation': 'sentence contains at least one of every letter of the English alphabet.'}, {'id': 2, 'input': 'sentence = ""leetcode""', 'output': 'false', 'explanation': None}], topics: [Array, Hash Table, String], problem_statement: A pangram is a sentence where every letter of the English alphabet appears at least once. Given a string sentence containing only lowercase English letters, return true if sentence is a pangram, or false otherwise., title: Check if the Sentence Is Pangram, constraints: [1 <= sentence.length <= 1000, sentence consists of lowercase English letters.]})",[:HAS_TIME_COMPLEXITY],"(:TimeComplexity {complexity: $O(n)$, explanation: The time complexity is $O(n)$ where 'n' is the length of the input string, because we iterate through the string once to count the characters. The space complexity is $O(1)$ because the vector used for counting has a fixed size of 26, which is constant and does not depend on the input string size.})"
"(:Problem {difficulty: Easy, examples: [{'id': 1, 'input': 'sentence = ""thequickbrownfoxjumpsoverthelazydog""', 'output': 'true', 'explanation': 'sentence contains at least one of every letter of the English alphabet.'}, {'id': 2, 'input': 'sentence = ""leetcode""', 'output': 'false', 'explanation': None}], topics: [Array, Hash Table, String], problem_statement: A pangram is a sentence where every letter of the English alphabet appears at least once. Given a string sentence containing only lowercase English letters, return true if sentence is a pangram, or false otherwise., title: Check if the Sentence Is Pangram, constraints: [1 <= sentence.length <= 1000, sentence consists of lowercase English letters.]})",[:HAS_SPACE_COMPLEXITY],"(:SpaceComplexity {complexity: $O(1)$, explanation: The time complexity is $O(n)$ where 'n' is the length of the input string, because we iterate through the string once to count the characters. The space complexity is $O(1)$ because the vector used for counting has a fixed size of 26, which is constant and does not depend on the input string size.})"
"(:Problem {difficulty: Easy, examples: [{'id': 1, 'input': 'sentence = ""thequickbrownfoxjumpsoverthelazydog""', 'output': 'true', 'explanation': 'sentence contains at least one of every letter of the English alphabet.'}, {'id': 2, 'input': 'sentence = ""leetcode""', 'output': 'false', 'explanation': None}], topics: [Array, Hash Table, String], problem_statement: A pangram is a sentence where every letter of the English alphabet appears at least once. Given a string sentence containing only lowercase English letters, return true if sentence is a pangram, or false otherwise., title: Check if the Sentence Is Pangram, constraints: [1 <= sentence.length <= 1000, sentence consists of lowercase English letters.]})",[:SIMILAR_TOPIC {shared_topic: Array}],"(:Problem {difficulty: Easy, examples: [{'id': 1, 'input': 'items = [[""phone"",""blue"",""pixel""],[""computer"",""silver"",""lenovo""],[""phone"",""gold"",""iphone""]], ruleKey = ""color"", ruleValue = ""silver""', 'output': '1', 'explanation': 'There is only one item matching the given rule, which is [""computer"",""silver"",""lenovo""].'}, {'id': 2, 'input': 'items = [[""phone"",""blue"",""pixel""],[""computer"",""silver"",""phone""],[""phone"",""gold"",""iphone""]], ruleKey = ""type"", ruleValue = ""phone""', 'output': '2', 'explanation': 'There are only two items matching the given rule, which are [""phone"",""blue"",""pixel""] and [""phone"",""gold"",""iphone""]. Note that the item [""computer"",""silver"",""phone""] does not match.'}], topics: [Array, String], problem_statement: You are given an array items, where each items[i] = [typei, colori, namei] describes the type, color, and name of the ith item. You are also given a rule represented by two strings, ruleKey and ruleValue.

The ith item is said to match the rule if one of the following is true:
- ruleKey == ""type"" and ruleValue == typei.
- ruleKey == ""color"" and ruleValue == colori.
- ruleKey == ""name"" and ruleValue == namei.

Return the number of items that match the given rule., title: Count Items Matching a Rule, constraints: [1 <= items.length <= 10^4, 1 <= typei.length, colori.length, namei.length, ruleValue.length <= 10, ruleKey is equal to either ""type"", ""color"", or ""name""., All strings consist only of lowercase letters.]})"
"(:Problem {difficulty: Easy, examples: [{'id': 1, 'input': 'sentence = ""thequickbrownfoxjumpsoverthelazydog""', 'output': 'true', 'explanation': 'sentence contains at least one of every letter of the English alphabet.'}, {'id': 2, 'input': 'sentence = ""leetcode""', 'output': 'false', 'explanation': None}], topics: [Array, Hash Table, String], problem_statement: A pangram is a sentence where every letter of the English alphabet appears at least once. Given a string sentence containing only lowercase English letters, return true if sentence is a pangram, or false otherwise., title: Check if the Sentence Is Pangram, constraints: [1 <= sentence.length <= 1000, sentence consists of lowercase English letters.]})",[:SIMILAR_TOPIC {shared_topic: String}],"(:Problem {difficulty: Easy, examples: [{'id': 1, 'input': 'items = [[""phone"",""blue"",""pixel""],[""computer"",""silver"",""lenovo""],[""phone"",""gold"",""iphone""]], ruleKey = ""color"", ruleValue = ""silver""', 'output': '1', 'explanation': 'There is only one item matching the given rule, which is [""computer"",""silver"",""lenovo""].'}, {'id': 2, 'input': 'items = [[""phone"",""blue"",""pixel""],[""computer"",""silver"",""phone""],[""phone"",""gold"",""iphone""]], ruleKey = ""type"", ruleValue = ""phone""', 'output': '2', 'explanation': 'There are only two items matching the given rule, which are [""phone"",""blue"",""pixel""] and [""phone"",""gold"",""iphone""]. Note that the item [""computer"",""silver"",""phone""] does not match.'}], topics: [Array, String], problem_statement: You are given an array items, where each items[i] = [typei, colori, namei] describes the type, color, and name of the ith item. You are also given a rule represented by two strings, ruleKey and ruleValue.

The ith item is said to match the rule if one of the following is true:
- ruleKey == ""type"" and ruleValue == typei.
- ruleKey == ""color"" and ruleValue == colori.
- ruleKey == ""name"" and ruleValue == namei.

Return the number of items that match the given rule., title: Count Items Matching a Rule, constraints: [1 <= items.length <= 10^4, 1 <= typei.length, colori.length, namei.length, ruleValue.length <= 10, ruleKey is equal to either ""type"", ""color"", or ""name""., All strings consist only of lowercase letters.]})"
"(:Problem {difficulty: Easy, examples: [{'id': 1, 'input': 'sentence = ""thequickbrownfoxjumpsoverthelazydog""', 'output': 'true', 'explanation': 'sentence contains at least one of every letter of the English alphabet.'}, {'id': 2, 'input': 'sentence = ""leetcode""', 'output': 'false', 'explanation': None}], topics: [Array, Hash Table, String], problem_statement: A pangram is a sentence where every letter of the English alphabet appears at least once. Given a string sentence containing only lowercase English letters, return true if sentence is a pangram, or false otherwise., title: Check if the Sentence Is Pangram, constraints: [1 <= sentence.length <= 1000, sentence consists of lowercase English letters.]})",[:SIMILAR_TOPIC {shared_topic: Array}],"(:Problem {difficulty: Easy, examples: [{'id': 1, 'input': 'nums = [0,1,2,3,4], index = [0,1,2,2,1]', 'output': '[0,4,1,3,2]', 'explanation': 'nums       index     target\n0            0        [0]\n1            1        [0,1]\n2            2        [0,1,2]\n3            2        [0,1,3,2]\n4            1        [0,4,1,3,2]'}, {'id': 2, 'input': 'nums = [1,2,3,4,0], index = [0,1,2,3,0]', 'output': '[0,1,2,3,4]', 'explanation': 'nums       index     target\n1            0        [1]\n2            1        [1,2]\n3            2        [1,2,3]\n4            3        [1,2,3,4]\n0            0        [0,1,2,3,4]'}, {'id': 3, 'input': 'nums = [1], index = [0]', 'output': '[1]', 'explanation': None}], topics: [Array, Simulation], problem_statement: Given two arrays of integers nums and index. Your task is to create target array under the following rules:
- Initially target array is empty.
- From left to right read nums[i] and index[i], insert at index index[i] the value nums[i] in target array.
- Repeat the previous step until there are no elements to read in nums and index.
Return the target array.
It is guaranteed that the insertion operations will be valid., title: Create Target Array in the Given Order, constraints: [1 <= nums.length, index.length <= 100, nums.length == index.length, 0 <= nums[i] <= 100, 0 <= index[i] <= i]})"
"(:Problem {difficulty: Easy, examples: [{'id': 1, 'input': 'sentence = ""thequickbrownfoxjumpsoverthelazydog""', 'output': 'true', 'explanation': 'sentence contains at least one of every letter of the English alphabet.'}, {'id': 2, 'input': 'sentence = ""leetcode""', 'output': 'false', 'explanation': None}], topics: [Array, Hash Table, String], problem_statement: A pangram is a sentence where every letter of the English alphabet appears at least once. Given a string sentence containing only lowercase English letters, return true if sentence is a pangram, or false otherwise., title: Check if the Sentence Is Pangram, constraints: [1 <= sentence.length <= 1000, sentence consists of lowercase English letters.]})",[:SIMILAR_TOPIC {shared_topic: Array}],"(:Problem {difficulty: Easy, examples: [{'id': 1, 'input': 'n = 5, start = 0', 'output': '8', 'explanation': 'Array nums is equal to [0, 2, 4, 6, 8] where (0 ^ 2 ^ 4 ^ 6 ^ 8) = 8.\nWhere ""^"" corresponds to bitwise XOR operator.'}, {'id': 2, 'input': 'n = 4, start = 3', 'output': '8', 'explanation': 'Array nums is equal to [3, 5, 7, 9] where (3 ^ 5 ^ 7 ^ 9) = 8.'}], topics: [Bit Manipulation, Array, Math], problem_statement: You are given an integer n and an integer start.

Define an array nums where nums[i] = start + 2 * i (0-indexed) and n == nums.length.

Return the bitwise XOR of all elements of nums., title: XOR Operation in an Array, constraints: [1 <= n <= 1000, 0 <= start <= 1000, n == nums.length]})"
"(:Problem {difficulty: Easy, examples: [{'id': 1, 'input': 'sentence = ""thequickbrownfoxjumpsoverthelazydog""', 'output': 'true', 'explanation': 'sentence contains at least one of every letter of the English alphabet.'}, {'id': 2, 'input': 'sentence = ""leetcode""', 'output': 'false', 'explanation': None}], topics: [Array, Hash Table, String], problem_statement: A pangram is a sentence where every letter of the English alphabet appears at least once. Given a string sentence containing only lowercase English letters, return true if sentence is a pangram, or false otherwise., title: Check if the Sentence Is Pangram, constraints: [1 <= sentence.length <= 1000, sentence consists of lowercase English letters.]})",[:SIMILAR_TOPIC {shared_topic: Array}],"(:Problem {difficulty: Easy, examples: [{'id': 1, 'input': 'cost = [10,15,20]', 'output': '15', 'explanation': 'You will start at index 1.\n- Pay 15 and climb two steps to reach the top.\nThe total cost is 15.'}, {'id': 2, 'input': 'cost = [1,100,1,1,1,100,1,1,100,1]', 'output': '6', 'explanation': 'You will start at index 0.\n- Pay 1 and climb two steps to reach index 2.\n- Pay 1 and climb two steps to reach index 4.\n- Pay 1 and climb two steps to reach index 6.\n- Pay 1 and climb one step to reach index 7.\n- Pay 1 and climb two steps to reach index 9.\n- Pay 1 and climb one step to reach the top.\nThe total cost is 6.'}], topics: [Dynamic Programming, Array], problem_statement: You are given an integer array cost where cost[i] is the cost of ith step on a staircase. Once you pay the cost, you can either climb one or two steps.

You can either start from the step with index 0, or the step with index 1.

Return the minimum cost to reach the top of the floor., title: Min Cost Climbing Stairs, constraints: [2 <= cost.length <= 1000, 0 <= cost[i] <= 999]})"
"(:Problem {difficulty: Easy, examples: [{'id': 1, 'input': 'sentence = ""thequickbrownfoxjumpsoverthelazydog""', 'output': 'true', 'explanation': 'sentence contains at least one of every letter of the English alphabet.'}, {'id': 2, 'input': 'sentence = ""leetcode""', 'output': 'false', 'explanation': None}], topics: [Array, Hash Table, String], problem_statement: A pangram is a sentence where every letter of the English alphabet appears at least once. Given a string sentence containing only lowercase English letters, return true if sentence is a pangram, or false otherwise., title: Check if the Sentence Is Pangram, constraints: [1 <= sentence.length <= 1000, sentence consists of lowercase English letters.]})",[:SIMILAR_TOPIC {shared_topic: Array}],"(:Problem {difficulty: Easy, examples: [{'id': 1, 'input': 'rowIndex = 3', 'output': '[1,3,3,1]'}, {'id': 2, 'input': 'rowIndex = 0', 'output': '[1]'}, {'id': 3, 'input': 'rowIndex = 1', 'output': '[1,1]'}], topics: [Array, Dynamic Programming], problem_statement: Given an integer rowIndex, return the rowIndexth (0-indexed) row of the Pascal's triangle.

In Pascal's triangle, each number is the sum of the two numbers directly above it., title: Pascal's Triangle II, constraints: [0 <= rowIndex <= 33]})"
"(:Problem {difficulty: Easy, examples: [{'id': 1, 'input': 'sentence = ""thequickbrownfoxjumpsoverthelazydog""', 'output': 'true', 'explanation': 'sentence contains at least one of every letter of the English alphabet.'}, {'id': 2, 'input': 'sentence = ""leetcode""', 'output': 'false', 'explanation': None}], topics: [Array, Hash Table, String], problem_statement: A pangram is a sentence where every letter of the English alphabet appears at least once. Given a string sentence containing only lowercase English letters, return true if sentence is a pangram, or false otherwise., title: Check if the Sentence Is Pangram, constraints: [1 <= sentence.length <= 1000, sentence consists of lowercase English letters.]})",[:SIMILAR_TOPIC {shared_topic: Hash Table}],"(:Problem {difficulty: Easy, examples: [{'id': 1, 'input': 'head = [3,2,0,-4], pos = 1', 'output': 'true', 'explanation': 'There is a cycle in the linked list, where the tail connects to the 1st node (0-indexed).'}, {'id': 2, 'input': 'head = [1,2], pos = 0', 'output': 'true', 'explanation': 'There is a cycle in the linked list, where the tail connects to the 0th node.'}, {'id': 3, 'input': 'head = [1], pos = -1', 'output': 'false', 'explanation': 'There is no cycle in the linked list.'}], topics: [Linked List, Two Pointers, Hash Table], problem_statement: Given head, the head of a linked list, determine if the linked list has a cycle in it.

There is a cycle in a linked list if there is some node in the list that can be reached again by continuously following the next pointer. Internally, pos is used to denote the index of the node that tail's next pointer is connected to. Note that pos is not passed as a parameter.

Return true if there is a cycle in the linked list. Otherwise, return false., title: Linked List Cycle, constraints: [The number of the nodes in the list is in the range [0, 10^4]., -10^5 <= Node.val <= 10^5, pos is -1 or a valid index in the linked-list.]})"
"(:Problem {difficulty: Easy, examples: [{'id': 1, 'input': 'sentence = ""thequickbrownfoxjumpsoverthelazydog""', 'output': 'true', 'explanation': 'sentence contains at least one of every letter of the English alphabet.'}, {'id': 2, 'input': 'sentence = ""leetcode""', 'output': 'false', 'explanation': None}], topics: [Array, Hash Table, String], problem_statement: A pangram is a sentence where every letter of the English alphabet appears at least once. Given a string sentence containing only lowercase English letters, return true if sentence is a pangram, or false otherwise., title: Check if the Sentence Is Pangram, constraints: [1 <= sentence.length <= 1000, sentence consists of lowercase English letters.]})",[:SIMILAR_TOPIC {shared_topic: Array}],"(:Problem {difficulty: Medium, examples: [{'id': 1, 'input': 'nums = [1,2,3,3,4,5]', 'output': 'true', 'explanation': 'nums can be split into the following subsequences:\n[1,2,3,3,4,5] --> 1, 2, 3\n[1,2,3,3,4,5] --> 3, 4, 5'}, {'id': 2, 'input': 'nums = [1,2,3,3,4,4,5,5]', 'output': 'true', 'explanation': 'nums can be split into the following subsequences:\n[1,2,3,3,4,4,5,5] --> 1, 2, 3, 4, 5\n[1,2,3,3,4,4,5,5] --> 3, 4, 5'}, {'id': 3, 'input': 'nums = [1,2,3,4,4,5]', 'output': 'false', 'explanation': 'It is impossible to split nums into consecutive increasing subsequences of length 3 or more.'}], topics: [Array], problem_statement: You are given an integer array nums that is sorted in non-decreasing order.

Determine if it is possible to split nums into one or more subsequences such that both of the following conditions are true:
- Each subsequence is a consecutive increasing sequence (i.e. each integer is exactly one more than the previous integer).
- All subsequences have a length of 3 or more.

Return true if you can split nums according to the above conditions, or false otherwise.

A subsequence of an array is a new array that is formed from the original array by deleting some (can be none) of the elements without disturbing the relative positions of the remaining elements. (i.e., [1,3,5] is a subsequence of [1,2,3,4,5] while [1,3,2] is not)., title: Split Array into Consecutive Subsequences, constraints: [1 <= nums.length <= 10^4, -1000 <= nums[i] <= 1000, nums is sorted in non-decreasing order.]})"
"(:Problem {difficulty: Easy, examples: [{'id': 1, 'input': 'sentence = ""thequickbrownfoxjumpsoverthelazydog""', 'output': 'true', 'explanation': 'sentence contains at least one of every letter of the English alphabet.'}, {'id': 2, 'input': 'sentence = ""leetcode""', 'output': 'false', 'explanation': None}], topics: [Array, Hash Table, String], problem_statement: A pangram is a sentence where every letter of the English alphabet appears at least once. Given a string sentence containing only lowercase English letters, return true if sentence is a pangram, or false otherwise., title: Check if the Sentence Is Pangram, constraints: [1 <= sentence.length <= 1000, sentence consists of lowercase English letters.]})",[:SIMILAR_TOPIC {shared_topic: Array}],"(:Problem {difficulty: Medium, examples: [{'id': 1, 'input': 'arr = [3,3,3,3,5,5,5,2,2,7]', 'output': '2', 'explanation': 'Choosing {3,7} will make the new array [5,5,5,2,2] which has size 5 (i.e equal to half of the size of the old array).\nPossible sets of size 2 are {3,5},{3,2},{5,2}.\nChoosing set {2,7} is not possible as it will make the new array [3,3,3,3,5,5,5] which has a size greater than half of the size of the old array.'}, {'id': 2, 'input': 'arr = [7,7,7,7,7,7]', 'output': '1', 'explanation': 'The only possible set you can choose is {7}. This will make the new array empty.'}], topics: [Array], problem_statement: You are given an integer array arr. You can choose a set of integers and remove all the occurrences of these integers in the array.

Return the minimum size of the set so that at least half of the integers of the array are removed., title: Reduce Array Size to The Half, constraints: [2 <= arr.length <= 10^5, arr.length is even., 1 <= arr[i] <= 10^5]})"
"(:Problem {difficulty: Easy, examples: [{'id': 1, 'input': 'sentence = ""thequickbrownfoxjumpsoverthelazydog""', 'output': 'true', 'explanation': 'sentence contains at least one of every letter of the English alphabet.'}, {'id': 2, 'input': 'sentence = ""leetcode""', 'output': 'false', 'explanation': None}], topics: [Array, Hash Table, String], problem_statement: A pangram is a sentence where every letter of the English alphabet appears at least once. Given a string sentence containing only lowercase English letters, return true if sentence is a pangram, or false otherwise., title: Check if the Sentence Is Pangram, constraints: [1 <= sentence.length <= 1000, sentence consists of lowercase English letters.]})",[:SIMILAR_TOPIC {shared_topic: String}],"(:Problem {difficulty: Hard, examples: [{'id': 1, 'input': 's = ""ADOBECODEBANC"", t = ""ABC""', 'output': '""BANC""', 'explanation': 'The minimum window substring ""BANC"" includes \'A\', \'B\', and \'C\' from string t.'}, {'id': 2, 'input': 's = ""a"", t = ""a""', 'output': '""a""', 'explanation': 'The entire string s is the minimum window.'}, {'id': 3, 'input': 's = ""a"", t = ""aa""', 'output': '""""', 'explanation': ""Both 'a's from t must be included in the window.\nSince the largest window of s only has one 'a', return empty string.""}], topics: [String], problem_statement: Given two strings s and t of lengths m and n respectively, return the minimum window substring of s such that every character in t (including duplicates) is included in the window. If there is no such substring, return the empty string """".

The testcases will be generated such that the answer is unique., title: Minimum Window Substring, constraints: [m == s.length, n == t.length, 1 <= m, n <= 10^5, s and t consist of uppercase and lowercase English letters.]})"
"(:Problem {difficulty: Easy, examples: [{'id': 1, 'input': 'items = [[""phone"",""blue"",""pixel""],[""computer"",""silver"",""lenovo""],[""phone"",""gold"",""iphone""]], ruleKey = ""color"", ruleValue = ""silver""', 'output': '1', 'explanation': 'There is only one item matching the given rule, which is [""computer"",""silver"",""lenovo""].'}, {'id': 2, 'input': 'items = [[""phone"",""blue"",""pixel""],[""computer"",""silver"",""phone""],[""phone"",""gold"",""iphone""]], ruleKey = ""type"", ruleValue = ""phone""', 'output': '2', 'explanation': 'There are only two items matching the given rule, which are [""phone"",""blue"",""pixel""] and [""phone"",""gold"",""iphone""]. Note that the item [""computer"",""silver"",""phone""] does not match.'}], topics: [Array, String], problem_statement: You are given an array items, where each items[i] = [typei, colori, namei] describes the type, color, and name of the ith item. You are also given a rule represented by two strings, ruleKey and ruleValue.

The ith item is said to match the rule if one of the following is true:
- ruleKey == ""type"" and ruleValue == typei.
- ruleKey == ""color"" and ruleValue == colori.
- ruleKey == ""name"" and ruleValue == namei.

Return the number of items that match the given rule., title: Count Items Matching a Rule, constraints: [1 <= items.length <= 10^4, 1 <= typei.length, colori.length, namei.length, ruleValue.length <= 10, ruleKey is equal to either ""type"", ""color"", or ""name""., All strings consist only of lowercase letters.]})",[:BELONGS_TO_TOPIC],(:Topic {name: Array})
"(:Problem {difficulty: Easy, examples: [{'id': 1, 'input': 'items = [[""phone"",""blue"",""pixel""],[""computer"",""silver"",""lenovo""],[""phone"",""gold"",""iphone""]], ruleKey = ""color"", ruleValue = ""silver""', 'output': '1', 'explanation': 'There is only one item matching the given rule, which is [""computer"",""silver"",""lenovo""].'}, {'id': 2, 'input': 'items = [[""phone"",""blue"",""pixel""],[""computer"",""silver"",""phone""],[""phone"",""gold"",""iphone""]], ruleKey = ""type"", ruleValue = ""phone""', 'output': '2', 'explanation': 'There are only two items matching the given rule, which are [""phone"",""blue"",""pixel""] and [""phone"",""gold"",""iphone""]. Note that the item [""computer"",""silver"",""phone""] does not match.'}], topics: [Array, String], problem_statement: You are given an array items, where each items[i] = [typei, colori, namei] describes the type, color, and name of the ith item. You are also given a rule represented by two strings, ruleKey and ruleValue.

The ith item is said to match the rule if one of the following is true:
- ruleKey == ""type"" and ruleValue == typei.
- ruleKey == ""color"" and ruleValue == colori.
- ruleKey == ""name"" and ruleValue == namei.

Return the number of items that match the given rule., title: Count Items Matching a Rule, constraints: [1 <= items.length <= 10^4, 1 <= typei.length, colori.length, namei.length, ruleValue.length <= 10, ruleKey is equal to either ""type"", ""color"", or ""name""., All strings consist only of lowercase letters.]})",[:BELONGS_TO_TOPIC],(:Topic {name: String})
"(:Problem {difficulty: Easy, examples: [{'id': 1, 'input': 'items = [[""phone"",""blue"",""pixel""],[""computer"",""silver"",""lenovo""],[""phone"",""gold"",""iphone""]], ruleKey = ""color"", ruleValue = ""silver""', 'output': '1', 'explanation': 'There is only one item matching the given rule, which is [""computer"",""silver"",""lenovo""].'}, {'id': 2, 'input': 'items = [[""phone"",""blue"",""pixel""],[""computer"",""silver"",""phone""],[""phone"",""gold"",""iphone""]], ruleKey = ""type"", ruleValue = ""phone""', 'output': '2', 'explanation': 'There are only two items matching the given rule, which are [""phone"",""blue"",""pixel""] and [""phone"",""gold"",""iphone""]. Note that the item [""computer"",""silver"",""phone""] does not match.'}], topics: [Array, String], problem_statement: You are given an array items, where each items[i] = [typei, colori, namei] describes the type, color, and name of the ith item. You are also given a rule represented by two strings, ruleKey and ruleValue.

The ith item is said to match the rule if one of the following is true:
- ruleKey == ""type"" and ruleValue == typei.
- ruleKey == ""color"" and ruleValue == colori.
- ruleKey == ""name"" and ruleValue == namei.

Return the number of items that match the given rule., title: Count Items Matching a Rule, constraints: [1 <= items.length <= 10^4, 1 <= typei.length, colori.length, namei.length, ruleValue.length <= 10, ruleKey is equal to either ""type"", ""color"", or ""name""., All strings consist only of lowercase letters.]})",[:HAS_DIFFICULTY],(:Difficulty {level: Easy})
"(:Problem {difficulty: Easy, examples: [{'id': 1, 'input': 'items = [[""phone"",""blue"",""pixel""],[""computer"",""silver"",""lenovo""],[""phone"",""gold"",""iphone""]], ruleKey = ""color"", ruleValue = ""silver""', 'output': '1', 'explanation': 'There is only one item matching the given rule, which is [""computer"",""silver"",""lenovo""].'}, {'id': 2, 'input': 'items = [[""phone"",""blue"",""pixel""],[""computer"",""silver"",""phone""],[""phone"",""gold"",""iphone""]], ruleKey = ""type"", ruleValue = ""phone""', 'output': '2', 'explanation': 'There are only two items matching the given rule, which are [""phone"",""blue"",""pixel""] and [""phone"",""gold"",""iphone""]. Note that the item [""computer"",""silver"",""phone""] does not match.'}], topics: [Array, String], problem_statement: You are given an array items, where each items[i] = [typei, colori, namei] describes the type, color, and name of the ith item. You are also given a rule represented by two strings, ruleKey and ruleValue.

The ith item is said to match the rule if one of the following is true:
- ruleKey == ""type"" and ruleValue == typei.
- ruleKey == ""color"" and ruleValue == colori.
- ruleKey == ""name"" and ruleValue == namei.

Return the number of items that match the given rule., title: Count Items Matching a Rule, constraints: [1 <= items.length <= 10^4, 1 <= typei.length, colori.length, namei.length, ruleValue.length <= 10, ruleKey is equal to either ""type"", ""color"", or ""name""., All strings consist only of lowercase letters.]})",[:HAS_SOLUTION],"(:Solution {code: class Solution {
public:
    int countMatches(vector<vector<string>>& items, string ruleKey, string ruleValue) {
        int n = items.size();
        int x, c = 0;
        
        if(ruleKey == ""type"") x = 0;
        if(ruleKey == ""color"") x = 1;
        if(ruleKey == ""name"") x = 2;
        
        for(int i = 0; i < n; i++)
        {
            if(items[i][x] == ruleValue)
                c++;
        }
        
        return c;
    }
};, language: C++, approach: Standard})"
"(:Problem {difficulty: Easy, examples: [{'id': 1, 'input': 'items = [[""phone"",""blue"",""pixel""],[""computer"",""silver"",""lenovo""],[""phone"",""gold"",""iphone""]], ruleKey = ""color"", ruleValue = ""silver""', 'output': '1', 'explanation': 'There is only one item matching the given rule, which is [""computer"",""silver"",""lenovo""].'}, {'id': 2, 'input': 'items = [[""phone"",""blue"",""pixel""],[""computer"",""silver"",""phone""],[""phone"",""gold"",""iphone""]], ruleKey = ""type"", ruleValue = ""phone""', 'output': '2', 'explanation': 'There are only two items matching the given rule, which are [""phone"",""blue"",""pixel""] and [""phone"",""gold"",""iphone""]. Note that the item [""computer"",""silver"",""phone""] does not match.'}], topics: [Array, String], problem_statement: You are given an array items, where each items[i] = [typei, colori, namei] describes the type, color, and name of the ith item. You are also given a rule represented by two strings, ruleKey and ruleValue.

The ith item is said to match the rule if one of the following is true:
- ruleKey == ""type"" and ruleValue == typei.
- ruleKey == ""color"" and ruleValue == colori.
- ruleKey == ""name"" and ruleValue == namei.

Return the number of items that match the given rule., title: Count Items Matching a Rule, constraints: [1 <= items.length <= 10^4, 1 <= typei.length, colori.length, namei.length, ruleValue.length <= 10, ruleKey is equal to either ""type"", ""color"", or ""name""., All strings consist only of lowercase letters.]})",[:HAS_TIME_COMPLEXITY],"(:TimeComplexity {complexity: $O(n)$, explanation: The time complexity is $O(n)$, where 'n' is the total number of items in the list. This is because we need to iterate through each item once to check if it matches the rule. The space complexity is $O(1)$ as we only use a few variables to store the count and index, which does not scale with the size of the input.})"
"(:Problem {difficulty: Easy, examples: [{'id': 1, 'input': 'items = [[""phone"",""blue"",""pixel""],[""computer"",""silver"",""lenovo""],[""phone"",""gold"",""iphone""]], ruleKey = ""color"", ruleValue = ""silver""', 'output': '1', 'explanation': 'There is only one item matching the given rule, which is [""computer"",""silver"",""lenovo""].'}, {'id': 2, 'input': 'items = [[""phone"",""blue"",""pixel""],[""computer"",""silver"",""phone""],[""phone"",""gold"",""iphone""]], ruleKey = ""type"", ruleValue = ""phone""', 'output': '2', 'explanation': 'There are only two items matching the given rule, which are [""phone"",""blue"",""pixel""] and [""phone"",""gold"",""iphone""]. Note that the item [""computer"",""silver"",""phone""] does not match.'}], topics: [Array, String], problem_statement: You are given an array items, where each items[i] = [typei, colori, namei] describes the type, color, and name of the ith item. You are also given a rule represented by two strings, ruleKey and ruleValue.

The ith item is said to match the rule if one of the following is true:
- ruleKey == ""type"" and ruleValue == typei.
- ruleKey == ""color"" and ruleValue == colori.
- ruleKey == ""name"" and ruleValue == namei.

Return the number of items that match the given rule., title: Count Items Matching a Rule, constraints: [1 <= items.length <= 10^4, 1 <= typei.length, colori.length, namei.length, ruleValue.length <= 10, ruleKey is equal to either ""type"", ""color"", or ""name""., All strings consist only of lowercase letters.]})",[:HAS_SPACE_COMPLEXITY],"(:SpaceComplexity {complexity: $O(1)$, explanation: The time complexity is $O(n)$, where 'n' is the total number of items in the list. This is because we need to iterate through each item once to check if it matches the rule. The space complexity is $O(1)$ as we only use a few variables to store the count and index, which does not scale with the size of the input.})"
"(:Problem {difficulty: Easy, examples: [{'id': 1, 'input': 'items = [[""phone"",""blue"",""pixel""],[""computer"",""silver"",""lenovo""],[""phone"",""gold"",""iphone""]], ruleKey = ""color"", ruleValue = ""silver""', 'output': '1', 'explanation': 'There is only one item matching the given rule, which is [""computer"",""silver"",""lenovo""].'}, {'id': 2, 'input': 'items = [[""phone"",""blue"",""pixel""],[""computer"",""silver"",""phone""],[""phone"",""gold"",""iphone""]], ruleKey = ""type"", ruleValue = ""phone""', 'output': '2', 'explanation': 'There are only two items matching the given rule, which are [""phone"",""blue"",""pixel""] and [""phone"",""gold"",""iphone""]. Note that the item [""computer"",""silver"",""phone""] does not match.'}], topics: [Array, String], problem_statement: You are given an array items, where each items[i] = [typei, colori, namei] describes the type, color, and name of the ith item. You are also given a rule represented by two strings, ruleKey and ruleValue.

The ith item is said to match the rule if one of the following is true:
- ruleKey == ""type"" and ruleValue == typei.
- ruleKey == ""color"" and ruleValue == colori.
- ruleKey == ""name"" and ruleValue == namei.

Return the number of items that match the given rule., title: Count Items Matching a Rule, constraints: [1 <= items.length <= 10^4, 1 <= typei.length, colori.length, namei.length, ruleValue.length <= 10, ruleKey is equal to either ""type"", ""color"", or ""name""., All strings consist only of lowercase letters.]})",[:SIMILAR_TOPIC {shared_topic: Array}],"(:Problem {difficulty: Easy, examples: [{'id': 1, 'input': 'sentence = ""thequickbrownfoxjumpsoverthelazydog""', 'output': 'true', 'explanation': 'sentence contains at least one of every letter of the English alphabet.'}, {'id': 2, 'input': 'sentence = ""leetcode""', 'output': 'false', 'explanation': None}], topics: [Array, Hash Table, String], problem_statement: A pangram is a sentence where every letter of the English alphabet appears at least once. Given a string sentence containing only lowercase English letters, return true if sentence is a pangram, or false otherwise., title: Check if the Sentence Is Pangram, constraints: [1 <= sentence.length <= 1000, sentence consists of lowercase English letters.]})"
"(:Problem {difficulty: Easy, examples: [{'id': 1, 'input': 'items = [[""phone"",""blue"",""pixel""],[""computer"",""silver"",""lenovo""],[""phone"",""gold"",""iphone""]], ruleKey = ""color"", ruleValue = ""silver""', 'output': '1', 'explanation': 'There is only one item matching the given rule, which is [""computer"",""silver"",""lenovo""].'}, {'id': 2, 'input': 'items = [[""phone"",""blue"",""pixel""],[""computer"",""silver"",""phone""],[""phone"",""gold"",""iphone""]], ruleKey = ""type"", ruleValue = ""phone""', 'output': '2', 'explanation': 'There are only two items matching the given rule, which are [""phone"",""blue"",""pixel""] and [""phone"",""gold"",""iphone""]. Note that the item [""computer"",""silver"",""phone""] does not match.'}], topics: [Array, String], problem_statement: You are given an array items, where each items[i] = [typei, colori, namei] describes the type, color, and name of the ith item. You are also given a rule represented by two strings, ruleKey and ruleValue.

The ith item is said to match the rule if one of the following is true:
- ruleKey == ""type"" and ruleValue == typei.
- ruleKey == ""color"" and ruleValue == colori.
- ruleKey == ""name"" and ruleValue == namei.

Return the number of items that match the given rule., title: Count Items Matching a Rule, constraints: [1 <= items.length <= 10^4, 1 <= typei.length, colori.length, namei.length, ruleValue.length <= 10, ruleKey is equal to either ""type"", ""color"", or ""name""., All strings consist only of lowercase letters.]})",[:SIMILAR_TOPIC {shared_topic: String}],"(:Problem {difficulty: Easy, examples: [{'id': 1, 'input': 'sentence = ""thequickbrownfoxjumpsoverthelazydog""', 'output': 'true', 'explanation': 'sentence contains at least one of every letter of the English alphabet.'}, {'id': 2, 'input': 'sentence = ""leetcode""', 'output': 'false', 'explanation': None}], topics: [Array, Hash Table, String], problem_statement: A pangram is a sentence where every letter of the English alphabet appears at least once. Given a string sentence containing only lowercase English letters, return true if sentence is a pangram, or false otherwise., title: Check if the Sentence Is Pangram, constraints: [1 <= sentence.length <= 1000, sentence consists of lowercase English letters.]})"
"(:Problem {difficulty: Easy, examples: [{'id': 1, 'input': 'items = [[""phone"",""blue"",""pixel""],[""computer"",""silver"",""lenovo""],[""phone"",""gold"",""iphone""]], ruleKey = ""color"", ruleValue = ""silver""', 'output': '1', 'explanation': 'There is only one item matching the given rule, which is [""computer"",""silver"",""lenovo""].'}, {'id': 2, 'input': 'items = [[""phone"",""blue"",""pixel""],[""computer"",""silver"",""phone""],[""phone"",""gold"",""iphone""]], ruleKey = ""type"", ruleValue = ""phone""', 'output': '2', 'explanation': 'There are only two items matching the given rule, which are [""phone"",""blue"",""pixel""] and [""phone"",""gold"",""iphone""]. Note that the item [""computer"",""silver"",""phone""] does not match.'}], topics: [Array, String], problem_statement: You are given an array items, where each items[i] = [typei, colori, namei] describes the type, color, and name of the ith item. You are also given a rule represented by two strings, ruleKey and ruleValue.

The ith item is said to match the rule if one of the following is true:
- ruleKey == ""type"" and ruleValue == typei.
- ruleKey == ""color"" and ruleValue == colori.
- ruleKey == ""name"" and ruleValue == namei.

Return the number of items that match the given rule., title: Count Items Matching a Rule, constraints: [1 <= items.length <= 10^4, 1 <= typei.length, colori.length, namei.length, ruleValue.length <= 10, ruleKey is equal to either ""type"", ""color"", or ""name""., All strings consist only of lowercase letters.]})",[:SIMILAR_TOPIC {shared_topic: Array}],"(:Problem {difficulty: Easy, examples: [{'id': 1, 'input': 'nums = [0,1,2,3,4], index = [0,1,2,2,1]', 'output': '[0,4,1,3,2]', 'explanation': 'nums       index     target\n0            0        [0]\n1            1        [0,1]\n2            2        [0,1,2]\n3            2        [0,1,3,2]\n4            1        [0,4,1,3,2]'}, {'id': 2, 'input': 'nums = [1,2,3,4,0], index = [0,1,2,3,0]', 'output': '[0,1,2,3,4]', 'explanation': 'nums       index     target\n1            0        [1]\n2            1        [1,2]\n3            2        [1,2,3]\n4            3        [1,2,3,4]\n0            0        [0,1,2,3,4]'}, {'id': 3, 'input': 'nums = [1], index = [0]', 'output': '[1]', 'explanation': None}], topics: [Array, Simulation], problem_statement: Given two arrays of integers nums and index. Your task is to create target array under the following rules:
- Initially target array is empty.
- From left to right read nums[i] and index[i], insert at index index[i] the value nums[i] in target array.
- Repeat the previous step until there are no elements to read in nums and index.
Return the target array.
It is guaranteed that the insertion operations will be valid., title: Create Target Array in the Given Order, constraints: [1 <= nums.length, index.length <= 100, nums.length == index.length, 0 <= nums[i] <= 100, 0 <= index[i] <= i]})"
"(:Problem {difficulty: Easy, examples: [{'id': 1, 'input': 'items = [[""phone"",""blue"",""pixel""],[""computer"",""silver"",""lenovo""],[""phone"",""gold"",""iphone""]], ruleKey = ""color"", ruleValue = ""silver""', 'output': '1', 'explanation': 'There is only one item matching the given rule, which is [""computer"",""silver"",""lenovo""].'}, {'id': 2, 'input': 'items = [[""phone"",""blue"",""pixel""],[""computer"",""silver"",""phone""],[""phone"",""gold"",""iphone""]], ruleKey = ""type"", ruleValue = ""phone""', 'output': '2', 'explanation': 'There are only two items matching the given rule, which are [""phone"",""blue"",""pixel""] and [""phone"",""gold"",""iphone""]. Note that the item [""computer"",""silver"",""phone""] does not match.'}], topics: [Array, String], problem_statement: You are given an array items, where each items[i] = [typei, colori, namei] describes the type, color, and name of the ith item. You are also given a rule represented by two strings, ruleKey and ruleValue.

The ith item is said to match the rule if one of the following is true:
- ruleKey == ""type"" and ruleValue == typei.
- ruleKey == ""color"" and ruleValue == colori.
- ruleKey == ""name"" and ruleValue == namei.

Return the number of items that match the given rule., title: Count Items Matching a Rule, constraints: [1 <= items.length <= 10^4, 1 <= typei.length, colori.length, namei.length, ruleValue.length <= 10, ruleKey is equal to either ""type"", ""color"", or ""name""., All strings consist only of lowercase letters.]})",[:SIMILAR_TOPIC {shared_topic: Array}],"(:Problem {difficulty: Easy, examples: [{'id': 1, 'input': 'n = 5, start = 0', 'output': '8', 'explanation': 'Array nums is equal to [0, 2, 4, 6, 8] where (0 ^ 2 ^ 4 ^ 6 ^ 8) = 8.\nWhere ""^"" corresponds to bitwise XOR operator.'}, {'id': 2, 'input': 'n = 4, start = 3', 'output': '8', 'explanation': 'Array nums is equal to [3, 5, 7, 9] where (3 ^ 5 ^ 7 ^ 9) = 8.'}], topics: [Bit Manipulation, Array, Math], problem_statement: You are given an integer n and an integer start.

Define an array nums where nums[i] = start + 2 * i (0-indexed) and n == nums.length.

Return the bitwise XOR of all elements of nums., title: XOR Operation in an Array, constraints: [1 <= n <= 1000, 0 <= start <= 1000, n == nums.length]})"
"(:Problem {difficulty: Easy, examples: [{'id': 1, 'input': 'items = [[""phone"",""blue"",""pixel""],[""computer"",""silver"",""lenovo""],[""phone"",""gold"",""iphone""]], ruleKey = ""color"", ruleValue = ""silver""', 'output': '1', 'explanation': 'There is only one item matching the given rule, which is [""computer"",""silver"",""lenovo""].'}, {'id': 2, 'input': 'items = [[""phone"",""blue"",""pixel""],[""computer"",""silver"",""phone""],[""phone"",""gold"",""iphone""]], ruleKey = ""type"", ruleValue = ""phone""', 'output': '2', 'explanation': 'There are only two items matching the given rule, which are [""phone"",""blue"",""pixel""] and [""phone"",""gold"",""iphone""]. Note that the item [""computer"",""silver"",""phone""] does not match.'}], topics: [Array, String], problem_statement: You are given an array items, where each items[i] = [typei, colori, namei] describes the type, color, and name of the ith item. You are also given a rule represented by two strings, ruleKey and ruleValue.

The ith item is said to match the rule if one of the following is true:
- ruleKey == ""type"" and ruleValue == typei.
- ruleKey == ""color"" and ruleValue == colori.
- ruleKey == ""name"" and ruleValue == namei.

Return the number of items that match the given rule., title: Count Items Matching a Rule, constraints: [1 <= items.length <= 10^4, 1 <= typei.length, colori.length, namei.length, ruleValue.length <= 10, ruleKey is equal to either ""type"", ""color"", or ""name""., All strings consist only of lowercase letters.]})",[:SIMILAR_TOPIC {shared_topic: Array}],"(:Problem {difficulty: Easy, examples: [{'id': 1, 'input': 'cost = [10,15,20]', 'output': '15', 'explanation': 'You will start at index 1.\n- Pay 15 and climb two steps to reach the top.\nThe total cost is 15.'}, {'id': 2, 'input': 'cost = [1,100,1,1,1,100,1,1,100,1]', 'output': '6', 'explanation': 'You will start at index 0.\n- Pay 1 and climb two steps to reach index 2.\n- Pay 1 and climb two steps to reach index 4.\n- Pay 1 and climb two steps to reach index 6.\n- Pay 1 and climb one step to reach index 7.\n- Pay 1 and climb two steps to reach index 9.\n- Pay 1 and climb one step to reach the top.\nThe total cost is 6.'}], topics: [Dynamic Programming, Array], problem_statement: You are given an integer array cost where cost[i] is the cost of ith step on a staircase. Once you pay the cost, you can either climb one or two steps.

You can either start from the step with index 0, or the step with index 1.

Return the minimum cost to reach the top of the floor., title: Min Cost Climbing Stairs, constraints: [2 <= cost.length <= 1000, 0 <= cost[i] <= 999]})"
"(:Problem {difficulty: Easy, examples: [{'id': 1, 'input': 'items = [[""phone"",""blue"",""pixel""],[""computer"",""silver"",""lenovo""],[""phone"",""gold"",""iphone""]], ruleKey = ""color"", ruleValue = ""silver""', 'output': '1', 'explanation': 'There is only one item matching the given rule, which is [""computer"",""silver"",""lenovo""].'}, {'id': 2, 'input': 'items = [[""phone"",""blue"",""pixel""],[""computer"",""silver"",""phone""],[""phone"",""gold"",""iphone""]], ruleKey = ""type"", ruleValue = ""phone""', 'output': '2', 'explanation': 'There are only two items matching the given rule, which are [""phone"",""blue"",""pixel""] and [""phone"",""gold"",""iphone""]. Note that the item [""computer"",""silver"",""phone""] does not match.'}], topics: [Array, String], problem_statement: You are given an array items, where each items[i] = [typei, colori, namei] describes the type, color, and name of the ith item. You are also given a rule represented by two strings, ruleKey and ruleValue.

The ith item is said to match the rule if one of the following is true:
- ruleKey == ""type"" and ruleValue == typei.
- ruleKey == ""color"" and ruleValue == colori.
- ruleKey == ""name"" and ruleValue == namei.

Return the number of items that match the given rule., title: Count Items Matching a Rule, constraints: [1 <= items.length <= 10^4, 1 <= typei.length, colori.length, namei.length, ruleValue.length <= 10, ruleKey is equal to either ""type"", ""color"", or ""name""., All strings consist only of lowercase letters.]})",[:SIMILAR_TOPIC {shared_topic: Array}],"(:Problem {difficulty: Easy, examples: [{'id': 1, 'input': 'rowIndex = 3', 'output': '[1,3,3,1]'}, {'id': 2, 'input': 'rowIndex = 0', 'output': '[1]'}, {'id': 3, 'input': 'rowIndex = 1', 'output': '[1,1]'}], topics: [Array, Dynamic Programming], problem_statement: Given an integer rowIndex, return the rowIndexth (0-indexed) row of the Pascal's triangle.

In Pascal's triangle, each number is the sum of the two numbers directly above it., title: Pascal's Triangle II, constraints: [0 <= rowIndex <= 33]})"
"(:Problem {difficulty: Easy, examples: [{'id': 1, 'input': 'items = [[""phone"",""blue"",""pixel""],[""computer"",""silver"",""lenovo""],[""phone"",""gold"",""iphone""]], ruleKey = ""color"", ruleValue = ""silver""', 'output': '1', 'explanation': 'There is only one item matching the given rule, which is [""computer"",""silver"",""lenovo""].'}, {'id': 2, 'input': 'items = [[""phone"",""blue"",""pixel""],[""computer"",""silver"",""phone""],[""phone"",""gold"",""iphone""]], ruleKey = ""type"", ruleValue = ""phone""', 'output': '2', 'explanation': 'There are only two items matching the given rule, which are [""phone"",""blue"",""pixel""] and [""phone"",""gold"",""iphone""]. Note that the item [""computer"",""silver"",""phone""] does not match.'}], topics: [Array, String], problem_statement: You are given an array items, where each items[i] = [typei, colori, namei] describes the type, color, and name of the ith item. You are also given a rule represented by two strings, ruleKey and ruleValue.

The ith item is said to match the rule if one of the following is true:
- ruleKey == ""type"" and ruleValue == typei.
- ruleKey == ""color"" and ruleValue == colori.
- ruleKey == ""name"" and ruleValue == namei.

Return the number of items that match the given rule., title: Count Items Matching a Rule, constraints: [1 <= items.length <= 10^4, 1 <= typei.length, colori.length, namei.length, ruleValue.length <= 10, ruleKey is equal to either ""type"", ""color"", or ""name""., All strings consist only of lowercase letters.]})",[:SIMILAR_TOPIC {shared_topic: Array}],"(:Problem {difficulty: Medium, examples: [{'id': 1, 'input': 'nums = [1,2,3,3,4,5]', 'output': 'true', 'explanation': 'nums can be split into the following subsequences:\n[1,2,3,3,4,5] --> 1, 2, 3\n[1,2,3,3,4,5] --> 3, 4, 5'}, {'id': 2, 'input': 'nums = [1,2,3,3,4,4,5,5]', 'output': 'true', 'explanation': 'nums can be split into the following subsequences:\n[1,2,3,3,4,4,5,5] --> 1, 2, 3, 4, 5\n[1,2,3,3,4,4,5,5] --> 3, 4, 5'}, {'id': 3, 'input': 'nums = [1,2,3,4,4,5]', 'output': 'false', 'explanation': 'It is impossible to split nums into consecutive increasing subsequences of length 3 or more.'}], topics: [Array], problem_statement: You are given an integer array nums that is sorted in non-decreasing order.

Determine if it is possible to split nums into one or more subsequences such that both of the following conditions are true:
- Each subsequence is a consecutive increasing sequence (i.e. each integer is exactly one more than the previous integer).
- All subsequences have a length of 3 or more.

Return true if you can split nums according to the above conditions, or false otherwise.

A subsequence of an array is a new array that is formed from the original array by deleting some (can be none) of the elements without disturbing the relative positions of the remaining elements. (i.e., [1,3,5] is a subsequence of [1,2,3,4,5] while [1,3,2] is not)., title: Split Array into Consecutive Subsequences, constraints: [1 <= nums.length <= 10^4, -1000 <= nums[i] <= 1000, nums is sorted in non-decreasing order.]})"
"(:Problem {difficulty: Easy, examples: [{'id': 1, 'input': 'items = [[""phone"",""blue"",""pixel""],[""computer"",""silver"",""lenovo""],[""phone"",""gold"",""iphone""]], ruleKey = ""color"", ruleValue = ""silver""', 'output': '1', 'explanation': 'There is only one item matching the given rule, which is [""computer"",""silver"",""lenovo""].'}, {'id': 2, 'input': 'items = [[""phone"",""blue"",""pixel""],[""computer"",""silver"",""phone""],[""phone"",""gold"",""iphone""]], ruleKey = ""type"", ruleValue = ""phone""', 'output': '2', 'explanation': 'There are only two items matching the given rule, which are [""phone"",""blue"",""pixel""] and [""phone"",""gold"",""iphone""]. Note that the item [""computer"",""silver"",""phone""] does not match.'}], topics: [Array, String], problem_statement: You are given an array items, where each items[i] = [typei, colori, namei] describes the type, color, and name of the ith item. You are also given a rule represented by two strings, ruleKey and ruleValue.

The ith item is said to match the rule if one of the following is true:
- ruleKey == ""type"" and ruleValue == typei.
- ruleKey == ""color"" and ruleValue == colori.
- ruleKey == ""name"" and ruleValue == namei.

Return the number of items that match the given rule., title: Count Items Matching a Rule, constraints: [1 <= items.length <= 10^4, 1 <= typei.length, colori.length, namei.length, ruleValue.length <= 10, ruleKey is equal to either ""type"", ""color"", or ""name""., All strings consist only of lowercase letters.]})",[:SIMILAR_TOPIC {shared_topic: Array}],"(:Problem {difficulty: Medium, examples: [{'id': 1, 'input': 'arr = [3,3,3,3,5,5,5,2,2,7]', 'output': '2', 'explanation': 'Choosing {3,7} will make the new array [5,5,5,2,2] which has size 5 (i.e equal to half of the size of the old array).\nPossible sets of size 2 are {3,5},{3,2},{5,2}.\nChoosing set {2,7} is not possible as it will make the new array [3,3,3,3,5,5,5] which has a size greater than half of the size of the old array.'}, {'id': 2, 'input': 'arr = [7,7,7,7,7,7]', 'output': '1', 'explanation': 'The only possible set you can choose is {7}. This will make the new array empty.'}], topics: [Array], problem_statement: You are given an integer array arr. You can choose a set of integers and remove all the occurrences of these integers in the array.

Return the minimum size of the set so that at least half of the integers of the array are removed., title: Reduce Array Size to The Half, constraints: [2 <= arr.length <= 10^5, arr.length is even., 1 <= arr[i] <= 10^5]})"
"(:Problem {difficulty: Easy, examples: [{'id': 1, 'input': 'items = [[""phone"",""blue"",""pixel""],[""computer"",""silver"",""lenovo""],[""phone"",""gold"",""iphone""]], ruleKey = ""color"", ruleValue = ""silver""', 'output': '1', 'explanation': 'There is only one item matching the given rule, which is [""computer"",""silver"",""lenovo""].'}, {'id': 2, 'input': 'items = [[""phone"",""blue"",""pixel""],[""computer"",""silver"",""phone""],[""phone"",""gold"",""iphone""]], ruleKey = ""type"", ruleValue = ""phone""', 'output': '2', 'explanation': 'There are only two items matching the given rule, which are [""phone"",""blue"",""pixel""] and [""phone"",""gold"",""iphone""]. Note that the item [""computer"",""silver"",""phone""] does not match.'}], topics: [Array, String], problem_statement: You are given an array items, where each items[i] = [typei, colori, namei] describes the type, color, and name of the ith item. You are also given a rule represented by two strings, ruleKey and ruleValue.

The ith item is said to match the rule if one of the following is true:
- ruleKey == ""type"" and ruleValue == typei.
- ruleKey == ""color"" and ruleValue == colori.
- ruleKey == ""name"" and ruleValue == namei.

Return the number of items that match the given rule., title: Count Items Matching a Rule, constraints: [1 <= items.length <= 10^4, 1 <= typei.length, colori.length, namei.length, ruleValue.length <= 10, ruleKey is equal to either ""type"", ""color"", or ""name""., All strings consist only of lowercase letters.]})",[:SIMILAR_TOPIC {shared_topic: String}],"(:Problem {difficulty: Hard, examples: [{'id': 1, 'input': 's = ""ADOBECODEBANC"", t = ""ABC""', 'output': '""BANC""', 'explanation': 'The minimum window substring ""BANC"" includes \'A\', \'B\', and \'C\' from string t.'}, {'id': 2, 'input': 's = ""a"", t = ""a""', 'output': '""a""', 'explanation': 'The entire string s is the minimum window.'}, {'id': 3, 'input': 's = ""a"", t = ""aa""', 'output': '""""', 'explanation': ""Both 'a's from t must be included in the window.\nSince the largest window of s only has one 'a', return empty string.""}], topics: [String], problem_statement: Given two strings s and t of lengths m and n respectively, return the minimum window substring of s such that every character in t (including duplicates) is included in the window. If there is no such substring, return the empty string """".

The testcases will be generated such that the answer is unique., title: Minimum Window Substring, constraints: [m == s.length, n == t.length, 1 <= m, n <= 10^5, s and t consist of uppercase and lowercase English letters.]})"
"(:Problem {difficulty: Easy, examples: [{'id': 1, 'input': 'nums = [0,1,2,3,4], index = [0,1,2,2,1]', 'output': '[0,4,1,3,2]', 'explanation': 'nums       index     target\n0            0        [0]\n1            1        [0,1]\n2            2        [0,1,2]\n3            2        [0,1,3,2]\n4            1        [0,4,1,3,2]'}, {'id': 2, 'input': 'nums = [1,2,3,4,0], index = [0,1,2,3,0]', 'output': '[0,1,2,3,4]', 'explanation': 'nums       index     target\n1            0        [1]\n2            1        [1,2]\n3            2        [1,2,3]\n4            3        [1,2,3,4]\n0            0        [0,1,2,3,4]'}, {'id': 3, 'input': 'nums = [1], index = [0]', 'output': '[1]', 'explanation': None}], topics: [Array, Simulation], problem_statement: Given two arrays of integers nums and index. Your task is to create target array under the following rules:
- Initially target array is empty.
- From left to right read nums[i] and index[i], insert at index index[i] the value nums[i] in target array.
- Repeat the previous step until there are no elements to read in nums and index.
Return the target array.
It is guaranteed that the insertion operations will be valid., title: Create Target Array in the Given Order, constraints: [1 <= nums.length, index.length <= 100, nums.length == index.length, 0 <= nums[i] <= 100, 0 <= index[i] <= i]})",[:BELONGS_TO_TOPIC],(:Topic {name: Array})
"(:Problem {difficulty: Easy, examples: [{'id': 1, 'input': 'nums = [0,1,2,3,4], index = [0,1,2,2,1]', 'output': '[0,4,1,3,2]', 'explanation': 'nums       index     target\n0            0        [0]\n1            1        [0,1]\n2            2        [0,1,2]\n3            2        [0,1,3,2]\n4            1        [0,4,1,3,2]'}, {'id': 2, 'input': 'nums = [1,2,3,4,0], index = [0,1,2,3,0]', 'output': '[0,1,2,3,4]', 'explanation': 'nums       index     target\n1            0        [1]\n2            1        [1,2]\n3            2        [1,2,3]\n4            3        [1,2,3,4]\n0            0        [0,1,2,3,4]'}, {'id': 3, 'input': 'nums = [1], index = [0]', 'output': '[1]', 'explanation': None}], topics: [Array, Simulation], problem_statement: Given two arrays of integers nums and index. Your task is to create target array under the following rules:
- Initially target array is empty.
- From left to right read nums[i] and index[i], insert at index index[i] the value nums[i] in target array.
- Repeat the previous step until there are no elements to read in nums and index.
Return the target array.
It is guaranteed that the insertion operations will be valid., title: Create Target Array in the Given Order, constraints: [1 <= nums.length, index.length <= 100, nums.length == index.length, 0 <= nums[i] <= 100, 0 <= index[i] <= i]})",[:BELONGS_TO_TOPIC],(:Topic {name: Simulation})
"(:Problem {difficulty: Easy, examples: [{'id': 1, 'input': 'nums = [0,1,2,3,4], index = [0,1,2,2,1]', 'output': '[0,4,1,3,2]', 'explanation': 'nums       index     target\n0            0        [0]\n1            1        [0,1]\n2            2        [0,1,2]\n3            2        [0,1,3,2]\n4            1        [0,4,1,3,2]'}, {'id': 2, 'input': 'nums = [1,2,3,4,0], index = [0,1,2,3,0]', 'output': '[0,1,2,3,4]', 'explanation': 'nums       index     target\n1            0        [1]\n2            1        [1,2]\n3            2        [1,2,3]\n4            3        [1,2,3,4]\n0            0        [0,1,2,3,4]'}, {'id': 3, 'input': 'nums = [1], index = [0]', 'output': '[1]', 'explanation': None}], topics: [Array, Simulation], problem_statement: Given two arrays of integers nums and index. Your task is to create target array under the following rules:
- Initially target array is empty.
- From left to right read nums[i] and index[i], insert at index index[i] the value nums[i] in target array.
- Repeat the previous step until there are no elements to read in nums and index.
Return the target array.
It is guaranteed that the insertion operations will be valid., title: Create Target Array in the Given Order, constraints: [1 <= nums.length, index.length <= 100, nums.length == index.length, 0 <= nums[i] <= 100, 0 <= index[i] <= i]})",[:HAS_DIFFICULTY],(:Difficulty {level: Easy})
"(:Problem {difficulty: Easy, examples: [{'id': 1, 'input': 'nums = [0,1,2,3,4], index = [0,1,2,2,1]', 'output': '[0,4,1,3,2]', 'explanation': 'nums       index     target\n0            0        [0]\n1            1        [0,1]\n2            2        [0,1,2]\n3            2        [0,1,3,2]\n4            1        [0,4,1,3,2]'}, {'id': 2, 'input': 'nums = [1,2,3,4,0], index = [0,1,2,3,0]', 'output': '[0,1,2,3,4]', 'explanation': 'nums       index     target\n1            0        [1]\n2            1        [1,2]\n3            2        [1,2,3]\n4            3        [1,2,3,4]\n0            0        [0,1,2,3,4]'}, {'id': 3, 'input': 'nums = [1], index = [0]', 'output': '[1]', 'explanation': None}], topics: [Array, Simulation], problem_statement: Given two arrays of integers nums and index. Your task is to create target array under the following rules:
- Initially target array is empty.
- From left to right read nums[i] and index[i], insert at index index[i] the value nums[i] in target array.
- Repeat the previous step until there are no elements to read in nums and index.
Return the target array.
It is guaranteed that the insertion operations will be valid., title: Create Target Array in the Given Order, constraints: [1 <= nums.length, index.length <= 100, nums.length == index.length, 0 <= nums[i] <= 100, 0 <= index[i] <= i]})",[:HAS_SOLUTION],"(:Solution {code: class Solution {
public:
    vector<int> createTargetArray(vector<int>& v1, vector<int>& v2) {
        int n = v2.size();
        vector<int> r;
        for(int i = 0; i < n; i++)
        {
            r.insert(r.begin() + v2[i], v1[i]);
        }
        return r;
    }
};, language: C++, approach: Standard})"
"(:Problem {difficulty: Easy, examples: [{'id': 1, 'input': 'nums = [0,1,2,3,4], index = [0,1,2,2,1]', 'output': '[0,4,1,3,2]', 'explanation': 'nums       index     target\n0            0        [0]\n1            1        [0,1]\n2            2        [0,1,2]\n3            2        [0,1,3,2]\n4            1        [0,4,1,3,2]'}, {'id': 2, 'input': 'nums = [1,2,3,4,0], index = [0,1,2,3,0]', 'output': '[0,1,2,3,4]', 'explanation': 'nums       index     target\n1            0        [1]\n2            1        [1,2]\n3            2        [1,2,3]\n4            3        [1,2,3,4]\n0            0        [0,1,2,3,4]'}, {'id': 3, 'input': 'nums = [1], index = [0]', 'output': '[1]', 'explanation': None}], topics: [Array, Simulation], problem_statement: Given two arrays of integers nums and index. Your task is to create target array under the following rules:
- Initially target array is empty.
- From left to right read nums[i] and index[i], insert at index index[i] the value nums[i] in target array.
- Repeat the previous step until there are no elements to read in nums and index.
Return the target array.
It is guaranteed that the insertion operations will be valid., title: Create Target Array in the Given Order, constraints: [1 <= nums.length, index.length <= 100, nums.length == index.length, 0 <= nums[i] <= 100, 0 <= index[i] <= i]})",[:HAS_TIME_COMPLEXITY],"(:TimeComplexity {complexity: $O(n^2)$, explanation: The time complexity is $O(n^2)$ because the `insert` operation on a vector can take linear time. In the worst case, inserting an element at the beginning of the vector requires shifting all existing elements, which takes $O(k)$ time for a vector of size $k$. Since this is done inside a loop that runs $n$ times, the total time complexity is the sum of $1 + 2 + ... + n$, which is $O(n^2)$. The space complexity is $O(n)$ to store the target array which will have $n$ elements.})"
"(:Problem {difficulty: Easy, examples: [{'id': 1, 'input': 'nums = [0,1,2,3,4], index = [0,1,2,2,1]', 'output': '[0,4,1,3,2]', 'explanation': 'nums       index     target\n0            0        [0]\n1            1        [0,1]\n2            2        [0,1,2]\n3            2        [0,1,3,2]\n4            1        [0,4,1,3,2]'}, {'id': 2, 'input': 'nums = [1,2,3,4,0], index = [0,1,2,3,0]', 'output': '[0,1,2,3,4]', 'explanation': 'nums       index     target\n1            0        [1]\n2            1        [1,2]\n3            2        [1,2,3]\n4            3        [1,2,3,4]\n0            0        [0,1,2,3,4]'}, {'id': 3, 'input': 'nums = [1], index = [0]', 'output': '[1]', 'explanation': None}], topics: [Array, Simulation], problem_statement: Given two arrays of integers nums and index. Your task is to create target array under the following rules:
- Initially target array is empty.
- From left to right read nums[i] and index[i], insert at index index[i] the value nums[i] in target array.
- Repeat the previous step until there are no elements to read in nums and index.
Return the target array.
It is guaranteed that the insertion operations will be valid., title: Create Target Array in the Given Order, constraints: [1 <= nums.length, index.length <= 100, nums.length == index.length, 0 <= nums[i] <= 100, 0 <= index[i] <= i]})",[:HAS_SPACE_COMPLEXITY],"(:SpaceComplexity {complexity: $O(n)$, explanation: The time complexity is $O(n^2)$ because the `insert` operation on a vector can take linear time. In the worst case, inserting an element at the beginning of the vector requires shifting all existing elements, which takes $O(k)$ time for a vector of size $k$. Since this is done inside a loop that runs $n$ times, the total time complexity is the sum of $1 + 2 + ... + n$, which is $O(n^2)$. The space complexity is $O(n)$ to store the target array which will have $n$ elements.})"
"(:Problem {difficulty: Easy, examples: [{'id': 1, 'input': 'nums = [0,1,2,3,4], index = [0,1,2,2,1]', 'output': '[0,4,1,3,2]', 'explanation': 'nums       index     target\n0            0        [0]\n1            1        [0,1]\n2            2        [0,1,2]\n3            2        [0,1,3,2]\n4            1        [0,4,1,3,2]'}, {'id': 2, 'input': 'nums = [1,2,3,4,0], index = [0,1,2,3,0]', 'output': '[0,1,2,3,4]', 'explanation': 'nums       index     target\n1            0        [1]\n2            1        [1,2]\n3            2        [1,2,3]\n4            3        [1,2,3,4]\n0            0        [0,1,2,3,4]'}, {'id': 3, 'input': 'nums = [1], index = [0]', 'output': '[1]', 'explanation': None}], topics: [Array, Simulation], problem_statement: Given two arrays of integers nums and index. Your task is to create target array under the following rules:
- Initially target array is empty.
- From left to right read nums[i] and index[i], insert at index index[i] the value nums[i] in target array.
- Repeat the previous step until there are no elements to read in nums and index.
Return the target array.
It is guaranteed that the insertion operations will be valid., title: Create Target Array in the Given Order, constraints: [1 <= nums.length, index.length <= 100, nums.length == index.length, 0 <= nums[i] <= 100, 0 <= index[i] <= i]})",[:SIMILAR_TOPIC {shared_topic: Array}],"(:Problem {difficulty: Easy, examples: [{'id': 1, 'input': 'sentence = ""thequickbrownfoxjumpsoverthelazydog""', 'output': 'true', 'explanation': 'sentence contains at least one of every letter of the English alphabet.'}, {'id': 2, 'input': 'sentence = ""leetcode""', 'output': 'false', 'explanation': None}], topics: [Array, Hash Table, String], problem_statement: A pangram is a sentence where every letter of the English alphabet appears at least once. Given a string sentence containing only lowercase English letters, return true if sentence is a pangram, or false otherwise., title: Check if the Sentence Is Pangram, constraints: [1 <= sentence.length <= 1000, sentence consists of lowercase English letters.]})"
"(:Problem {difficulty: Easy, examples: [{'id': 1, 'input': 'nums = [0,1,2,3,4], index = [0,1,2,2,1]', 'output': '[0,4,1,3,2]', 'explanation': 'nums       index     target\n0            0        [0]\n1            1        [0,1]\n2            2        [0,1,2]\n3            2        [0,1,3,2]\n4            1        [0,4,1,3,2]'}, {'id': 2, 'input': 'nums = [1,2,3,4,0], index = [0,1,2,3,0]', 'output': '[0,1,2,3,4]', 'explanation': 'nums       index     target\n1            0        [1]\n2            1        [1,2]\n3            2        [1,2,3]\n4            3        [1,2,3,4]\n0            0        [0,1,2,3,4]'}, {'id': 3, 'input': 'nums = [1], index = [0]', 'output': '[1]', 'explanation': None}], topics: [Array, Simulation], problem_statement: Given two arrays of integers nums and index. Your task is to create target array under the following rules:
- Initially target array is empty.
- From left to right read nums[i] and index[i], insert at index index[i] the value nums[i] in target array.
- Repeat the previous step until there are no elements to read in nums and index.
Return the target array.
It is guaranteed that the insertion operations will be valid., title: Create Target Array in the Given Order, constraints: [1 <= nums.length, index.length <= 100, nums.length == index.length, 0 <= nums[i] <= 100, 0 <= index[i] <= i]})",[:SIMILAR_TOPIC {shared_topic: Array}],"(:Problem {difficulty: Easy, examples: [{'id': 1, 'input': 'items = [[""phone"",""blue"",""pixel""],[""computer"",""silver"",""lenovo""],[""phone"",""gold"",""iphone""]], ruleKey = ""color"", ruleValue = ""silver""', 'output': '1', 'explanation': 'There is only one item matching the given rule, which is [""computer"",""silver"",""lenovo""].'}, {'id': 2, 'input': 'items = [[""phone"",""blue"",""pixel""],[""computer"",""silver"",""phone""],[""phone"",""gold"",""iphone""]], ruleKey = ""type"", ruleValue = ""phone""', 'output': '2', 'explanation': 'There are only two items matching the given rule, which are [""phone"",""blue"",""pixel""] and [""phone"",""gold"",""iphone""]. Note that the item [""computer"",""silver"",""phone""] does not match.'}], topics: [Array, String], problem_statement: You are given an array items, where each items[i] = [typei, colori, namei] describes the type, color, and name of the ith item. You are also given a rule represented by two strings, ruleKey and ruleValue.

The ith item is said to match the rule if one of the following is true:
- ruleKey == ""type"" and ruleValue == typei.
- ruleKey == ""color"" and ruleValue == colori.
- ruleKey == ""name"" and ruleValue == namei.

Return the number of items that match the given rule., title: Count Items Matching a Rule, constraints: [1 <= items.length <= 10^4, 1 <= typei.length, colori.length, namei.length, ruleValue.length <= 10, ruleKey is equal to either ""type"", ""color"", or ""name""., All strings consist only of lowercase letters.]})"
"(:Problem {difficulty: Easy, examples: [{'id': 1, 'input': 'nums = [0,1,2,3,4], index = [0,1,2,2,1]', 'output': '[0,4,1,3,2]', 'explanation': 'nums       index     target\n0            0        [0]\n1            1        [0,1]\n2            2        [0,1,2]\n3            2        [0,1,3,2]\n4            1        [0,4,1,3,2]'}, {'id': 2, 'input': 'nums = [1,2,3,4,0], index = [0,1,2,3,0]', 'output': '[0,1,2,3,4]', 'explanation': 'nums       index     target\n1            0        [1]\n2            1        [1,2]\n3            2        [1,2,3]\n4            3        [1,2,3,4]\n0            0        [0,1,2,3,4]'}, {'id': 3, 'input': 'nums = [1], index = [0]', 'output': '[1]', 'explanation': None}], topics: [Array, Simulation], problem_statement: Given two arrays of integers nums and index. Your task is to create target array under the following rules:
- Initially target array is empty.
- From left to right read nums[i] and index[i], insert at index index[i] the value nums[i] in target array.
- Repeat the previous step until there are no elements to read in nums and index.
Return the target array.
It is guaranteed that the insertion operations will be valid., title: Create Target Array in the Given Order, constraints: [1 <= nums.length, index.length <= 100, nums.length == index.length, 0 <= nums[i] <= 100, 0 <= index[i] <= i]})",[:SIMILAR_TOPIC {shared_topic: Array}],"(:Problem {difficulty: Easy, examples: [{'id': 1, 'input': 'n = 5, start = 0', 'output': '8', 'explanation': 'Array nums is equal to [0, 2, 4, 6, 8] where (0 ^ 2 ^ 4 ^ 6 ^ 8) = 8.\nWhere ""^"" corresponds to bitwise XOR operator.'}, {'id': 2, 'input': 'n = 4, start = 3', 'output': '8', 'explanation': 'Array nums is equal to [3, 5, 7, 9] where (3 ^ 5 ^ 7 ^ 9) = 8.'}], topics: [Bit Manipulation, Array, Math], problem_statement: You are given an integer n and an integer start.

Define an array nums where nums[i] = start + 2 * i (0-indexed) and n == nums.length.

Return the bitwise XOR of all elements of nums., title: XOR Operation in an Array, constraints: [1 <= n <= 1000, 0 <= start <= 1000, n == nums.length]})"
"(:Problem {difficulty: Easy, examples: [{'id': 1, 'input': 'nums = [0,1,2,3,4], index = [0,1,2,2,1]', 'output': '[0,4,1,3,2]', 'explanation': 'nums       index     target\n0            0        [0]\n1            1        [0,1]\n2            2        [0,1,2]\n3            2        [0,1,3,2]\n4            1        [0,4,1,3,2]'}, {'id': 2, 'input': 'nums = [1,2,3,4,0], index = [0,1,2,3,0]', 'output': '[0,1,2,3,4]', 'explanation': 'nums       index     target\n1            0        [1]\n2            1        [1,2]\n3            2        [1,2,3]\n4            3        [1,2,3,4]\n0            0        [0,1,2,3,4]'}, {'id': 3, 'input': 'nums = [1], index = [0]', 'output': '[1]', 'explanation': None}], topics: [Array, Simulation], problem_statement: Given two arrays of integers nums and index. Your task is to create target array under the following rules:
- Initially target array is empty.
- From left to right read nums[i] and index[i], insert at index index[i] the value nums[i] in target array.
- Repeat the previous step until there are no elements to read in nums and index.
Return the target array.
It is guaranteed that the insertion operations will be valid., title: Create Target Array in the Given Order, constraints: [1 <= nums.length, index.length <= 100, nums.length == index.length, 0 <= nums[i] <= 100, 0 <= index[i] <= i]})",[:SIMILAR_TOPIC {shared_topic: Array}],"(:Problem {difficulty: Easy, examples: [{'id': 1, 'input': 'cost = [10,15,20]', 'output': '15', 'explanation': 'You will start at index 1.\n- Pay 15 and climb two steps to reach the top.\nThe total cost is 15.'}, {'id': 2, 'input': 'cost = [1,100,1,1,1,100,1,1,100,1]', 'output': '6', 'explanation': 'You will start at index 0.\n- Pay 1 and climb two steps to reach index 2.\n- Pay 1 and climb two steps to reach index 4.\n- Pay 1 and climb two steps to reach index 6.\n- Pay 1 and climb one step to reach index 7.\n- Pay 1 and climb two steps to reach index 9.\n- Pay 1 and climb one step to reach the top.\nThe total cost is 6.'}], topics: [Dynamic Programming, Array], problem_statement: You are given an integer array cost where cost[i] is the cost of ith step on a staircase. Once you pay the cost, you can either climb one or two steps.

You can either start from the step with index 0, or the step with index 1.

Return the minimum cost to reach the top of the floor., title: Min Cost Climbing Stairs, constraints: [2 <= cost.length <= 1000, 0 <= cost[i] <= 999]})"
"(:Problem {difficulty: Easy, examples: [{'id': 1, 'input': 'nums = [0,1,2,3,4], index = [0,1,2,2,1]', 'output': '[0,4,1,3,2]', 'explanation': 'nums       index     target\n0            0        [0]\n1            1        [0,1]\n2            2        [0,1,2]\n3            2        [0,1,3,2]\n4            1        [0,4,1,3,2]'}, {'id': 2, 'input': 'nums = [1,2,3,4,0], index = [0,1,2,3,0]', 'output': '[0,1,2,3,4]', 'explanation': 'nums       index     target\n1            0        [1]\n2            1        [1,2]\n3            2        [1,2,3]\n4            3        [1,2,3,4]\n0            0        [0,1,2,3,4]'}, {'id': 3, 'input': 'nums = [1], index = [0]', 'output': '[1]', 'explanation': None}], topics: [Array, Simulation], problem_statement: Given two arrays of integers nums and index. Your task is to create target array under the following rules:
- Initially target array is empty.
- From left to right read nums[i] and index[i], insert at index index[i] the value nums[i] in target array.
- Repeat the previous step until there are no elements to read in nums and index.
Return the target array.
It is guaranteed that the insertion operations will be valid., title: Create Target Array in the Given Order, constraints: [1 <= nums.length, index.length <= 100, nums.length == index.length, 0 <= nums[i] <= 100, 0 <= index[i] <= i]})",[:SIMILAR_TOPIC {shared_topic: Array}],"(:Problem {difficulty: Easy, examples: [{'id': 1, 'input': 'rowIndex = 3', 'output': '[1,3,3,1]'}, {'id': 2, 'input': 'rowIndex = 0', 'output': '[1]'}, {'id': 3, 'input': 'rowIndex = 1', 'output': '[1,1]'}], topics: [Array, Dynamic Programming], problem_statement: Given an integer rowIndex, return the rowIndexth (0-indexed) row of the Pascal's triangle.

In Pascal's triangle, each number is the sum of the two numbers directly above it., title: Pascal's Triangle II, constraints: [0 <= rowIndex <= 33]})"
"(:Problem {difficulty: Easy, examples: [{'id': 1, 'input': 'nums = [0,1,2,3,4], index = [0,1,2,2,1]', 'output': '[0,4,1,3,2]', 'explanation': 'nums       index     target\n0            0        [0]\n1            1        [0,1]\n2            2        [0,1,2]\n3            2        [0,1,3,2]\n4            1        [0,4,1,3,2]'}, {'id': 2, 'input': 'nums = [1,2,3,4,0], index = [0,1,2,3,0]', 'output': '[0,1,2,3,4]', 'explanation': 'nums       index     target\n1            0        [1]\n2            1        [1,2]\n3            2        [1,2,3]\n4            3        [1,2,3,4]\n0            0        [0,1,2,3,4]'}, {'id': 3, 'input': 'nums = [1], index = [0]', 'output': '[1]', 'explanation': None}], topics: [Array, Simulation], problem_statement: Given two arrays of integers nums and index. Your task is to create target array under the following rules:
- Initially target array is empty.
- From left to right read nums[i] and index[i], insert at index index[i] the value nums[i] in target array.
- Repeat the previous step until there are no elements to read in nums and index.
Return the target array.
It is guaranteed that the insertion operations will be valid., title: Create Target Array in the Given Order, constraints: [1 <= nums.length, index.length <= 100, nums.length == index.length, 0 <= nums[i] <= 100, 0 <= index[i] <= i]})",[:SIMILAR_TOPIC {shared_topic: Array}],"(:Problem {difficulty: Medium, examples: [{'id': 1, 'input': 'nums = [1,2,3,3,4,5]', 'output': 'true', 'explanation': 'nums can be split into the following subsequences:\n[1,2,3,3,4,5] --> 1, 2, 3\n[1,2,3,3,4,5] --> 3, 4, 5'}, {'id': 2, 'input': 'nums = [1,2,3,3,4,4,5,5]', 'output': 'true', 'explanation': 'nums can be split into the following subsequences:\n[1,2,3,3,4,4,5,5] --> 1, 2, 3, 4, 5\n[1,2,3,3,4,4,5,5] --> 3, 4, 5'}, {'id': 3, 'input': 'nums = [1,2,3,4,4,5]', 'output': 'false', 'explanation': 'It is impossible to split nums into consecutive increasing subsequences of length 3 or more.'}], topics: [Array], problem_statement: You are given an integer array nums that is sorted in non-decreasing order.

Determine if it is possible to split nums into one or more subsequences such that both of the following conditions are true:
- Each subsequence is a consecutive increasing sequence (i.e. each integer is exactly one more than the previous integer).
- All subsequences have a length of 3 or more.

Return true if you can split nums according to the above conditions, or false otherwise.

A subsequence of an array is a new array that is formed from the original array by deleting some (can be none) of the elements without disturbing the relative positions of the remaining elements. (i.e., [1,3,5] is a subsequence of [1,2,3,4,5] while [1,3,2] is not)., title: Split Array into Consecutive Subsequences, constraints: [1 <= nums.length <= 10^4, -1000 <= nums[i] <= 1000, nums is sorted in non-decreasing order.]})"
"(:Problem {difficulty: Easy, examples: [{'id': 1, 'input': 'nums = [0,1,2,3,4], index = [0,1,2,2,1]', 'output': '[0,4,1,3,2]', 'explanation': 'nums       index     target\n0            0        [0]\n1            1        [0,1]\n2            2        [0,1,2]\n3            2        [0,1,3,2]\n4            1        [0,4,1,3,2]'}, {'id': 2, 'input': 'nums = [1,2,3,4,0], index = [0,1,2,3,0]', 'output': '[0,1,2,3,4]', 'explanation': 'nums       index     target\n1            0        [1]\n2            1        [1,2]\n3            2        [1,2,3]\n4            3        [1,2,3,4]\n0            0        [0,1,2,3,4]'}, {'id': 3, 'input': 'nums = [1], index = [0]', 'output': '[1]', 'explanation': None}], topics: [Array, Simulation], problem_statement: Given two arrays of integers nums and index. Your task is to create target array under the following rules:
- Initially target array is empty.
- From left to right read nums[i] and index[i], insert at index index[i] the value nums[i] in target array.
- Repeat the previous step until there are no elements to read in nums and index.
Return the target array.
It is guaranteed that the insertion operations will be valid., title: Create Target Array in the Given Order, constraints: [1 <= nums.length, index.length <= 100, nums.length == index.length, 0 <= nums[i] <= 100, 0 <= index[i] <= i]})",[:SIMILAR_TOPIC {shared_topic: Array}],"(:Problem {difficulty: Medium, examples: [{'id': 1, 'input': 'arr = [3,3,3,3,5,5,5,2,2,7]', 'output': '2', 'explanation': 'Choosing {3,7} will make the new array [5,5,5,2,2] which has size 5 (i.e equal to half of the size of the old array).\nPossible sets of size 2 are {3,5},{3,2},{5,2}.\nChoosing set {2,7} is not possible as it will make the new array [3,3,3,3,5,5,5] which has a size greater than half of the size of the old array.'}, {'id': 2, 'input': 'arr = [7,7,7,7,7,7]', 'output': '1', 'explanation': 'The only possible set you can choose is {7}. This will make the new array empty.'}], topics: [Array], problem_statement: You are given an integer array arr. You can choose a set of integers and remove all the occurrences of these integers in the array.

Return the minimum size of the set so that at least half of the integers of the array are removed., title: Reduce Array Size to The Half, constraints: [2 <= arr.length <= 10^5, arr.length is even., 1 <= arr[i] <= 10^5]})"
"(:Problem {difficulty: Easy, examples: [{'id': 1, 'input': 'n = 5, start = 0', 'output': '8', 'explanation': 'Array nums is equal to [0, 2, 4, 6, 8] where (0 ^ 2 ^ 4 ^ 6 ^ 8) = 8.\nWhere ""^"" corresponds to bitwise XOR operator.'}, {'id': 2, 'input': 'n = 4, start = 3', 'output': '8', 'explanation': 'Array nums is equal to [3, 5, 7, 9] where (3 ^ 5 ^ 7 ^ 9) = 8.'}], topics: [Bit Manipulation, Array, Math], problem_statement: You are given an integer n and an integer start.

Define an array nums where nums[i] = start + 2 * i (0-indexed) and n == nums.length.

Return the bitwise XOR of all elements of nums., title: XOR Operation in an Array, constraints: [1 <= n <= 1000, 0 <= start <= 1000, n == nums.length]})",[:BELONGS_TO_TOPIC],(:Topic {name: Array})
"(:Problem {difficulty: Easy, examples: [{'id': 1, 'input': 'n = 5, start = 0', 'output': '8', 'explanation': 'Array nums is equal to [0, 2, 4, 6, 8] where (0 ^ 2 ^ 4 ^ 6 ^ 8) = 8.\nWhere ""^"" corresponds to bitwise XOR operator.'}, {'id': 2, 'input': 'n = 4, start = 3', 'output': '8', 'explanation': 'Array nums is equal to [3, 5, 7, 9] where (3 ^ 5 ^ 7 ^ 9) = 8.'}], topics: [Bit Manipulation, Array, Math], problem_statement: You are given an integer n and an integer start.

Define an array nums where nums[i] = start + 2 * i (0-indexed) and n == nums.length.

Return the bitwise XOR of all elements of nums., title: XOR Operation in an Array, constraints: [1 <= n <= 1000, 0 <= start <= 1000, n == nums.length]})",[:BELONGS_TO_TOPIC],(:Topic {name: Bit Manipulation})
"(:Problem {difficulty: Easy, examples: [{'id': 1, 'input': 'n = 5, start = 0', 'output': '8', 'explanation': 'Array nums is equal to [0, 2, 4, 6, 8] where (0 ^ 2 ^ 4 ^ 6 ^ 8) = 8.\nWhere ""^"" corresponds to bitwise XOR operator.'}, {'id': 2, 'input': 'n = 4, start = 3', 'output': '8', 'explanation': 'Array nums is equal to [3, 5, 7, 9] where (3 ^ 5 ^ 7 ^ 9) = 8.'}], topics: [Bit Manipulation, Array, Math], problem_statement: You are given an integer n and an integer start.

Define an array nums where nums[i] = start + 2 * i (0-indexed) and n == nums.length.

Return the bitwise XOR of all elements of nums., title: XOR Operation in an Array, constraints: [1 <= n <= 1000, 0 <= start <= 1000, n == nums.length]})",[:BELONGS_TO_TOPIC],(:Topic {name: Math})
"(:Problem {difficulty: Easy, examples: [{'id': 1, 'input': 'n = 5, start = 0', 'output': '8', 'explanation': 'Array nums is equal to [0, 2, 4, 6, 8] where (0 ^ 2 ^ 4 ^ 6 ^ 8) = 8.\nWhere ""^"" corresponds to bitwise XOR operator.'}, {'id': 2, 'input': 'n = 4, start = 3', 'output': '8', 'explanation': 'Array nums is equal to [3, 5, 7, 9] where (3 ^ 5 ^ 7 ^ 9) = 8.'}], topics: [Bit Manipulation, Array, Math], problem_statement: You are given an integer n and an integer start.

Define an array nums where nums[i] = start + 2 * i (0-indexed) and n == nums.length.

Return the bitwise XOR of all elements of nums., title: XOR Operation in an Array, constraints: [1 <= n <= 1000, 0 <= start <= 1000, n == nums.length]})",[:HAS_DIFFICULTY],(:Difficulty {level: Easy})
"(:Problem {difficulty: Easy, examples: [{'id': 1, 'input': 'n = 5, start = 0', 'output': '8', 'explanation': 'Array nums is equal to [0, 2, 4, 6, 8] where (0 ^ 2 ^ 4 ^ 6 ^ 8) = 8.\nWhere ""^"" corresponds to bitwise XOR operator.'}, {'id': 2, 'input': 'n = 4, start = 3', 'output': '8', 'explanation': 'Array nums is equal to [3, 5, 7, 9] where (3 ^ 5 ^ 7 ^ 9) = 8.'}], topics: [Bit Manipulation, Array, Math], problem_statement: You are given an integer n and an integer start.

Define an array nums where nums[i] = start + 2 * i (0-indexed) and n == nums.length.

Return the bitwise XOR of all elements of nums., title: XOR Operation in an Array, constraints: [1 <= n <= 1000, 0 <= start <= 1000, n == nums.length]})",[:HAS_SOLUTION],"(:Solution {code: class Solution {
public:
    int xorOperation(int n, int start) {
        int x = start;
        for(int i = 1; i < n; i++)
        {
            x = x ^ (start + 2*i);
        }
        return x;
    }
};, language: C++, approach: Standard})"
"(:Problem {difficulty: Easy, examples: [{'id': 1, 'input': 'n = 5, start = 0', 'output': '8', 'explanation': 'Array nums is equal to [0, 2, 4, 6, 8] where (0 ^ 2 ^ 4 ^ 6 ^ 8) = 8.\nWhere ""^"" corresponds to bitwise XOR operator.'}, {'id': 2, 'input': 'n = 4, start = 3', 'output': '8', 'explanation': 'Array nums is equal to [3, 5, 7, 9] where (3 ^ 5 ^ 7 ^ 9) = 8.'}], topics: [Bit Manipulation, Array, Math], problem_statement: You are given an integer n and an integer start.

Define an array nums where nums[i] = start + 2 * i (0-indexed) and n == nums.length.

Return the bitwise XOR of all elements of nums., title: XOR Operation in an Array, constraints: [1 <= n <= 1000, 0 <= start <= 1000, n == nums.length]})",[:HAS_SOLUTION],"(:Solution {code: class Solution:
    def xorOperation(self, n: int, start: int) -> int:
        x = start
        for i in range(1, n):
            x = x ^ (start + 2*i)
        return x, language: Python, approach: Standard})"
"(:Problem {difficulty: Easy, examples: [{'id': 1, 'input': 'n = 5, start = 0', 'output': '8', 'explanation': 'Array nums is equal to [0, 2, 4, 6, 8] where (0 ^ 2 ^ 4 ^ 6 ^ 8) = 8.\nWhere ""^"" corresponds to bitwise XOR operator.'}, {'id': 2, 'input': 'n = 4, start = 3', 'output': '8', 'explanation': 'Array nums is equal to [3, 5, 7, 9] where (3 ^ 5 ^ 7 ^ 9) = 8.'}], topics: [Bit Manipulation, Array, Math], problem_statement: You are given an integer n and an integer start.

Define an array nums where nums[i] = start + 2 * i (0-indexed) and n == nums.length.

Return the bitwise XOR of all elements of nums., title: XOR Operation in an Array, constraints: [1 <= n <= 1000, 0 <= start <= 1000, n == nums.length]})",[:HAS_TIME_COMPLEXITY],"(:TimeComplexity {complexity: $O(n)$, explanation: The time complexity is $O(n)$ because the solution involves a single loop that iterates from 1 to n-1. The operations inside the loop are constant time. The space complexity is $O(1)$ because the algorithm only uses a few variables to store the result and the loop counter, without creating the full array in memory. The space used is constant regardless of the input size 'n'.})"
"(:Problem {difficulty: Easy, examples: [{'id': 1, 'input': 'n = 5, start = 0', 'output': '8', 'explanation': 'Array nums is equal to [0, 2, 4, 6, 8] where (0 ^ 2 ^ 4 ^ 6 ^ 8) = 8.\nWhere ""^"" corresponds to bitwise XOR operator.'}, {'id': 2, 'input': 'n = 4, start = 3', 'output': '8', 'explanation': 'Array nums is equal to [3, 5, 7, 9] where (3 ^ 5 ^ 7 ^ 9) = 8.'}], topics: [Bit Manipulation, Array, Math], problem_statement: You are given an integer n and an integer start.

Define an array nums where nums[i] = start + 2 * i (0-indexed) and n == nums.length.

Return the bitwise XOR of all elements of nums., title: XOR Operation in an Array, constraints: [1 <= n <= 1000, 0 <= start <= 1000, n == nums.length]})",[:HAS_SPACE_COMPLEXITY],"(:SpaceComplexity {complexity: $O(1)$, explanation: The time complexity is $O(n)$ because the solution involves a single loop that iterates from 1 to n-1. The operations inside the loop are constant time. The space complexity is $O(1)$ because the algorithm only uses a few variables to store the result and the loop counter, without creating the full array in memory. The space used is constant regardless of the input size 'n'.})"
"(:Problem {difficulty: Easy, examples: [{'id': 1, 'input': 'n = 5, start = 0', 'output': '8', 'explanation': 'Array nums is equal to [0, 2, 4, 6, 8] where (0 ^ 2 ^ 4 ^ 6 ^ 8) = 8.\nWhere ""^"" corresponds to bitwise XOR operator.'}, {'id': 2, 'input': 'n = 4, start = 3', 'output': '8', 'explanation': 'Array nums is equal to [3, 5, 7, 9] where (3 ^ 5 ^ 7 ^ 9) = 8.'}], topics: [Bit Manipulation, Array, Math], problem_statement: You are given an integer n and an integer start.

Define an array nums where nums[i] = start + 2 * i (0-indexed) and n == nums.length.

Return the bitwise XOR of all elements of nums., title: XOR Operation in an Array, constraints: [1 <= n <= 1000, 0 <= start <= 1000, n == nums.length]})",[:SIMILAR_TOPIC {shared_topic: Array}],"(:Problem {difficulty: Easy, examples: [{'id': 1, 'input': 'sentence = ""thequickbrownfoxjumpsoverthelazydog""', 'output': 'true', 'explanation': 'sentence contains at least one of every letter of the English alphabet.'}, {'id': 2, 'input': 'sentence = ""leetcode""', 'output': 'false', 'explanation': None}], topics: [Array, Hash Table, String], problem_statement: A pangram is a sentence where every letter of the English alphabet appears at least once. Given a string sentence containing only lowercase English letters, return true if sentence is a pangram, or false otherwise., title: Check if the Sentence Is Pangram, constraints: [1 <= sentence.length <= 1000, sentence consists of lowercase English letters.]})"
"(:Problem {difficulty: Easy, examples: [{'id': 1, 'input': 'n = 5, start = 0', 'output': '8', 'explanation': 'Array nums is equal to [0, 2, 4, 6, 8] where (0 ^ 2 ^ 4 ^ 6 ^ 8) = 8.\nWhere ""^"" corresponds to bitwise XOR operator.'}, {'id': 2, 'input': 'n = 4, start = 3', 'output': '8', 'explanation': 'Array nums is equal to [3, 5, 7, 9] where (3 ^ 5 ^ 7 ^ 9) = 8.'}], topics: [Bit Manipulation, Array, Math], problem_statement: You are given an integer n and an integer start.

Define an array nums where nums[i] = start + 2 * i (0-indexed) and n == nums.length.

Return the bitwise XOR of all elements of nums., title: XOR Operation in an Array, constraints: [1 <= n <= 1000, 0 <= start <= 1000, n == nums.length]})",[:SIMILAR_TOPIC {shared_topic: Array}],"(:Problem {difficulty: Easy, examples: [{'id': 1, 'input': 'items = [[""phone"",""blue"",""pixel""],[""computer"",""silver"",""lenovo""],[""phone"",""gold"",""iphone""]], ruleKey = ""color"", ruleValue = ""silver""', 'output': '1', 'explanation': 'There is only one item matching the given rule, which is [""computer"",""silver"",""lenovo""].'}, {'id': 2, 'input': 'items = [[""phone"",""blue"",""pixel""],[""computer"",""silver"",""phone""],[""phone"",""gold"",""iphone""]], ruleKey = ""type"", ruleValue = ""phone""', 'output': '2', 'explanation': 'There are only two items matching the given rule, which are [""phone"",""blue"",""pixel""] and [""phone"",""gold"",""iphone""]. Note that the item [""computer"",""silver"",""phone""] does not match.'}], topics: [Array, String], problem_statement: You are given an array items, where each items[i] = [typei, colori, namei] describes the type, color, and name of the ith item. You are also given a rule represented by two strings, ruleKey and ruleValue.

The ith item is said to match the rule if one of the following is true:
- ruleKey == ""type"" and ruleValue == typei.
- ruleKey == ""color"" and ruleValue == colori.
- ruleKey == ""name"" and ruleValue == namei.

Return the number of items that match the given rule., title: Count Items Matching a Rule, constraints: [1 <= items.length <= 10^4, 1 <= typei.length, colori.length, namei.length, ruleValue.length <= 10, ruleKey is equal to either ""type"", ""color"", or ""name""., All strings consist only of lowercase letters.]})"
"(:Problem {difficulty: Easy, examples: [{'id': 1, 'input': 'n = 5, start = 0', 'output': '8', 'explanation': 'Array nums is equal to [0, 2, 4, 6, 8] where (0 ^ 2 ^ 4 ^ 6 ^ 8) = 8.\nWhere ""^"" corresponds to bitwise XOR operator.'}, {'id': 2, 'input': 'n = 4, start = 3', 'output': '8', 'explanation': 'Array nums is equal to [3, 5, 7, 9] where (3 ^ 5 ^ 7 ^ 9) = 8.'}], topics: [Bit Manipulation, Array, Math], problem_statement: You are given an integer n and an integer start.

Define an array nums where nums[i] = start + 2 * i (0-indexed) and n == nums.length.

Return the bitwise XOR of all elements of nums., title: XOR Operation in an Array, constraints: [1 <= n <= 1000, 0 <= start <= 1000, n == nums.length]})",[:SIMILAR_TOPIC {shared_topic: Array}],"(:Problem {difficulty: Easy, examples: [{'id': 1, 'input': 'nums = [0,1,2,3,4], index = [0,1,2,2,1]', 'output': '[0,4,1,3,2]', 'explanation': 'nums       index     target\n0            0        [0]\n1            1        [0,1]\n2            2        [0,1,2]\n3            2        [0,1,3,2]\n4            1        [0,4,1,3,2]'}, {'id': 2, 'input': 'nums = [1,2,3,4,0], index = [0,1,2,3,0]', 'output': '[0,1,2,3,4]', 'explanation': 'nums       index     target\n1            0        [1]\n2            1        [1,2]\n3            2        [1,2,3]\n4            3        [1,2,3,4]\n0            0        [0,1,2,3,4]'}, {'id': 3, 'input': 'nums = [1], index = [0]', 'output': '[1]', 'explanation': None}], topics: [Array, Simulation], problem_statement: Given two arrays of integers nums and index. Your task is to create target array under the following rules:
- Initially target array is empty.
- From left to right read nums[i] and index[i], insert at index index[i] the value nums[i] in target array.
- Repeat the previous step until there are no elements to read in nums and index.
Return the target array.
It is guaranteed that the insertion operations will be valid., title: Create Target Array in the Given Order, constraints: [1 <= nums.length, index.length <= 100, nums.length == index.length, 0 <= nums[i] <= 100, 0 <= index[i] <= i]})"
"(:Problem {difficulty: Easy, examples: [{'id': 1, 'input': 'n = 5, start = 0', 'output': '8', 'explanation': 'Array nums is equal to [0, 2, 4, 6, 8] where (0 ^ 2 ^ 4 ^ 6 ^ 8) = 8.\nWhere ""^"" corresponds to bitwise XOR operator.'}, {'id': 2, 'input': 'n = 4, start = 3', 'output': '8', 'explanation': 'Array nums is equal to [3, 5, 7, 9] where (3 ^ 5 ^ 7 ^ 9) = 8.'}], topics: [Bit Manipulation, Array, Math], problem_statement: You are given an integer n and an integer start.

Define an array nums where nums[i] = start + 2 * i (0-indexed) and n == nums.length.

Return the bitwise XOR of all elements of nums., title: XOR Operation in an Array, constraints: [1 <= n <= 1000, 0 <= start <= 1000, n == nums.length]})",[:SIMILAR_TOPIC {shared_topic: Math}],"(:Problem {difficulty: Easy, examples: [{'id': 1, 'input': 'n = 2', 'output': '2', 'explanation': 'There are two ways to climb to the top.\n1. 1 step + 1 step\n2. 2 steps'}, {'id': 2, 'input': 'n = 3', 'output': '3', 'explanation': 'There are three ways to climb to the top.\n1. 1 step + 1 step + 1 step\n2. 1 step + 2 steps\n3. 2 steps + 1 step'}], topics: [Dynamic Programming, Math, Memoization], problem_statement: You are climbing a staircase. It takes n steps to reach the top.

Each time you can either climb 1 or 2 steps. In how many distinct ways can you climb to the top?, title: Climbing Stairs, constraints: [1 <= n <= 45]})"
"(:Problem {difficulty: Easy, examples: [{'id': 1, 'input': 'n = 5, start = 0', 'output': '8', 'explanation': 'Array nums is equal to [0, 2, 4, 6, 8] where (0 ^ 2 ^ 4 ^ 6 ^ 8) = 8.\nWhere ""^"" corresponds to bitwise XOR operator.'}, {'id': 2, 'input': 'n = 4, start = 3', 'output': '8', 'explanation': 'Array nums is equal to [3, 5, 7, 9] where (3 ^ 5 ^ 7 ^ 9) = 8.'}], topics: [Bit Manipulation, Array, Math], problem_statement: You are given an integer n and an integer start.

Define an array nums where nums[i] = start + 2 * i (0-indexed) and n == nums.length.

Return the bitwise XOR of all elements of nums., title: XOR Operation in an Array, constraints: [1 <= n <= 1000, 0 <= start <= 1000, n == nums.length]})",[:SIMILAR_TOPIC {shared_topic: Bit Manipulation}],"(:Problem {difficulty: Easy, examples: [{'id': 1, 'input': 'n = 2', 'output': '[0,1,1]', 'explanation': '0 --> 0\n1 --> 1\n2 --> 10'}, {'id': 2, 'input': 'n = 5', 'output': '[0,1,1,2,1,2]', 'explanation': '0 --> 0\n1 --> 1\n2 --> 10\n3 --> 11\n4 --> 100\n5 --> 101'}], topics: [Dynamic Programming, Bit Manipulation], problem_statement: Given an integer n, return an array ans of length n + 1 such that for each i (0 <= i <= n), ans[i] is the number of 1's in the binary representation of i., title: Counting Bits, constraints: [0 <= n <= 10^5]})"
"(:Problem {difficulty: Easy, examples: [{'id': 1, 'input': 'n = 5, start = 0', 'output': '8', 'explanation': 'Array nums is equal to [0, 2, 4, 6, 8] where (0 ^ 2 ^ 4 ^ 6 ^ 8) = 8.\nWhere ""^"" corresponds to bitwise XOR operator.'}, {'id': 2, 'input': 'n = 4, start = 3', 'output': '8', 'explanation': 'Array nums is equal to [3, 5, 7, 9] where (3 ^ 5 ^ 7 ^ 9) = 8.'}], topics: [Bit Manipulation, Array, Math], problem_statement: You are given an integer n and an integer start.

Define an array nums where nums[i] = start + 2 * i (0-indexed) and n == nums.length.

Return the bitwise XOR of all elements of nums., title: XOR Operation in an Array, constraints: [1 <= n <= 1000, 0 <= start <= 1000, n == nums.length]})",[:SIMILAR_TOPIC {shared_topic: Array}],"(:Problem {difficulty: Easy, examples: [{'id': 1, 'input': 'cost = [10,15,20]', 'output': '15', 'explanation': 'You will start at index 1.\n- Pay 15 and climb two steps to reach the top.\nThe total cost is 15.'}, {'id': 2, 'input': 'cost = [1,100,1,1,1,100,1,1,100,1]', 'output': '6', 'explanation': 'You will start at index 0.\n- Pay 1 and climb two steps to reach index 2.\n- Pay 1 and climb two steps to reach index 4.\n- Pay 1 and climb two steps to reach index 6.\n- Pay 1 and climb one step to reach index 7.\n- Pay 1 and climb two steps to reach index 9.\n- Pay 1 and climb one step to reach the top.\nThe total cost is 6.'}], topics: [Dynamic Programming, Array], problem_statement: You are given an integer array cost where cost[i] is the cost of ith step on a staircase. Once you pay the cost, you can either climb one or two steps.

You can either start from the step with index 0, or the step with index 1.

Return the minimum cost to reach the top of the floor., title: Min Cost Climbing Stairs, constraints: [2 <= cost.length <= 1000, 0 <= cost[i] <= 999]})"
"(:Problem {difficulty: Easy, examples: [{'id': 1, 'input': 'n = 5, start = 0', 'output': '8', 'explanation': 'Array nums is equal to [0, 2, 4, 6, 8] where (0 ^ 2 ^ 4 ^ 6 ^ 8) = 8.\nWhere ""^"" corresponds to bitwise XOR operator.'}, {'id': 2, 'input': 'n = 4, start = 3', 'output': '8', 'explanation': 'Array nums is equal to [3, 5, 7, 9] where (3 ^ 5 ^ 7 ^ 9) = 8.'}], topics: [Bit Manipulation, Array, Math], problem_statement: You are given an integer n and an integer start.

Define an array nums where nums[i] = start + 2 * i (0-indexed) and n == nums.length.

Return the bitwise XOR of all elements of nums., title: XOR Operation in an Array, constraints: [1 <= n <= 1000, 0 <= start <= 1000, n == nums.length]})",[:SIMILAR_TOPIC {shared_topic: Array}],"(:Problem {difficulty: Easy, examples: [{'id': 1, 'input': 'rowIndex = 3', 'output': '[1,3,3,1]'}, {'id': 2, 'input': 'rowIndex = 0', 'output': '[1]'}, {'id': 3, 'input': 'rowIndex = 1', 'output': '[1,1]'}], topics: [Array, Dynamic Programming], problem_statement: Given an integer rowIndex, return the rowIndexth (0-indexed) row of the Pascal's triangle.

In Pascal's triangle, each number is the sum of the two numbers directly above it., title: Pascal's Triangle II, constraints: [0 <= rowIndex <= 33]})"
"(:Problem {difficulty: Easy, examples: [{'id': 1, 'input': 'n = 5, start = 0', 'output': '8', 'explanation': 'Array nums is equal to [0, 2, 4, 6, 8] where (0 ^ 2 ^ 4 ^ 6 ^ 8) = 8.\nWhere ""^"" corresponds to bitwise XOR operator.'}, {'id': 2, 'input': 'n = 4, start = 3', 'output': '8', 'explanation': 'Array nums is equal to [3, 5, 7, 9] where (3 ^ 5 ^ 7 ^ 9) = 8.'}], topics: [Bit Manipulation, Array, Math], problem_statement: You are given an integer n and an integer start.

Define an array nums where nums[i] = start + 2 * i (0-indexed) and n == nums.length.

Return the bitwise XOR of all elements of nums., title: XOR Operation in an Array, constraints: [1 <= n <= 1000, 0 <= start <= 1000, n == nums.length]})",[:SIMILAR_TOPIC {shared_topic: Bit Manipulation}],"(:Problem {difficulty: Easy, examples: [{'id': 1, 'input': 'head = [1,0,1]', 'output': '5', 'explanation': '(101) in base 2 = (5) in base 10'}, {'id': 2, 'input': 'head = [0]', 'output': '0', 'explanation': None}], topics: [Linked List, Bit Manipulation, Math], problem_statement: Given head which is a reference node to a singly-linked list. The value of each node in the linked list is either 0 or 1. The linked list holds the binary representation of a number.

Return the decimal value of the number in the linked list.

The most significant bit is at the head of the linked list., title: Convert Binary Number in a Linked List to Integer, constraints: [The Linked List is not empty., Number of nodes will not exceed 30., Each node's value is either 0 or 1.]})"
"(:Problem {difficulty: Easy, examples: [{'id': 1, 'input': 'n = 5, start = 0', 'output': '8', 'explanation': 'Array nums is equal to [0, 2, 4, 6, 8] where (0 ^ 2 ^ 4 ^ 6 ^ 8) = 8.\nWhere ""^"" corresponds to bitwise XOR operator.'}, {'id': 2, 'input': 'n = 4, start = 3', 'output': '8', 'explanation': 'Array nums is equal to [3, 5, 7, 9] where (3 ^ 5 ^ 7 ^ 9) = 8.'}], topics: [Bit Manipulation, Array, Math], problem_statement: You are given an integer n and an integer start.

Define an array nums where nums[i] = start + 2 * i (0-indexed) and n == nums.length.

Return the bitwise XOR of all elements of nums., title: XOR Operation in an Array, constraints: [1 <= n <= 1000, 0 <= start <= 1000, n == nums.length]})",[:SIMILAR_TOPIC {shared_topic: Math}],"(:Problem {difficulty: Easy, examples: [{'id': 1, 'input': 'head = [1,0,1]', 'output': '5', 'explanation': '(101) in base 2 = (5) in base 10'}, {'id': 2, 'input': 'head = [0]', 'output': '0', 'explanation': None}], topics: [Linked List, Bit Manipulation, Math], problem_statement: Given head which is a reference node to a singly-linked list. The value of each node in the linked list is either 0 or 1. The linked list holds the binary representation of a number.

Return the decimal value of the number in the linked list.

The most significant bit is at the head of the linked list., title: Convert Binary Number in a Linked List to Integer, constraints: [The Linked List is not empty., Number of nodes will not exceed 30., Each node's value is either 0 or 1.]})"
"(:Problem {difficulty: Easy, examples: [{'id': 1, 'input': 'n = 5, start = 0', 'output': '8', 'explanation': 'Array nums is equal to [0, 2, 4, 6, 8] where (0 ^ 2 ^ 4 ^ 6 ^ 8) = 8.\nWhere ""^"" corresponds to bitwise XOR operator.'}, {'id': 2, 'input': 'n = 4, start = 3', 'output': '8', 'explanation': 'Array nums is equal to [3, 5, 7, 9] where (3 ^ 5 ^ 7 ^ 9) = 8.'}], topics: [Bit Manipulation, Array, Math], problem_statement: You are given an integer n and an integer start.

Define an array nums where nums[i] = start + 2 * i (0-indexed) and n == nums.length.

Return the bitwise XOR of all elements of nums., title: XOR Operation in an Array, constraints: [1 <= n <= 1000, 0 <= start <= 1000, n == nums.length]})",[:SIMILAR_TOPIC {shared_topic: Math}],"(:Problem {difficulty: Easy, examples: [{'id': 1, 'input': 'num = 38', 'output': '2', 'explanation': 'The process is\n38 --> 3 + 8 --> 11\n11 --> 1 + 1 --> 2 \nSince 2 has only one digit, return it.'}, {'id': 2, 'input': 'num = 0', 'output': '0', 'explanation': None}], topics: [Math], problem_statement: Given an integer num, repeatedly add all its digits until the result has only one digit, and return it., title: Add Digits, constraints: [0 <= num <= 2^31 - 1]})"
"(:Problem {difficulty: Easy, examples: [{'id': 1, 'input': 'n = 5, start = 0', 'output': '8', 'explanation': 'Array nums is equal to [0, 2, 4, 6, 8] where (0 ^ 2 ^ 4 ^ 6 ^ 8) = 8.\nWhere ""^"" corresponds to bitwise XOR operator.'}, {'id': 2, 'input': 'n = 4, start = 3', 'output': '8', 'explanation': 'Array nums is equal to [3, 5, 7, 9] where (3 ^ 5 ^ 7 ^ 9) = 8.'}], topics: [Bit Manipulation, Array, Math], problem_statement: You are given an integer n and an integer start.

Define an array nums where nums[i] = start + 2 * i (0-indexed) and n == nums.length.

Return the bitwise XOR of all elements of nums., title: XOR Operation in an Array, constraints: [1 <= n <= 1000, 0 <= start <= 1000, n == nums.length]})",[:SIMILAR_TOPIC {shared_topic: Math}],"(:Problem {difficulty: Easy, examples: [{'id': 1, 'input': 'n = 19', 'output': 'true', 'explanation': '1^2 + 9^2 = 82\n8^2 + 2^2 = 68\n6^2 + 8^2 = 100\n1^2 + 0^2 + 0^2 = 1'}, {'id': 2, 'input': 'n = 2', 'output': 'false', 'explanation': None}], topics: [Math], problem_statement: Write an algorithm to determine if a number n is happy.

A happy number is a number defined by the following process:
- Starting with any positive integer, replace the number by the sum of the squares of its digits.
- Repeat the process until the number equals 1 (where it will stay), or it loops endlessly in a cycle which does not include 1.
- Those numbers for which this process ends in 1 are happy.

Return true if n is a happy number, and false if not., title: Happy Number, constraints: [1 <= n <= 2^31 - 1]})"
"(:Problem {difficulty: Easy, examples: [{'id': 1, 'input': 'n = 5, start = 0', 'output': '8', 'explanation': 'Array nums is equal to [0, 2, 4, 6, 8] where (0 ^ 2 ^ 4 ^ 6 ^ 8) = 8.\nWhere ""^"" corresponds to bitwise XOR operator.'}, {'id': 2, 'input': 'n = 4, start = 3', 'output': '8', 'explanation': 'Array nums is equal to [3, 5, 7, 9] where (3 ^ 5 ^ 7 ^ 9) = 8.'}], topics: [Bit Manipulation, Array, Math], problem_statement: You are given an integer n and an integer start.

Define an array nums where nums[i] = start + 2 * i (0-indexed) and n == nums.length.

Return the bitwise XOR of all elements of nums., title: XOR Operation in an Array, constraints: [1 <= n <= 1000, 0 <= start <= 1000, n == nums.length]})",[:SIMILAR_TOPIC {shared_topic: Array}],"(:Problem {difficulty: Medium, examples: [{'id': 1, 'input': 'nums = [1,2,3,3,4,5]', 'output': 'true', 'explanation': 'nums can be split into the following subsequences:\n[1,2,3,3,4,5] --> 1, 2, 3\n[1,2,3,3,4,5] --> 3, 4, 5'}, {'id': 2, 'input': 'nums = [1,2,3,3,4,4,5,5]', 'output': 'true', 'explanation': 'nums can be split into the following subsequences:\n[1,2,3,3,4,4,5,5] --> 1, 2, 3, 4, 5\n[1,2,3,3,4,4,5,5] --> 3, 4, 5'}, {'id': 3, 'input': 'nums = [1,2,3,4,4,5]', 'output': 'false', 'explanation': 'It is impossible to split nums into consecutive increasing subsequences of length 3 or more.'}], topics: [Array], problem_statement: You are given an integer array nums that is sorted in non-decreasing order.

Determine if it is possible to split nums into one or more subsequences such that both of the following conditions are true:
- Each subsequence is a consecutive increasing sequence (i.e. each integer is exactly one more than the previous integer).
- All subsequences have a length of 3 or more.

Return true if you can split nums according to the above conditions, or false otherwise.

A subsequence of an array is a new array that is formed from the original array by deleting some (can be none) of the elements without disturbing the relative positions of the remaining elements. (i.e., [1,3,5] is a subsequence of [1,2,3,4,5] while [1,3,2] is not)., title: Split Array into Consecutive Subsequences, constraints: [1 <= nums.length <= 10^4, -1000 <= nums[i] <= 1000, nums is sorted in non-decreasing order.]})"
"(:Problem {difficulty: Easy, examples: [{'id': 1, 'input': 'n = 5, start = 0', 'output': '8', 'explanation': 'Array nums is equal to [0, 2, 4, 6, 8] where (0 ^ 2 ^ 4 ^ 6 ^ 8) = 8.\nWhere ""^"" corresponds to bitwise XOR operator.'}, {'id': 2, 'input': 'n = 4, start = 3', 'output': '8', 'explanation': 'Array nums is equal to [3, 5, 7, 9] where (3 ^ 5 ^ 7 ^ 9) = 8.'}], topics: [Bit Manipulation, Array, Math], problem_statement: You are given an integer n and an integer start.

Define an array nums where nums[i] = start + 2 * i (0-indexed) and n == nums.length.

Return the bitwise XOR of all elements of nums., title: XOR Operation in an Array, constraints: [1 <= n <= 1000, 0 <= start <= 1000, n == nums.length]})",[:SIMILAR_TOPIC {shared_topic: Array}],"(:Problem {difficulty: Medium, examples: [{'id': 1, 'input': 'arr = [3,3,3,3,5,5,5,2,2,7]', 'output': '2', 'explanation': 'Choosing {3,7} will make the new array [5,5,5,2,2] which has size 5 (i.e equal to half of the size of the old array).\nPossible sets of size 2 are {3,5},{3,2},{5,2}.\nChoosing set {2,7} is not possible as it will make the new array [3,3,3,3,5,5,5] which has a size greater than half of the size of the old array.'}, {'id': 2, 'input': 'arr = [7,7,7,7,7,7]', 'output': '1', 'explanation': 'The only possible set you can choose is {7}. This will make the new array empty.'}], topics: [Array], problem_statement: You are given an integer array arr. You can choose a set of integers and remove all the occurrences of these integers in the array.

Return the minimum size of the set so that at least half of the integers of the array are removed., title: Reduce Array Size to The Half, constraints: [2 <= arr.length <= 10^5, arr.length is even., 1 <= arr[i] <= 10^5]})"
"(:Problem {difficulty: Easy, examples: [{'id': 1, 'input': 'n = 5, start = 0', 'output': '8', 'explanation': 'Array nums is equal to [0, 2, 4, 6, 8] where (0 ^ 2 ^ 4 ^ 6 ^ 8) = 8.\nWhere ""^"" corresponds to bitwise XOR operator.'}, {'id': 2, 'input': 'n = 4, start = 3', 'output': '8', 'explanation': 'Array nums is equal to [3, 5, 7, 9] where (3 ^ 5 ^ 7 ^ 9) = 8.'}], topics: [Bit Manipulation, Array, Math], problem_statement: You are given an integer n and an integer start.

Define an array nums where nums[i] = start + 2 * i (0-indexed) and n == nums.length.

Return the bitwise XOR of all elements of nums., title: XOR Operation in an Array, constraints: [1 <= n <= 1000, 0 <= start <= 1000, n == nums.length]})",[:SIMILAR_TOPIC {shared_topic: Math}],"(:Problem {difficulty: Hard, examples: [{'id': 1, 'input': 'buckets = 4, minutesToDie = 15, minutesToTest = 15', 'output': '2', 'explanation': 'We can determine the poisonous bucket as follows:\nAt time 0, feed the first pig buckets 1 and 2, and feed the second pig buckets 2 and 3.\nAt time 15, there are 4 possible outcomes:\n- If only the first pig dies, then bucket 1 must be poisonous.\n- If only the second pig dies, then bucket 3 must be poisonous.\n- If both pigs die, then bucket 2 must be poisonous.\n- If neither pig dies, then bucket 4 must be poisonous.'}, {'id': 2, 'input': 'buckets = 4, minutesToDie = 15, minutesToTest = 30', 'output': '2', 'explanation': 'We can determine the poisonous bucket as follows:\nAt time 0, feed the first pig bucket 1, and feed the second pig bucket 2.\nAt time 15, there are 2 possible outcomes:\n- If either pig dies, then the poisonous bucket is the one it was fed.\n- If neither pig dies, then feed the first pig bucket 3, and feed the second pig bucket 4.\nAt time 30, one of the two pigs must die, and the poisonous bucket is the one it was fed.'}], topics: [Math], problem_statement: There are buckets buckets of liquid, where exactly one of the buckets is poisonous. To figure out which one is poisonous, you feed some number of (poor) pigs the liquid to see whether they will die or not. Unfortunately, you only have minutesToTest minutes to determine which bucket is poisonous.

You can feed the pigs according to these steps:
1. Choose some live pigs to feed.
2. For each pig, choose which buckets to feed it. The pig will consume all the chosen buckets simultaneously and will take no time. Each pig can feed from any number of buckets, and each bucket can be fed from by any number of pigs.
3. Wait for minutesToDie minutes. You may not feed any other pigs during this time.
4. After minutesToDie minutes have passed, any pigs that have been fed the poisonous bucket will die, and all others will survive.
5. Repeat this process until you run out of time.

Given buckets, minutesToDie, and minutesToTest, return the minimum number of pigs needed to figure out which bucket is poisonous within the allotted time., title: Poor Pigs, constraints: [1 <= buckets <= 1000, 1 <= minutesToDie <= minutesToTest <= 100]})"
"(:Problem {difficulty: Easy, examples: [{'id': 1, 'input': 'n = 2', 'output': '2', 'explanation': 'There are two ways to climb to the top.\n1. 1 step + 1 step\n2. 2 steps'}, {'id': 2, 'input': 'n = 3', 'output': '3', 'explanation': 'There are three ways to climb to the top.\n1. 1 step + 1 step + 1 step\n2. 1 step + 2 steps\n3. 2 steps + 1 step'}], topics: [Dynamic Programming, Math, Memoization], problem_statement: You are climbing a staircase. It takes n steps to reach the top.

Each time you can either climb 1 or 2 steps. In how many distinct ways can you climb to the top?, title: Climbing Stairs, constraints: [1 <= n <= 45]})",[:BELONGS_TO_TOPIC],(:Topic {name: Math})
"(:Problem {difficulty: Easy, examples: [{'id': 1, 'input': 'n = 2', 'output': '2', 'explanation': 'There are two ways to climb to the top.\n1. 1 step + 1 step\n2. 2 steps'}, {'id': 2, 'input': 'n = 3', 'output': '3', 'explanation': 'There are three ways to climb to the top.\n1. 1 step + 1 step + 1 step\n2. 1 step + 2 steps\n3. 2 steps + 1 step'}], topics: [Dynamic Programming, Math, Memoization], problem_statement: You are climbing a staircase. It takes n steps to reach the top.

Each time you can either climb 1 or 2 steps. In how many distinct ways can you climb to the top?, title: Climbing Stairs, constraints: [1 <= n <= 45]})",[:BELONGS_TO_TOPIC],(:Topic {name: Dynamic Programming})
"(:Problem {difficulty: Easy, examples: [{'id': 1, 'input': 'n = 2', 'output': '2', 'explanation': 'There are two ways to climb to the top.\n1. 1 step + 1 step\n2. 2 steps'}, {'id': 2, 'input': 'n = 3', 'output': '3', 'explanation': 'There are three ways to climb to the top.\n1. 1 step + 1 step + 1 step\n2. 1 step + 2 steps\n3. 2 steps + 1 step'}], topics: [Dynamic Programming, Math, Memoization], problem_statement: You are climbing a staircase. It takes n steps to reach the top.

Each time you can either climb 1 or 2 steps. In how many distinct ways can you climb to the top?, title: Climbing Stairs, constraints: [1 <= n <= 45]})",[:BELONGS_TO_TOPIC],(:Topic {name: Memoization})
"(:Problem {difficulty: Easy, examples: [{'id': 1, 'input': 'n = 2', 'output': '2', 'explanation': 'There are two ways to climb to the top.\n1. 1 step + 1 step\n2. 2 steps'}, {'id': 2, 'input': 'n = 3', 'output': '3', 'explanation': 'There are three ways to climb to the top.\n1. 1 step + 1 step + 1 step\n2. 1 step + 2 steps\n3. 2 steps + 1 step'}], topics: [Dynamic Programming, Math, Memoization], problem_statement: You are climbing a staircase. It takes n steps to reach the top.

Each time you can either climb 1 or 2 steps. In how many distinct ways can you climb to the top?, title: Climbing Stairs, constraints: [1 <= n <= 45]})",[:HAS_DIFFICULTY],(:Difficulty {level: Easy})
"(:Problem {difficulty: Easy, examples: [{'id': 1, 'input': 'n = 2', 'output': '2', 'explanation': 'There are two ways to climb to the top.\n1. 1 step + 1 step\n2. 2 steps'}, {'id': 2, 'input': 'n = 3', 'output': '3', 'explanation': 'There are three ways to climb to the top.\n1. 1 step + 1 step + 1 step\n2. 1 step + 2 steps\n3. 2 steps + 1 step'}], topics: [Dynamic Programming, Math, Memoization], problem_statement: You are climbing a staircase. It takes n steps to reach the top.

Each time you can either climb 1 or 2 steps. In how many distinct ways can you climb to the top?, title: Climbing Stairs, constraints: [1 <= n <= 45]})",[:HAS_SOLUTION],"(:Solution {code: class Solution {
public:
    int climbStairs(int n) {
        if (n <= 1) return 1;
        int a[n+1];
        a[0] = 1, a[1] = 1;
        for(int i = 2; i <= n; i++){
            a[i] = a[i-2] + a[i-1];
        }
        return a[n];
    }
};, language: C++, approach: Dynamic Programming (Tabulation)})"
"(:Problem {difficulty: Easy, examples: [{'id': 1, 'input': 'n = 2', 'output': '2', 'explanation': 'There are two ways to climb to the top.\n1. 1 step + 1 step\n2. 2 steps'}, {'id': 2, 'input': 'n = 3', 'output': '3', 'explanation': 'There are three ways to climb to the top.\n1. 1 step + 1 step + 1 step\n2. 1 step + 2 steps\n3. 2 steps + 1 step'}], topics: [Dynamic Programming, Math, Memoization], problem_statement: You are climbing a staircase. It takes n steps to reach the top.

Each time you can either climb 1 or 2 steps. In how many distinct ways can you climb to the top?, title: Climbing Stairs, constraints: [1 <= n <= 45]})",[:HAS_SOLUTION],"(:Solution {code: class Solution:
    def climbStairs(self, n: int) -> int:
        if n <= 1: return 1
        arr = [1, 1]
        for i in range(2, n+1):
            arr.append(arr[i-2] + arr[i-1])
        return arr[n], language: Python, approach: Dynamic Programming (Tabulation)})"
"(:Problem {difficulty: Easy, examples: [{'id': 1, 'input': 'n = 2', 'output': '2', 'explanation': 'There are two ways to climb to the top.\n1. 1 step + 1 step\n2. 2 steps'}, {'id': 2, 'input': 'n = 3', 'output': '3', 'explanation': 'There are three ways to climb to the top.\n1. 1 step + 1 step + 1 step\n2. 1 step + 2 steps\n3. 2 steps + 1 step'}], topics: [Dynamic Programming, Math, Memoization], problem_statement: You are climbing a staircase. It takes n steps to reach the top.

Each time you can either climb 1 or 2 steps. In how many distinct ways can you climb to the top?, title: Climbing Stairs, constraints: [1 <= n <= 45]})",[:HAS_SOLUTION],"(:Solution {code: class Solution {
public:
    int climbStairs(int n) {
        if(n <= 2) return n;
        int a = 1, b = 2, ans;
        for(int i = 3; i <= n; i++){
            ans = a + b;
            a = b;
            b = ans;
        }
        return ans;
    }
};, language: C++, approach: Dynamic Programming (Space Optimized)})"
"(:Problem {difficulty: Easy, examples: [{'id': 1, 'input': 'n = 2', 'output': '2', 'explanation': 'There are two ways to climb to the top.\n1. 1 step + 1 step\n2. 2 steps'}, {'id': 2, 'input': 'n = 3', 'output': '3', 'explanation': 'There are three ways to climb to the top.\n1. 1 step + 1 step + 1 step\n2. 1 step + 2 steps\n3. 2 steps + 1 step'}], topics: [Dynamic Programming, Math, Memoization], problem_statement: You are climbing a staircase. It takes n steps to reach the top.

Each time you can either climb 1 or 2 steps. In how many distinct ways can you climb to the top?, title: Climbing Stairs, constraints: [1 <= n <= 45]})",[:HAS_SOLUTION],"(:Solution {code: class Solution:
    def climbStairs(self, n: int) -> int:
        if(n <= 2): return n
        a, b, ans = 1, 2, 0
        for i in range(3, n+1):
            ans = a + b
            a = b
            b = ans
        return ans, language: Python, approach: Dynamic Programming (Space Optimized)})"
"(:Problem {difficulty: Easy, examples: [{'id': 1, 'input': 'n = 2', 'output': '2', 'explanation': 'There are two ways to climb to the top.\n1. 1 step + 1 step\n2. 2 steps'}, {'id': 2, 'input': 'n = 3', 'output': '3', 'explanation': 'There are three ways to climb to the top.\n1. 1 step + 1 step + 1 step\n2. 1 step + 2 steps\n3. 2 steps + 1 step'}], topics: [Dynamic Programming, Math, Memoization], problem_statement: You are climbing a staircase. It takes n steps to reach the top.

Each time you can either climb 1 or 2 steps. In how many distinct ways can you climb to the top?, title: Climbing Stairs, constraints: [1 <= n <= 45]})",[:SIMILAR_TOPIC {shared_topic: Math}],"(:Problem {difficulty: Easy, examples: [{'id': 1, 'input': 'n = 5, start = 0', 'output': '8', 'explanation': 'Array nums is equal to [0, 2, 4, 6, 8] where (0 ^ 2 ^ 4 ^ 6 ^ 8) = 8.\nWhere ""^"" corresponds to bitwise XOR operator.'}, {'id': 2, 'input': 'n = 4, start = 3', 'output': '8', 'explanation': 'Array nums is equal to [3, 5, 7, 9] where (3 ^ 5 ^ 7 ^ 9) = 8.'}], topics: [Bit Manipulation, Array, Math], problem_statement: You are given an integer n and an integer start.

Define an array nums where nums[i] = start + 2 * i (0-indexed) and n == nums.length.

Return the bitwise XOR of all elements of nums., title: XOR Operation in an Array, constraints: [1 <= n <= 1000, 0 <= start <= 1000, n == nums.length]})"
"(:Problem {difficulty: Easy, examples: [{'id': 1, 'input': 'n = 2', 'output': '2', 'explanation': 'There are two ways to climb to the top.\n1. 1 step + 1 step\n2. 2 steps'}, {'id': 2, 'input': 'n = 3', 'output': '3', 'explanation': 'There are three ways to climb to the top.\n1. 1 step + 1 step + 1 step\n2. 1 step + 2 steps\n3. 2 steps + 1 step'}], topics: [Dynamic Programming, Math, Memoization], problem_statement: You are climbing a staircase. It takes n steps to reach the top.

Each time you can either climb 1 or 2 steps. In how many distinct ways can you climb to the top?, title: Climbing Stairs, constraints: [1 <= n <= 45]})",[:SIMILAR_TOPIC {shared_topic: Dynamic Programming}],"(:Problem {difficulty: Easy, examples: [{'id': 1, 'input': 'n = 2', 'output': '[0,1,1]', 'explanation': '0 --> 0\n1 --> 1\n2 --> 10'}, {'id': 2, 'input': 'n = 5', 'output': '[0,1,1,2,1,2]', 'explanation': '0 --> 0\n1 --> 1\n2 --> 10\n3 --> 11\n4 --> 100\n5 --> 101'}], topics: [Dynamic Programming, Bit Manipulation], problem_statement: Given an integer n, return an array ans of length n + 1 such that for each i (0 <= i <= n), ans[i] is the number of 1's in the binary representation of i., title: Counting Bits, constraints: [0 <= n <= 10^5]})"
"(:Problem {difficulty: Easy, examples: [{'id': 1, 'input': 'n = 2', 'output': '2', 'explanation': 'There are two ways to climb to the top.\n1. 1 step + 1 step\n2. 2 steps'}, {'id': 2, 'input': 'n = 3', 'output': '3', 'explanation': 'There are three ways to climb to the top.\n1. 1 step + 1 step + 1 step\n2. 1 step + 2 steps\n3. 2 steps + 1 step'}], topics: [Dynamic Programming, Math, Memoization], problem_statement: You are climbing a staircase. It takes n steps to reach the top.

Each time you can either climb 1 or 2 steps. In how many distinct ways can you climb to the top?, title: Climbing Stairs, constraints: [1 <= n <= 45]})",[:SIMILAR_TOPIC {shared_topic: Dynamic Programming}],"(:Problem {difficulty: Easy, examples: [{'id': 1, 'input': 'cost = [10,15,20]', 'output': '15', 'explanation': 'You will start at index 1.\n- Pay 15 and climb two steps to reach the top.\nThe total cost is 15.'}, {'id': 2, 'input': 'cost = [1,100,1,1,1,100,1,1,100,1]', 'output': '6', 'explanation': 'You will start at index 0.\n- Pay 1 and climb two steps to reach index 2.\n- Pay 1 and climb two steps to reach index 4.\n- Pay 1 and climb two steps to reach index 6.\n- Pay 1 and climb one step to reach index 7.\n- Pay 1 and climb two steps to reach index 9.\n- Pay 1 and climb one step to reach the top.\nThe total cost is 6.'}], topics: [Dynamic Programming, Array], problem_statement: You are given an integer array cost where cost[i] is the cost of ith step on a staircase. Once you pay the cost, you can either climb one or two steps.

You can either start from the step with index 0, or the step with index 1.

Return the minimum cost to reach the top of the floor., title: Min Cost Climbing Stairs, constraints: [2 <= cost.length <= 1000, 0 <= cost[i] <= 999]})"
"(:Problem {difficulty: Easy, examples: [{'id': 1, 'input': 'n = 2', 'output': '2', 'explanation': 'There are two ways to climb to the top.\n1. 1 step + 1 step\n2. 2 steps'}, {'id': 2, 'input': 'n = 3', 'output': '3', 'explanation': 'There are three ways to climb to the top.\n1. 1 step + 1 step + 1 step\n2. 1 step + 2 steps\n3. 2 steps + 1 step'}], topics: [Dynamic Programming, Math, Memoization], problem_statement: You are climbing a staircase. It takes n steps to reach the top.

Each time you can either climb 1 or 2 steps. In how many distinct ways can you climb to the top?, title: Climbing Stairs, constraints: [1 <= n <= 45]})",[:SIMILAR_TOPIC {shared_topic: Dynamic Programming}],"(:Problem {difficulty: Easy, examples: [{'id': 1, 'input': 'rowIndex = 3', 'output': '[1,3,3,1]'}, {'id': 2, 'input': 'rowIndex = 0', 'output': '[1]'}, {'id': 3, 'input': 'rowIndex = 1', 'output': '[1,1]'}], topics: [Array, Dynamic Programming], problem_statement: Given an integer rowIndex, return the rowIndexth (0-indexed) row of the Pascal's triangle.

In Pascal's triangle, each number is the sum of the two numbers directly above it., title: Pascal's Triangle II, constraints: [0 <= rowIndex <= 33]})"
"(:Problem {difficulty: Easy, examples: [{'id': 1, 'input': 'n = 2', 'output': '2', 'explanation': 'There are two ways to climb to the top.\n1. 1 step + 1 step\n2. 2 steps'}, {'id': 2, 'input': 'n = 3', 'output': '3', 'explanation': 'There are three ways to climb to the top.\n1. 1 step + 1 step + 1 step\n2. 1 step + 2 steps\n3. 2 steps + 1 step'}], topics: [Dynamic Programming, Math, Memoization], problem_statement: You are climbing a staircase. It takes n steps to reach the top.

Each time you can either climb 1 or 2 steps. In how many distinct ways can you climb to the top?, title: Climbing Stairs, constraints: [1 <= n <= 45]})",[:SIMILAR_TOPIC {shared_topic: Math}],"(:Problem {difficulty: Easy, examples: [{'id': 1, 'input': 'head = [1,0,1]', 'output': '5', 'explanation': '(101) in base 2 = (5) in base 10'}, {'id': 2, 'input': 'head = [0]', 'output': '0', 'explanation': None}], topics: [Linked List, Bit Manipulation, Math], problem_statement: Given head which is a reference node to a singly-linked list. The value of each node in the linked list is either 0 or 1. The linked list holds the binary representation of a number.

Return the decimal value of the number in the linked list.

The most significant bit is at the head of the linked list., title: Convert Binary Number in a Linked List to Integer, constraints: [The Linked List is not empty., Number of nodes will not exceed 30., Each node's value is either 0 or 1.]})"
"(:Problem {difficulty: Easy, examples: [{'id': 1, 'input': 'n = 2', 'output': '2', 'explanation': 'There are two ways to climb to the top.\n1. 1 step + 1 step\n2. 2 steps'}, {'id': 2, 'input': 'n = 3', 'output': '3', 'explanation': 'There are three ways to climb to the top.\n1. 1 step + 1 step + 1 step\n2. 1 step + 2 steps\n3. 2 steps + 1 step'}], topics: [Dynamic Programming, Math, Memoization], problem_statement: You are climbing a staircase. It takes n steps to reach the top.

Each time you can either climb 1 or 2 steps. In how many distinct ways can you climb to the top?, title: Climbing Stairs, constraints: [1 <= n <= 45]})",[:SIMILAR_TOPIC {shared_topic: Math}],"(:Problem {difficulty: Easy, examples: [{'id': 1, 'input': 'num = 38', 'output': '2', 'explanation': 'The process is\n38 --> 3 + 8 --> 11\n11 --> 1 + 1 --> 2 \nSince 2 has only one digit, return it.'}, {'id': 2, 'input': 'num = 0', 'output': '0', 'explanation': None}], topics: [Math], problem_statement: Given an integer num, repeatedly add all its digits until the result has only one digit, and return it., title: Add Digits, constraints: [0 <= num <= 2^31 - 1]})"
"(:Problem {difficulty: Easy, examples: [{'id': 1, 'input': 'n = 2', 'output': '2', 'explanation': 'There are two ways to climb to the top.\n1. 1 step + 1 step\n2. 2 steps'}, {'id': 2, 'input': 'n = 3', 'output': '3', 'explanation': 'There are three ways to climb to the top.\n1. 1 step + 1 step + 1 step\n2. 1 step + 2 steps\n3. 2 steps + 1 step'}], topics: [Dynamic Programming, Math, Memoization], problem_statement: You are climbing a staircase. It takes n steps to reach the top.

Each time you can either climb 1 or 2 steps. In how many distinct ways can you climb to the top?, title: Climbing Stairs, constraints: [1 <= n <= 45]})",[:SIMILAR_TOPIC {shared_topic: Math}],"(:Problem {difficulty: Easy, examples: [{'id': 1, 'input': 'n = 19', 'output': 'true', 'explanation': '1^2 + 9^2 = 82\n8^2 + 2^2 = 68\n6^2 + 8^2 = 100\n1^2 + 0^2 + 0^2 = 1'}, {'id': 2, 'input': 'n = 2', 'output': 'false', 'explanation': None}], topics: [Math], problem_statement: Write an algorithm to determine if a number n is happy.

A happy number is a number defined by the following process:
- Starting with any positive integer, replace the number by the sum of the squares of its digits.
- Repeat the process until the number equals 1 (where it will stay), or it loops endlessly in a cycle which does not include 1.
- Those numbers for which this process ends in 1 are happy.

Return true if n is a happy number, and false if not., title: Happy Number, constraints: [1 <= n <= 2^31 - 1]})"
"(:Problem {difficulty: Easy, examples: [{'id': 1, 'input': 'n = 2', 'output': '2', 'explanation': 'There are two ways to climb to the top.\n1. 1 step + 1 step\n2. 2 steps'}, {'id': 2, 'input': 'n = 3', 'output': '3', 'explanation': 'There are three ways to climb to the top.\n1. 1 step + 1 step + 1 step\n2. 1 step + 2 steps\n3. 2 steps + 1 step'}], topics: [Dynamic Programming, Math, Memoization], problem_statement: You are climbing a staircase. It takes n steps to reach the top.

Each time you can either climb 1 or 2 steps. In how many distinct ways can you climb to the top?, title: Climbing Stairs, constraints: [1 <= n <= 45]})",[:SIMILAR_TOPIC {shared_topic: Dynamic Programming}],"(:Problem {difficulty: Hard, examples: [{'id': 1, 'input': 'k = 2, prices = [2,4,1]', 'output': '2', 'explanation': 'Buy on day 1 (price = 2) and sell on day 2 (price = 4), profit = 4-2 = 2.'}, {'id': 2, 'input': 'k = 2, prices = [3,2,6,5,0,3]', 'output': '7', 'explanation': 'Buy on day 2 (price = 2) and sell on day 3 (price = 6), profit = 6-2 = 4. Then buy on day 5 (price = 0) and sell on day 6 (price = 3), profit = 3-0 = 3.'}], topics: [Dynamic Programming], problem_statement: You are given an integer array prices where prices[i] is the price of a given stock on the ith day, and an integer k.

Find the maximum profit you can achieve. You may complete at most k transactions: i.e. you may buy at most k times and sell at most k times.

Note: You may not engage in multiple transactions simultaneously (i.e., you must sell the stock before you buy again)., title: Best Time to Buy and Sell Stock IV, constraints: [1 <= k <= 100, 1 <= prices.length <= 1000, 0 <= prices[i] <= 1000]})"
"(:Problem {difficulty: Easy, examples: [{'id': 1, 'input': 'n = 2', 'output': '2', 'explanation': 'There are two ways to climb to the top.\n1. 1 step + 1 step\n2. 2 steps'}, {'id': 2, 'input': 'n = 3', 'output': '3', 'explanation': 'There are three ways to climb to the top.\n1. 1 step + 1 step + 1 step\n2. 1 step + 2 steps\n3. 2 steps + 1 step'}], topics: [Dynamic Programming, Math, Memoization], problem_statement: You are climbing a staircase. It takes n steps to reach the top.

Each time you can either climb 1 or 2 steps. In how many distinct ways can you climb to the top?, title: Climbing Stairs, constraints: [1 <= n <= 45]})",[:SIMILAR_TOPIC {shared_topic: Dynamic Programming}],"(:Problem {difficulty: Hard, examples: [{'id': 1, 'input': 'n = 3, k = 0', 'output': '1', 'explanation': 'Only the array [1,2,3] which consists of numbers from 1 to 3 has exactly 0 inverse pairs.'}, {'id': 2, 'input': 'n = 3, k = 1', 'output': '2', 'explanation': 'The array [1,3,2] and [2,1,3] have exactly 1 inverse pair.'}], topics: [Dynamic Programming], problem_statement: For an integer array nums, an inverse pair is a pair of integers [i, j] where 0 <= i < j < nums.length and nums[i] > nums[j].

Given two integers n and k, return the number of different arrays consisting of numbers from 1 to n such that there are exactly k inverse pairs. Since the answer can be huge, return it modulo 10^9 + 7., title: K Inverse Pairs Array, constraints: [1 <= n <= 1000, 0 <= k <= 1000]})"
"(:Problem {difficulty: Easy, examples: [{'id': 1, 'input': 'n = 2', 'output': '2', 'explanation': 'There are two ways to climb to the top.\n1. 1 step + 1 step\n2. 2 steps'}, {'id': 2, 'input': 'n = 3', 'output': '3', 'explanation': 'There are three ways to climb to the top.\n1. 1 step + 1 step + 1 step\n2. 1 step + 2 steps\n3. 2 steps + 1 step'}], topics: [Dynamic Programming, Math, Memoization], problem_statement: You are climbing a staircase. It takes n steps to reach the top.

Each time you can either climb 1 or 2 steps. In how many distinct ways can you climb to the top?, title: Climbing Stairs, constraints: [1 <= n <= 45]})",[:SIMILAR_TOPIC {shared_topic: Math}],"(:Problem {difficulty: Hard, examples: [{'id': 1, 'input': 'buckets = 4, minutesToDie = 15, minutesToTest = 15', 'output': '2', 'explanation': 'We can determine the poisonous bucket as follows:\nAt time 0, feed the first pig buckets 1 and 2, and feed the second pig buckets 2 and 3.\nAt time 15, there are 4 possible outcomes:\n- If only the first pig dies, then bucket 1 must be poisonous.\n- If only the second pig dies, then bucket 3 must be poisonous.\n- If both pigs die, then bucket 2 must be poisonous.\n- If neither pig dies, then bucket 4 must be poisonous.'}, {'id': 2, 'input': 'buckets = 4, minutesToDie = 15, minutesToTest = 30', 'output': '2', 'explanation': 'We can determine the poisonous bucket as follows:\nAt time 0, feed the first pig bucket 1, and feed the second pig bucket 2.\nAt time 15, there are 2 possible outcomes:\n- If either pig dies, then the poisonous bucket is the one it was fed.\n- If neither pig dies, then feed the first pig bucket 3, and feed the second pig bucket 4.\nAt time 30, one of the two pigs must die, and the poisonous bucket is the one it was fed.'}], topics: [Math], problem_statement: There are buckets buckets of liquid, where exactly one of the buckets is poisonous. To figure out which one is poisonous, you feed some number of (poor) pigs the liquid to see whether they will die or not. Unfortunately, you only have minutesToTest minutes to determine which bucket is poisonous.

You can feed the pigs according to these steps:
1. Choose some live pigs to feed.
2. For each pig, choose which buckets to feed it. The pig will consume all the chosen buckets simultaneously and will take no time. Each pig can feed from any number of buckets, and each bucket can be fed from by any number of pigs.
3. Wait for minutesToDie minutes. You may not feed any other pigs during this time.
4. After minutesToDie minutes have passed, any pigs that have been fed the poisonous bucket will die, and all others will survive.
5. Repeat this process until you run out of time.

Given buckets, minutesToDie, and minutesToTest, return the minimum number of pigs needed to figure out which bucket is poisonous within the allotted time., title: Poor Pigs, constraints: [1 <= buckets <= 1000, 1 <= minutesToDie <= minutesToTest <= 100]})"
"(:Problem {difficulty: Easy, examples: [{'id': 1, 'input': 'n = 2', 'output': '[0,1,1]', 'explanation': '0 --> 0\n1 --> 1\n2 --> 10'}, {'id': 2, 'input': 'n = 5', 'output': '[0,1,1,2,1,2]', 'explanation': '0 --> 0\n1 --> 1\n2 --> 10\n3 --> 11\n4 --> 100\n5 --> 101'}], topics: [Dynamic Programming, Bit Manipulation], problem_statement: Given an integer n, return an array ans of length n + 1 such that for each i (0 <= i <= n), ans[i] is the number of 1's in the binary representation of i., title: Counting Bits, constraints: [0 <= n <= 10^5]})",[:BELONGS_TO_TOPIC],(:Topic {name: Bit Manipulation})
"(:Problem {difficulty: Easy, examples: [{'id': 1, 'input': 'n = 2', 'output': '[0,1,1]', 'explanation': '0 --> 0\n1 --> 1\n2 --> 10'}, {'id': 2, 'input': 'n = 5', 'output': '[0,1,1,2,1,2]', 'explanation': '0 --> 0\n1 --> 1\n2 --> 10\n3 --> 11\n4 --> 100\n5 --> 101'}], topics: [Dynamic Programming, Bit Manipulation], problem_statement: Given an integer n, return an array ans of length n + 1 such that for each i (0 <= i <= n), ans[i] is the number of 1's in the binary representation of i., title: Counting Bits, constraints: [0 <= n <= 10^5]})",[:BELONGS_TO_TOPIC],(:Topic {name: Dynamic Programming})
"(:Problem {difficulty: Easy, examples: [{'id': 1, 'input': 'n = 2', 'output': '[0,1,1]', 'explanation': '0 --> 0\n1 --> 1\n2 --> 10'}, {'id': 2, 'input': 'n = 5', 'output': '[0,1,1,2,1,2]', 'explanation': '0 --> 0\n1 --> 1\n2 --> 10\n3 --> 11\n4 --> 100\n5 --> 101'}], topics: [Dynamic Programming, Bit Manipulation], problem_statement: Given an integer n, return an array ans of length n + 1 such that for each i (0 <= i <= n), ans[i] is the number of 1's in the binary representation of i., title: Counting Bits, constraints: [0 <= n <= 10^5]})",[:HAS_DIFFICULTY],(:Difficulty {level: Easy})
"(:Problem {difficulty: Easy, examples: [{'id': 1, 'input': 'n = 2', 'output': '[0,1,1]', 'explanation': '0 --> 0\n1 --> 1\n2 --> 10'}, {'id': 2, 'input': 'n = 5', 'output': '[0,1,1,2,1,2]', 'explanation': '0 --> 0\n1 --> 1\n2 --> 10\n3 --> 11\n4 --> 100\n5 --> 101'}], topics: [Dynamic Programming, Bit Manipulation], problem_statement: Given an integer n, return an array ans of length n + 1 such that for each i (0 <= i <= n), ans[i] is the number of 1's in the binary representation of i., title: Counting Bits, constraints: [0 <= n <= 10^5]})",[:HAS_SOLUTION],"(:Solution {code: class Solution {
public:
    vector<int> countBits(int n) {
        vector<int> dp(n+1);
        dp[0] = 0;
        for(int i = 1; i < n+1; i++)
        {
            dp[i] = dp[i/2] + i%2;
        }
        return dp;
    }
};, language: C++, approach: Dynamic Programming with Bit Manipulation})"
"(:Problem {difficulty: Easy, examples: [{'id': 1, 'input': 'n = 2', 'output': '[0,1,1]', 'explanation': '0 --> 0\n1 --> 1\n2 --> 10'}, {'id': 2, 'input': 'n = 5', 'output': '[0,1,1,2,1,2]', 'explanation': '0 --> 0\n1 --> 1\n2 --> 10\n3 --> 11\n4 --> 100\n5 --> 101'}], topics: [Dynamic Programming, Bit Manipulation], problem_statement: Given an integer n, return an array ans of length n + 1 such that for each i (0 <= i <= n), ans[i] is the number of 1's in the binary representation of i., title: Counting Bits, constraints: [0 <= n <= 10^5]})",[:HAS_SOLUTION],"(:Solution {code: class Solution:
    def countBits(self, n: int) -> List[int]:
        dp = [0] * (n + 1)
        for i in range(1, n+1):
            # The Python solution provided can be simplified to the same logic as the C++ one
            # dp[i] = dp[i >> 1] + (i & 1)
            # Original provided logic:
            if i%2 == 1:
                dp[i] = dp[i-1] + 1
            else:
                dp[i] = dp[i//2]
        return dp, language: Python, approach: Dynamic Programming with Bit Manipulation})"
"(:Problem {difficulty: Easy, examples: [{'id': 1, 'input': 'n = 2', 'output': '[0,1,1]', 'explanation': '0 --> 0\n1 --> 1\n2 --> 10'}, {'id': 2, 'input': 'n = 5', 'output': '[0,1,1,2,1,2]', 'explanation': '0 --> 0\n1 --> 1\n2 --> 10\n3 --> 11\n4 --> 100\n5 --> 101'}], topics: [Dynamic Programming, Bit Manipulation], problem_statement: Given an integer n, return an array ans of length n + 1 such that for each i (0 <= i <= n), ans[i] is the number of 1's in the binary representation of i., title: Counting Bits, constraints: [0 <= n <= 10^5]})",[:SIMILAR_TOPIC {shared_topic: Bit Manipulation}],"(:Problem {difficulty: Easy, examples: [{'id': 1, 'input': 'n = 5, start = 0', 'output': '8', 'explanation': 'Array nums is equal to [0, 2, 4, 6, 8] where (0 ^ 2 ^ 4 ^ 6 ^ 8) = 8.\nWhere ""^"" corresponds to bitwise XOR operator.'}, {'id': 2, 'input': 'n = 4, start = 3', 'output': '8', 'explanation': 'Array nums is equal to [3, 5, 7, 9] where (3 ^ 5 ^ 7 ^ 9) = 8.'}], topics: [Bit Manipulation, Array, Math], problem_statement: You are given an integer n and an integer start.

Define an array nums where nums[i] = start + 2 * i (0-indexed) and n == nums.length.

Return the bitwise XOR of all elements of nums., title: XOR Operation in an Array, constraints: [1 <= n <= 1000, 0 <= start <= 1000, n == nums.length]})"
"(:Problem {difficulty: Easy, examples: [{'id': 1, 'input': 'n = 2', 'output': '[0,1,1]', 'explanation': '0 --> 0\n1 --> 1\n2 --> 10'}, {'id': 2, 'input': 'n = 5', 'output': '[0,1,1,2,1,2]', 'explanation': '0 --> 0\n1 --> 1\n2 --> 10\n3 --> 11\n4 --> 100\n5 --> 101'}], topics: [Dynamic Programming, Bit Manipulation], problem_statement: Given an integer n, return an array ans of length n + 1 such that for each i (0 <= i <= n), ans[i] is the number of 1's in the binary representation of i., title: Counting Bits, constraints: [0 <= n <= 10^5]})",[:SIMILAR_TOPIC {shared_topic: Dynamic Programming}],"(:Problem {difficulty: Easy, examples: [{'id': 1, 'input': 'n = 2', 'output': '2', 'explanation': 'There are two ways to climb to the top.\n1. 1 step + 1 step\n2. 2 steps'}, {'id': 2, 'input': 'n = 3', 'output': '3', 'explanation': 'There are three ways to climb to the top.\n1. 1 step + 1 step + 1 step\n2. 1 step + 2 steps\n3. 2 steps + 1 step'}], topics: [Dynamic Programming, Math, Memoization], problem_statement: You are climbing a staircase. It takes n steps to reach the top.

Each time you can either climb 1 or 2 steps. In how many distinct ways can you climb to the top?, title: Climbing Stairs, constraints: [1 <= n <= 45]})"
"(:Problem {difficulty: Easy, examples: [{'id': 1, 'input': 'n = 2', 'output': '[0,1,1]', 'explanation': '0 --> 0\n1 --> 1\n2 --> 10'}, {'id': 2, 'input': 'n = 5', 'output': '[0,1,1,2,1,2]', 'explanation': '0 --> 0\n1 --> 1\n2 --> 10\n3 --> 11\n4 --> 100\n5 --> 101'}], topics: [Dynamic Programming, Bit Manipulation], problem_statement: Given an integer n, return an array ans of length n + 1 such that for each i (0 <= i <= n), ans[i] is the number of 1's in the binary representation of i., title: Counting Bits, constraints: [0 <= n <= 10^5]})",[:SIMILAR_TOPIC {shared_topic: Dynamic Programming}],"(:Problem {difficulty: Easy, examples: [{'id': 1, 'input': 'cost = [10,15,20]', 'output': '15', 'explanation': 'You will start at index 1.\n- Pay 15 and climb two steps to reach the top.\nThe total cost is 15.'}, {'id': 2, 'input': 'cost = [1,100,1,1,1,100,1,1,100,1]', 'output': '6', 'explanation': 'You will start at index 0.\n- Pay 1 and climb two steps to reach index 2.\n- Pay 1 and climb two steps to reach index 4.\n- Pay 1 and climb two steps to reach index 6.\n- Pay 1 and climb one step to reach index 7.\n- Pay 1 and climb two steps to reach index 9.\n- Pay 1 and climb one step to reach the top.\nThe total cost is 6.'}], topics: [Dynamic Programming, Array], problem_statement: You are given an integer array cost where cost[i] is the cost of ith step on a staircase. Once you pay the cost, you can either climb one or two steps.

You can either start from the step with index 0, or the step with index 1.

Return the minimum cost to reach the top of the floor., title: Min Cost Climbing Stairs, constraints: [2 <= cost.length <= 1000, 0 <= cost[i] <= 999]})"
"(:Problem {difficulty: Easy, examples: [{'id': 1, 'input': 'n = 2', 'output': '[0,1,1]', 'explanation': '0 --> 0\n1 --> 1\n2 --> 10'}, {'id': 2, 'input': 'n = 5', 'output': '[0,1,1,2,1,2]', 'explanation': '0 --> 0\n1 --> 1\n2 --> 10\n3 --> 11\n4 --> 100\n5 --> 101'}], topics: [Dynamic Programming, Bit Manipulation], problem_statement: Given an integer n, return an array ans of length n + 1 such that for each i (0 <= i <= n), ans[i] is the number of 1's in the binary representation of i., title: Counting Bits, constraints: [0 <= n <= 10^5]})",[:SIMILAR_TOPIC {shared_topic: Dynamic Programming}],"(:Problem {difficulty: Easy, examples: [{'id': 1, 'input': 'rowIndex = 3', 'output': '[1,3,3,1]'}, {'id': 2, 'input': 'rowIndex = 0', 'output': '[1]'}, {'id': 3, 'input': 'rowIndex = 1', 'output': '[1,1]'}], topics: [Array, Dynamic Programming], problem_statement: Given an integer rowIndex, return the rowIndexth (0-indexed) row of the Pascal's triangle.

In Pascal's triangle, each number is the sum of the two numbers directly above it., title: Pascal's Triangle II, constraints: [0 <= rowIndex <= 33]})"
"(:Problem {difficulty: Easy, examples: [{'id': 1, 'input': 'n = 2', 'output': '[0,1,1]', 'explanation': '0 --> 0\n1 --> 1\n2 --> 10'}, {'id': 2, 'input': 'n = 5', 'output': '[0,1,1,2,1,2]', 'explanation': '0 --> 0\n1 --> 1\n2 --> 10\n3 --> 11\n4 --> 100\n5 --> 101'}], topics: [Dynamic Programming, Bit Manipulation], problem_statement: Given an integer n, return an array ans of length n + 1 such that for each i (0 <= i <= n), ans[i] is the number of 1's in the binary representation of i., title: Counting Bits, constraints: [0 <= n <= 10^5]})",[:SIMILAR_TOPIC {shared_topic: Bit Manipulation}],"(:Problem {difficulty: Easy, examples: [{'id': 1, 'input': 'head = [1,0,1]', 'output': '5', 'explanation': '(101) in base 2 = (5) in base 10'}, {'id': 2, 'input': 'head = [0]', 'output': '0', 'explanation': None}], topics: [Linked List, Bit Manipulation, Math], problem_statement: Given head which is a reference node to a singly-linked list. The value of each node in the linked list is either 0 or 1. The linked list holds the binary representation of a number.

Return the decimal value of the number in the linked list.

The most significant bit is at the head of the linked list., title: Convert Binary Number in a Linked List to Integer, constraints: [The Linked List is not empty., Number of nodes will not exceed 30., Each node's value is either 0 or 1.]})"
"(:Problem {difficulty: Easy, examples: [{'id': 1, 'input': 'n = 2', 'output': '[0,1,1]', 'explanation': '0 --> 0\n1 --> 1\n2 --> 10'}, {'id': 2, 'input': 'n = 5', 'output': '[0,1,1,2,1,2]', 'explanation': '0 --> 0\n1 --> 1\n2 --> 10\n3 --> 11\n4 --> 100\n5 --> 101'}], topics: [Dynamic Programming, Bit Manipulation], problem_statement: Given an integer n, return an array ans of length n + 1 such that for each i (0 <= i <= n), ans[i] is the number of 1's in the binary representation of i., title: Counting Bits, constraints: [0 <= n <= 10^5]})",[:SIMILAR_TOPIC {shared_topic: Dynamic Programming}],"(:Problem {difficulty: Hard, examples: [{'id': 1, 'input': 'k = 2, prices = [2,4,1]', 'output': '2', 'explanation': 'Buy on day 1 (price = 2) and sell on day 2 (price = 4), profit = 4-2 = 2.'}, {'id': 2, 'input': 'k = 2, prices = [3,2,6,5,0,3]', 'output': '7', 'explanation': 'Buy on day 2 (price = 2) and sell on day 3 (price = 6), profit = 6-2 = 4. Then buy on day 5 (price = 0) and sell on day 6 (price = 3), profit = 3-0 = 3.'}], topics: [Dynamic Programming], problem_statement: You are given an integer array prices where prices[i] is the price of a given stock on the ith day, and an integer k.

Find the maximum profit you can achieve. You may complete at most k transactions: i.e. you may buy at most k times and sell at most k times.

Note: You may not engage in multiple transactions simultaneously (i.e., you must sell the stock before you buy again)., title: Best Time to Buy and Sell Stock IV, constraints: [1 <= k <= 100, 1 <= prices.length <= 1000, 0 <= prices[i] <= 1000]})"
"(:Problem {difficulty: Easy, examples: [{'id': 1, 'input': 'n = 2', 'output': '[0,1,1]', 'explanation': '0 --> 0\n1 --> 1\n2 --> 10'}, {'id': 2, 'input': 'n = 5', 'output': '[0,1,1,2,1,2]', 'explanation': '0 --> 0\n1 --> 1\n2 --> 10\n3 --> 11\n4 --> 100\n5 --> 101'}], topics: [Dynamic Programming, Bit Manipulation], problem_statement: Given an integer n, return an array ans of length n + 1 such that for each i (0 <= i <= n), ans[i] is the number of 1's in the binary representation of i., title: Counting Bits, constraints: [0 <= n <= 10^5]})",[:SIMILAR_TOPIC {shared_topic: Dynamic Programming}],"(:Problem {difficulty: Hard, examples: [{'id': 1, 'input': 'n = 3, k = 0', 'output': '1', 'explanation': 'Only the array [1,2,3] which consists of numbers from 1 to 3 has exactly 0 inverse pairs.'}, {'id': 2, 'input': 'n = 3, k = 1', 'output': '2', 'explanation': 'The array [1,3,2] and [2,1,3] have exactly 1 inverse pair.'}], topics: [Dynamic Programming], problem_statement: For an integer array nums, an inverse pair is a pair of integers [i, j] where 0 <= i < j < nums.length and nums[i] > nums[j].

Given two integers n and k, return the number of different arrays consisting of numbers from 1 to n such that there are exactly k inverse pairs. Since the answer can be huge, return it modulo 10^9 + 7., title: K Inverse Pairs Array, constraints: [1 <= n <= 1000, 0 <= k <= 1000]})"
"(:Problem {difficulty: Easy, examples: [{'id': 1, 'input': 'cost = [10,15,20]', 'output': '15', 'explanation': 'You will start at index 1.\n- Pay 15 and climb two steps to reach the top.\nThe total cost is 15.'}, {'id': 2, 'input': 'cost = [1,100,1,1,1,100,1,1,100,1]', 'output': '6', 'explanation': 'You will start at index 0.\n- Pay 1 and climb two steps to reach index 2.\n- Pay 1 and climb two steps to reach index 4.\n- Pay 1 and climb two steps to reach index 6.\n- Pay 1 and climb one step to reach index 7.\n- Pay 1 and climb two steps to reach index 9.\n- Pay 1 and climb one step to reach the top.\nThe total cost is 6.'}], topics: [Dynamic Programming, Array], problem_statement: You are given an integer array cost where cost[i] is the cost of ith step on a staircase. Once you pay the cost, you can either climb one or two steps.

You can either start from the step with index 0, or the step with index 1.

Return the minimum cost to reach the top of the floor., title: Min Cost Climbing Stairs, constraints: [2 <= cost.length <= 1000, 0 <= cost[i] <= 999]})",[:BELONGS_TO_TOPIC],(:Topic {name: Array})
"(:Problem {difficulty: Easy, examples: [{'id': 1, 'input': 'cost = [10,15,20]', 'output': '15', 'explanation': 'You will start at index 1.\n- Pay 15 and climb two steps to reach the top.\nThe total cost is 15.'}, {'id': 2, 'input': 'cost = [1,100,1,1,1,100,1,1,100,1]', 'output': '6', 'explanation': 'You will start at index 0.\n- Pay 1 and climb two steps to reach index 2.\n- Pay 1 and climb two steps to reach index 4.\n- Pay 1 and climb two steps to reach index 6.\n- Pay 1 and climb one step to reach index 7.\n- Pay 1 and climb two steps to reach index 9.\n- Pay 1 and climb one step to reach the top.\nThe total cost is 6.'}], topics: [Dynamic Programming, Array], problem_statement: You are given an integer array cost where cost[i] is the cost of ith step on a staircase. Once you pay the cost, you can either climb one or two steps.

You can either start from the step with index 0, or the step with index 1.

Return the minimum cost to reach the top of the floor., title: Min Cost Climbing Stairs, constraints: [2 <= cost.length <= 1000, 0 <= cost[i] <= 999]})",[:BELONGS_TO_TOPIC],(:Topic {name: Dynamic Programming})
"(:Problem {difficulty: Easy, examples: [{'id': 1, 'input': 'cost = [10,15,20]', 'output': '15', 'explanation': 'You will start at index 1.\n- Pay 15 and climb two steps to reach the top.\nThe total cost is 15.'}, {'id': 2, 'input': 'cost = [1,100,1,1,1,100,1,1,100,1]', 'output': '6', 'explanation': 'You will start at index 0.\n- Pay 1 and climb two steps to reach index 2.\n- Pay 1 and climb two steps to reach index 4.\n- Pay 1 and climb two steps to reach index 6.\n- Pay 1 and climb one step to reach index 7.\n- Pay 1 and climb two steps to reach index 9.\n- Pay 1 and climb one step to reach the top.\nThe total cost is 6.'}], topics: [Dynamic Programming, Array], problem_statement: You are given an integer array cost where cost[i] is the cost of ith step on a staircase. Once you pay the cost, you can either climb one or two steps.

You can either start from the step with index 0, or the step with index 1.

Return the minimum cost to reach the top of the floor., title: Min Cost Climbing Stairs, constraints: [2 <= cost.length <= 1000, 0 <= cost[i] <= 999]})",[:HAS_DIFFICULTY],(:Difficulty {level: Easy})
"(:Problem {difficulty: Easy, examples: [{'id': 1, 'input': 'cost = [10,15,20]', 'output': '15', 'explanation': 'You will start at index 1.\n- Pay 15 and climb two steps to reach the top.\nThe total cost is 15.'}, {'id': 2, 'input': 'cost = [1,100,1,1,1,100,1,1,100,1]', 'output': '6', 'explanation': 'You will start at index 0.\n- Pay 1 and climb two steps to reach index 2.\n- Pay 1 and climb two steps to reach index 4.\n- Pay 1 and climb two steps to reach index 6.\n- Pay 1 and climb one step to reach index 7.\n- Pay 1 and climb two steps to reach index 9.\n- Pay 1 and climb one step to reach the top.\nThe total cost is 6.'}], topics: [Dynamic Programming, Array], problem_statement: You are given an integer array cost where cost[i] is the cost of ith step on a staircase. Once you pay the cost, you can either climb one or two steps.

You can either start from the step with index 0, or the step with index 1.

Return the minimum cost to reach the top of the floor., title: Min Cost Climbing Stairs, constraints: [2 <= cost.length <= 1000, 0 <= cost[i] <= 999]})",[:HAS_SOLUTION],"(:Solution {code: class Solution {
public:
    int minCostClimbingStairs(vector<int>& cost) {
        int dp = 0, dp1 = 0, dp2 = 0;
        for(int i = 2; i <= cost.size(); i++){
            int one = dp1 + cost[i-1];
            int two = dp2 + cost[i-2];
            dp = min(one, two);
            dp2 = dp1;
            dp1 = dp;
        }
        return dp1;
    }
};, language: C++, approach: Dynamic Programming (Space-Optimized)})"
"(:Problem {difficulty: Easy, examples: [{'id': 1, 'input': 'cost = [10,15,20]', 'output': '15', 'explanation': 'You will start at index 1.\n- Pay 15 and climb two steps to reach the top.\nThe total cost is 15.'}, {'id': 2, 'input': 'cost = [1,100,1,1,1,100,1,1,100,1]', 'output': '6', 'explanation': 'You will start at index 0.\n- Pay 1 and climb two steps to reach index 2.\n- Pay 1 and climb two steps to reach index 4.\n- Pay 1 and climb two steps to reach index 6.\n- Pay 1 and climb one step to reach index 7.\n- Pay 1 and climb two steps to reach index 9.\n- Pay 1 and climb one step to reach the top.\nThe total cost is 6.'}], topics: [Dynamic Programming, Array], problem_statement: You are given an integer array cost where cost[i] is the cost of ith step on a staircase. Once you pay the cost, you can either climb one or two steps.

You can either start from the step with index 0, or the step with index 1.

Return the minimum cost to reach the top of the floor., title: Min Cost Climbing Stairs, constraints: [2 <= cost.length <= 1000, 0 <= cost[i] <= 999]})",[:HAS_SOLUTION],"(:Solution {code: class Solution:
    def minCostClimbingStairs(self, cost: List[int]) -> int:
        dp, dp1, dp2 = 0, 0, 0
        for i in range(2, len(cost)+1):
            one = dp1 + cost[i-1]
            two = dp2 + cost[i-2]
            dp = min(one, two)
            dp2 = dp1
            dp1 = dp
        return dp1, language: Python, approach: Dynamic Programming (Space-Optimized)})"
"(:Problem {difficulty: Easy, examples: [{'id': 1, 'input': 'cost = [10,15,20]', 'output': '15', 'explanation': 'You will start at index 1.\n- Pay 15 and climb two steps to reach the top.\nThe total cost is 15.'}, {'id': 2, 'input': 'cost = [1,100,1,1,1,100,1,1,100,1]', 'output': '6', 'explanation': 'You will start at index 0.\n- Pay 1 and climb two steps to reach index 2.\n- Pay 1 and climb two steps to reach index 4.\n- Pay 1 and climb two steps to reach index 6.\n- Pay 1 and climb one step to reach index 7.\n- Pay 1 and climb two steps to reach index 9.\n- Pay 1 and climb one step to reach the top.\nThe total cost is 6.'}], topics: [Dynamic Programming, Array], problem_statement: You are given an integer array cost where cost[i] is the cost of ith step on a staircase. Once you pay the cost, you can either climb one or two steps.

You can either start from the step with index 0, or the step with index 1.

Return the minimum cost to reach the top of the floor., title: Min Cost Climbing Stairs, constraints: [2 <= cost.length <= 1000, 0 <= cost[i] <= 999]})",[:HAS_SOLUTION],"(:Solution {code: class Solution {
public:
    int minCostClimbingStairs(vector<int>& cost) {
        int n = cost.size();
        for(int i = 2; i < n; i++){
            cost[i] += min(cost[i-1], cost[i-2]);
        }
        return min(cost[n-1], cost[n-2]);
    }
};, language: C++, approach: Dynamic Programming (In-place)})"
"(:Problem {difficulty: Easy, examples: [{'id': 1, 'input': 'cost = [10,15,20]', 'output': '15', 'explanation': 'You will start at index 1.\n- Pay 15 and climb two steps to reach the top.\nThe total cost is 15.'}, {'id': 2, 'input': 'cost = [1,100,1,1,1,100,1,1,100,1]', 'output': '6', 'explanation': 'You will start at index 0.\n- Pay 1 and climb two steps to reach index 2.\n- Pay 1 and climb two steps to reach index 4.\n- Pay 1 and climb two steps to reach index 6.\n- Pay 1 and climb one step to reach index 7.\n- Pay 1 and climb two steps to reach index 9.\n- Pay 1 and climb one step to reach the top.\nThe total cost is 6.'}], topics: [Dynamic Programming, Array], problem_statement: You are given an integer array cost where cost[i] is the cost of ith step on a staircase. Once you pay the cost, you can either climb one or two steps.

You can either start from the step with index 0, or the step with index 1.

Return the minimum cost to reach the top of the floor., title: Min Cost Climbing Stairs, constraints: [2 <= cost.length <= 1000, 0 <= cost[i] <= 999]})",[:HAS_SOLUTION],"(:Solution {code: class Solution:
    def minCostClimbingStairs(self, cost: List[int]) -> int:
        for i in range(2, len(cost)):
            cost[i] += min(cost[i-1], cost[i-2])
        return min(cost[-1], cost[-2]), language: Python, approach: Dynamic Programming (In-place)})"
"(:Problem {difficulty: Easy, examples: [{'id': 1, 'input': 'cost = [10,15,20]', 'output': '15', 'explanation': 'You will start at index 1.\n- Pay 15 and climb two steps to reach the top.\nThe total cost is 15.'}, {'id': 2, 'input': 'cost = [1,100,1,1,1,100,1,1,100,1]', 'output': '6', 'explanation': 'You will start at index 0.\n- Pay 1 and climb two steps to reach index 2.\n- Pay 1 and climb two steps to reach index 4.\n- Pay 1 and climb two steps to reach index 6.\n- Pay 1 and climb one step to reach index 7.\n- Pay 1 and climb two steps to reach index 9.\n- Pay 1 and climb one step to reach the top.\nThe total cost is 6.'}], topics: [Dynamic Programming, Array], problem_statement: You are given an integer array cost where cost[i] is the cost of ith step on a staircase. Once you pay the cost, you can either climb one or two steps.

You can either start from the step with index 0, or the step with index 1.

Return the minimum cost to reach the top of the floor., title: Min Cost Climbing Stairs, constraints: [2 <= cost.length <= 1000, 0 <= cost[i] <= 999]})",[:SIMILAR_TOPIC {shared_topic: Array}],"(:Problem {difficulty: Easy, examples: [{'id': 1, 'input': 'sentence = ""thequickbrownfoxjumpsoverthelazydog""', 'output': 'true', 'explanation': 'sentence contains at least one of every letter of the English alphabet.'}, {'id': 2, 'input': 'sentence = ""leetcode""', 'output': 'false', 'explanation': None}], topics: [Array, Hash Table, String], problem_statement: A pangram is a sentence where every letter of the English alphabet appears at least once. Given a string sentence containing only lowercase English letters, return true if sentence is a pangram, or false otherwise., title: Check if the Sentence Is Pangram, constraints: [1 <= sentence.length <= 1000, sentence consists of lowercase English letters.]})"
"(:Problem {difficulty: Easy, examples: [{'id': 1, 'input': 'cost = [10,15,20]', 'output': '15', 'explanation': 'You will start at index 1.\n- Pay 15 and climb two steps to reach the top.\nThe total cost is 15.'}, {'id': 2, 'input': 'cost = [1,100,1,1,1,100,1,1,100,1]', 'output': '6', 'explanation': 'You will start at index 0.\n- Pay 1 and climb two steps to reach index 2.\n- Pay 1 and climb two steps to reach index 4.\n- Pay 1 and climb two steps to reach index 6.\n- Pay 1 and climb one step to reach index 7.\n- Pay 1 and climb two steps to reach index 9.\n- Pay 1 and climb one step to reach the top.\nThe total cost is 6.'}], topics: [Dynamic Programming, Array], problem_statement: You are given an integer array cost where cost[i] is the cost of ith step on a staircase. Once you pay the cost, you can either climb one or two steps.

You can either start from the step with index 0, or the step with index 1.

Return the minimum cost to reach the top of the floor., title: Min Cost Climbing Stairs, constraints: [2 <= cost.length <= 1000, 0 <= cost[i] <= 999]})",[:SIMILAR_TOPIC {shared_topic: Array}],"(:Problem {difficulty: Easy, examples: [{'id': 1, 'input': 'items = [[""phone"",""blue"",""pixel""],[""computer"",""silver"",""lenovo""],[""phone"",""gold"",""iphone""]], ruleKey = ""color"", ruleValue = ""silver""', 'output': '1', 'explanation': 'There is only one item matching the given rule, which is [""computer"",""silver"",""lenovo""].'}, {'id': 2, 'input': 'items = [[""phone"",""blue"",""pixel""],[""computer"",""silver"",""phone""],[""phone"",""gold"",""iphone""]], ruleKey = ""type"", ruleValue = ""phone""', 'output': '2', 'explanation': 'There are only two items matching the given rule, which are [""phone"",""blue"",""pixel""] and [""phone"",""gold"",""iphone""]. Note that the item [""computer"",""silver"",""phone""] does not match.'}], topics: [Array, String], problem_statement: You are given an array items, where each items[i] = [typei, colori, namei] describes the type, color, and name of the ith item. You are also given a rule represented by two strings, ruleKey and ruleValue.

The ith item is said to match the rule if one of the following is true:
- ruleKey == ""type"" and ruleValue == typei.
- ruleKey == ""color"" and ruleValue == colori.
- ruleKey == ""name"" and ruleValue == namei.

Return the number of items that match the given rule., title: Count Items Matching a Rule, constraints: [1 <= items.length <= 10^4, 1 <= typei.length, colori.length, namei.length, ruleValue.length <= 10, ruleKey is equal to either ""type"", ""color"", or ""name""., All strings consist only of lowercase letters.]})"
"(:Problem {difficulty: Easy, examples: [{'id': 1, 'input': 'cost = [10,15,20]', 'output': '15', 'explanation': 'You will start at index 1.\n- Pay 15 and climb two steps to reach the top.\nThe total cost is 15.'}, {'id': 2, 'input': 'cost = [1,100,1,1,1,100,1,1,100,1]', 'output': '6', 'explanation': 'You will start at index 0.\n- Pay 1 and climb two steps to reach index 2.\n- Pay 1 and climb two steps to reach index 4.\n- Pay 1 and climb two steps to reach index 6.\n- Pay 1 and climb one step to reach index 7.\n- Pay 1 and climb two steps to reach index 9.\n- Pay 1 and climb one step to reach the top.\nThe total cost is 6.'}], topics: [Dynamic Programming, Array], problem_statement: You are given an integer array cost where cost[i] is the cost of ith step on a staircase. Once you pay the cost, you can either climb one or two steps.

You can either start from the step with index 0, or the step with index 1.

Return the minimum cost to reach the top of the floor., title: Min Cost Climbing Stairs, constraints: [2 <= cost.length <= 1000, 0 <= cost[i] <= 999]})",[:SIMILAR_TOPIC {shared_topic: Array}],"(:Problem {difficulty: Easy, examples: [{'id': 1, 'input': 'nums = [0,1,2,3,4], index = [0,1,2,2,1]', 'output': '[0,4,1,3,2]', 'explanation': 'nums       index     target\n0            0        [0]\n1            1        [0,1]\n2            2        [0,1,2]\n3            2        [0,1,3,2]\n4            1        [0,4,1,3,2]'}, {'id': 2, 'input': 'nums = [1,2,3,4,0], index = [0,1,2,3,0]', 'output': '[0,1,2,3,4]', 'explanation': 'nums       index     target\n1            0        [1]\n2            1        [1,2]\n3            2        [1,2,3]\n4            3        [1,2,3,4]\n0            0        [0,1,2,3,4]'}, {'id': 3, 'input': 'nums = [1], index = [0]', 'output': '[1]', 'explanation': None}], topics: [Array, Simulation], problem_statement: Given two arrays of integers nums and index. Your task is to create target array under the following rules:
- Initially target array is empty.
- From left to right read nums[i] and index[i], insert at index index[i] the value nums[i] in target array.
- Repeat the previous step until there are no elements to read in nums and index.
Return the target array.
It is guaranteed that the insertion operations will be valid., title: Create Target Array in the Given Order, constraints: [1 <= nums.length, index.length <= 100, nums.length == index.length, 0 <= nums[i] <= 100, 0 <= index[i] <= i]})"
"(:Problem {difficulty: Easy, examples: [{'id': 1, 'input': 'cost = [10,15,20]', 'output': '15', 'explanation': 'You will start at index 1.\n- Pay 15 and climb two steps to reach the top.\nThe total cost is 15.'}, {'id': 2, 'input': 'cost = [1,100,1,1,1,100,1,1,100,1]', 'output': '6', 'explanation': 'You will start at index 0.\n- Pay 1 and climb two steps to reach index 2.\n- Pay 1 and climb two steps to reach index 4.\n- Pay 1 and climb two steps to reach index 6.\n- Pay 1 and climb one step to reach index 7.\n- Pay 1 and climb two steps to reach index 9.\n- Pay 1 and climb one step to reach the top.\nThe total cost is 6.'}], topics: [Dynamic Programming, Array], problem_statement: You are given an integer array cost where cost[i] is the cost of ith step on a staircase. Once you pay the cost, you can either climb one or two steps.

You can either start from the step with index 0, or the step with index 1.

Return the minimum cost to reach the top of the floor., title: Min Cost Climbing Stairs, constraints: [2 <= cost.length <= 1000, 0 <= cost[i] <= 999]})",[:SIMILAR_TOPIC {shared_topic: Array}],"(:Problem {difficulty: Easy, examples: [{'id': 1, 'input': 'n = 5, start = 0', 'output': '8', 'explanation': 'Array nums is equal to [0, 2, 4, 6, 8] where (0 ^ 2 ^ 4 ^ 6 ^ 8) = 8.\nWhere ""^"" corresponds to bitwise XOR operator.'}, {'id': 2, 'input': 'n = 4, start = 3', 'output': '8', 'explanation': 'Array nums is equal to [3, 5, 7, 9] where (3 ^ 5 ^ 7 ^ 9) = 8.'}], topics: [Bit Manipulation, Array, Math], problem_statement: You are given an integer n and an integer start.

Define an array nums where nums[i] = start + 2 * i (0-indexed) and n == nums.length.

Return the bitwise XOR of all elements of nums., title: XOR Operation in an Array, constraints: [1 <= n <= 1000, 0 <= start <= 1000, n == nums.length]})"
"(:Problem {difficulty: Easy, examples: [{'id': 1, 'input': 'cost = [10,15,20]', 'output': '15', 'explanation': 'You will start at index 1.\n- Pay 15 and climb two steps to reach the top.\nThe total cost is 15.'}, {'id': 2, 'input': 'cost = [1,100,1,1,1,100,1,1,100,1]', 'output': '6', 'explanation': 'You will start at index 0.\n- Pay 1 and climb two steps to reach index 2.\n- Pay 1 and climb two steps to reach index 4.\n- Pay 1 and climb two steps to reach index 6.\n- Pay 1 and climb one step to reach index 7.\n- Pay 1 and climb two steps to reach index 9.\n- Pay 1 and climb one step to reach the top.\nThe total cost is 6.'}], topics: [Dynamic Programming, Array], problem_statement: You are given an integer array cost where cost[i] is the cost of ith step on a staircase. Once you pay the cost, you can either climb one or two steps.

You can either start from the step with index 0, or the step with index 1.

Return the minimum cost to reach the top of the floor., title: Min Cost Climbing Stairs, constraints: [2 <= cost.length <= 1000, 0 <= cost[i] <= 999]})",[:SIMILAR_TOPIC {shared_topic: Dynamic Programming}],"(:Problem {difficulty: Easy, examples: [{'id': 1, 'input': 'n = 2', 'output': '2', 'explanation': 'There are two ways to climb to the top.\n1. 1 step + 1 step\n2. 2 steps'}, {'id': 2, 'input': 'n = 3', 'output': '3', 'explanation': 'There are three ways to climb to the top.\n1. 1 step + 1 step + 1 step\n2. 1 step + 2 steps\n3. 2 steps + 1 step'}], topics: [Dynamic Programming, Math, Memoization], problem_statement: You are climbing a staircase. It takes n steps to reach the top.

Each time you can either climb 1 or 2 steps. In how many distinct ways can you climb to the top?, title: Climbing Stairs, constraints: [1 <= n <= 45]})"
"(:Problem {difficulty: Easy, examples: [{'id': 1, 'input': 'cost = [10,15,20]', 'output': '15', 'explanation': 'You will start at index 1.\n- Pay 15 and climb two steps to reach the top.\nThe total cost is 15.'}, {'id': 2, 'input': 'cost = [1,100,1,1,1,100,1,1,100,1]', 'output': '6', 'explanation': 'You will start at index 0.\n- Pay 1 and climb two steps to reach index 2.\n- Pay 1 and climb two steps to reach index 4.\n- Pay 1 and climb two steps to reach index 6.\n- Pay 1 and climb one step to reach index 7.\n- Pay 1 and climb two steps to reach index 9.\n- Pay 1 and climb one step to reach the top.\nThe total cost is 6.'}], topics: [Dynamic Programming, Array], problem_statement: You are given an integer array cost where cost[i] is the cost of ith step on a staircase. Once you pay the cost, you can either climb one or two steps.

You can either start from the step with index 0, or the step with index 1.

Return the minimum cost to reach the top of the floor., title: Min Cost Climbing Stairs, constraints: [2 <= cost.length <= 1000, 0 <= cost[i] <= 999]})",[:SIMILAR_TOPIC {shared_topic: Dynamic Programming}],"(:Problem {difficulty: Easy, examples: [{'id': 1, 'input': 'n = 2', 'output': '[0,1,1]', 'explanation': '0 --> 0\n1 --> 1\n2 --> 10'}, {'id': 2, 'input': 'n = 5', 'output': '[0,1,1,2,1,2]', 'explanation': '0 --> 0\n1 --> 1\n2 --> 10\n3 --> 11\n4 --> 100\n5 --> 101'}], topics: [Dynamic Programming, Bit Manipulation], problem_statement: Given an integer n, return an array ans of length n + 1 such that for each i (0 <= i <= n), ans[i] is the number of 1's in the binary representation of i., title: Counting Bits, constraints: [0 <= n <= 10^5]})"
"(:Problem {difficulty: Easy, examples: [{'id': 1, 'input': 'cost = [10,15,20]', 'output': '15', 'explanation': 'You will start at index 1.\n- Pay 15 and climb two steps to reach the top.\nThe total cost is 15.'}, {'id': 2, 'input': 'cost = [1,100,1,1,1,100,1,1,100,1]', 'output': '6', 'explanation': 'You will start at index 0.\n- Pay 1 and climb two steps to reach index 2.\n- Pay 1 and climb two steps to reach index 4.\n- Pay 1 and climb two steps to reach index 6.\n- Pay 1 and climb one step to reach index 7.\n- Pay 1 and climb two steps to reach index 9.\n- Pay 1 and climb one step to reach the top.\nThe total cost is 6.'}], topics: [Dynamic Programming, Array], problem_statement: You are given an integer array cost where cost[i] is the cost of ith step on a staircase. Once you pay the cost, you can either climb one or two steps.

You can either start from the step with index 0, or the step with index 1.

Return the minimum cost to reach the top of the floor., title: Min Cost Climbing Stairs, constraints: [2 <= cost.length <= 1000, 0 <= cost[i] <= 999]})",[:SIMILAR_TOPIC {shared_topic: Array}],"(:Problem {difficulty: Easy, examples: [{'id': 1, 'input': 'rowIndex = 3', 'output': '[1,3,3,1]'}, {'id': 2, 'input': 'rowIndex = 0', 'output': '[1]'}, {'id': 3, 'input': 'rowIndex = 1', 'output': '[1,1]'}], topics: [Array, Dynamic Programming], problem_statement: Given an integer rowIndex, return the rowIndexth (0-indexed) row of the Pascal's triangle.

In Pascal's triangle, each number is the sum of the two numbers directly above it., title: Pascal's Triangle II, constraints: [0 <= rowIndex <= 33]})"
"(:Problem {difficulty: Easy, examples: [{'id': 1, 'input': 'cost = [10,15,20]', 'output': '15', 'explanation': 'You will start at index 1.\n- Pay 15 and climb two steps to reach the top.\nThe total cost is 15.'}, {'id': 2, 'input': 'cost = [1,100,1,1,1,100,1,1,100,1]', 'output': '6', 'explanation': 'You will start at index 0.\n- Pay 1 and climb two steps to reach index 2.\n- Pay 1 and climb two steps to reach index 4.\n- Pay 1 and climb two steps to reach index 6.\n- Pay 1 and climb one step to reach index 7.\n- Pay 1 and climb two steps to reach index 9.\n- Pay 1 and climb one step to reach the top.\nThe total cost is 6.'}], topics: [Dynamic Programming, Array], problem_statement: You are given an integer array cost where cost[i] is the cost of ith step on a staircase. Once you pay the cost, you can either climb one or two steps.

You can either start from the step with index 0, or the step with index 1.

Return the minimum cost to reach the top of the floor., title: Min Cost Climbing Stairs, constraints: [2 <= cost.length <= 1000, 0 <= cost[i] <= 999]})",[:SIMILAR_TOPIC {shared_topic: Dynamic Programming}],"(:Problem {difficulty: Easy, examples: [{'id': 1, 'input': 'rowIndex = 3', 'output': '[1,3,3,1]'}, {'id': 2, 'input': 'rowIndex = 0', 'output': '[1]'}, {'id': 3, 'input': 'rowIndex = 1', 'output': '[1,1]'}], topics: [Array, Dynamic Programming], problem_statement: Given an integer rowIndex, return the rowIndexth (0-indexed) row of the Pascal's triangle.

In Pascal's triangle, each number is the sum of the two numbers directly above it., title: Pascal's Triangle II, constraints: [0 <= rowIndex <= 33]})"
"(:Problem {difficulty: Easy, examples: [{'id': 1, 'input': 'cost = [10,15,20]', 'output': '15', 'explanation': 'You will start at index 1.\n- Pay 15 and climb two steps to reach the top.\nThe total cost is 15.'}, {'id': 2, 'input': 'cost = [1,100,1,1,1,100,1,1,100,1]', 'output': '6', 'explanation': 'You will start at index 0.\n- Pay 1 and climb two steps to reach index 2.\n- Pay 1 and climb two steps to reach index 4.\n- Pay 1 and climb two steps to reach index 6.\n- Pay 1 and climb one step to reach index 7.\n- Pay 1 and climb two steps to reach index 9.\n- Pay 1 and climb one step to reach the top.\nThe total cost is 6.'}], topics: [Dynamic Programming, Array], problem_statement: You are given an integer array cost where cost[i] is the cost of ith step on a staircase. Once you pay the cost, you can either climb one or two steps.

You can either start from the step with index 0, or the step with index 1.

Return the minimum cost to reach the top of the floor., title: Min Cost Climbing Stairs, constraints: [2 <= cost.length <= 1000, 0 <= cost[i] <= 999]})",[:SIMILAR_TOPIC {shared_topic: Array}],"(:Problem {difficulty: Medium, examples: [{'id': 1, 'input': 'nums = [1,2,3,3,4,5]', 'output': 'true', 'explanation': 'nums can be split into the following subsequences:\n[1,2,3,3,4,5] --> 1, 2, 3\n[1,2,3,3,4,5] --> 3, 4, 5'}, {'id': 2, 'input': 'nums = [1,2,3,3,4,4,5,5]', 'output': 'true', 'explanation': 'nums can be split into the following subsequences:\n[1,2,3,3,4,4,5,5] --> 1, 2, 3, 4, 5\n[1,2,3,3,4,4,5,5] --> 3, 4, 5'}, {'id': 3, 'input': 'nums = [1,2,3,4,4,5]', 'output': 'false', 'explanation': 'It is impossible to split nums into consecutive increasing subsequences of length 3 or more.'}], topics: [Array], problem_statement: You are given an integer array nums that is sorted in non-decreasing order.

Determine if it is possible to split nums into one or more subsequences such that both of the following conditions are true:
- Each subsequence is a consecutive increasing sequence (i.e. each integer is exactly one more than the previous integer).
- All subsequences have a length of 3 or more.

Return true if you can split nums according to the above conditions, or false otherwise.

A subsequence of an array is a new array that is formed from the original array by deleting some (can be none) of the elements without disturbing the relative positions of the remaining elements. (i.e., [1,3,5] is a subsequence of [1,2,3,4,5] while [1,3,2] is not)., title: Split Array into Consecutive Subsequences, constraints: [1 <= nums.length <= 10^4, -1000 <= nums[i] <= 1000, nums is sorted in non-decreasing order.]})"
"(:Problem {difficulty: Easy, examples: [{'id': 1, 'input': 'cost = [10,15,20]', 'output': '15', 'explanation': 'You will start at index 1.\n- Pay 15 and climb two steps to reach the top.\nThe total cost is 15.'}, {'id': 2, 'input': 'cost = [1,100,1,1,1,100,1,1,100,1]', 'output': '6', 'explanation': 'You will start at index 0.\n- Pay 1 and climb two steps to reach index 2.\n- Pay 1 and climb two steps to reach index 4.\n- Pay 1 and climb two steps to reach index 6.\n- Pay 1 and climb one step to reach index 7.\n- Pay 1 and climb two steps to reach index 9.\n- Pay 1 and climb one step to reach the top.\nThe total cost is 6.'}], topics: [Dynamic Programming, Array], problem_statement: You are given an integer array cost where cost[i] is the cost of ith step on a staircase. Once you pay the cost, you can either climb one or two steps.

You can either start from the step with index 0, or the step with index 1.

Return the minimum cost to reach the top of the floor., title: Min Cost Climbing Stairs, constraints: [2 <= cost.length <= 1000, 0 <= cost[i] <= 999]})",[:SIMILAR_TOPIC {shared_topic: Array}],"(:Problem {difficulty: Medium, examples: [{'id': 1, 'input': 'arr = [3,3,3,3,5,5,5,2,2,7]', 'output': '2', 'explanation': 'Choosing {3,7} will make the new array [5,5,5,2,2] which has size 5 (i.e equal to half of the size of the old array).\nPossible sets of size 2 are {3,5},{3,2},{5,2}.\nChoosing set {2,7} is not possible as it will make the new array [3,3,3,3,5,5,5] which has a size greater than half of the size of the old array.'}, {'id': 2, 'input': 'arr = [7,7,7,7,7,7]', 'output': '1', 'explanation': 'The only possible set you can choose is {7}. This will make the new array empty.'}], topics: [Array], problem_statement: You are given an integer array arr. You can choose a set of integers and remove all the occurrences of these integers in the array.

Return the minimum size of the set so that at least half of the integers of the array are removed., title: Reduce Array Size to The Half, constraints: [2 <= arr.length <= 10^5, arr.length is even., 1 <= arr[i] <= 10^5]})"
"(:Problem {difficulty: Easy, examples: [{'id': 1, 'input': 'cost = [10,15,20]', 'output': '15', 'explanation': 'You will start at index 1.\n- Pay 15 and climb two steps to reach the top.\nThe total cost is 15.'}, {'id': 2, 'input': 'cost = [1,100,1,1,1,100,1,1,100,1]', 'output': '6', 'explanation': 'You will start at index 0.\n- Pay 1 and climb two steps to reach index 2.\n- Pay 1 and climb two steps to reach index 4.\n- Pay 1 and climb two steps to reach index 6.\n- Pay 1 and climb one step to reach index 7.\n- Pay 1 and climb two steps to reach index 9.\n- Pay 1 and climb one step to reach the top.\nThe total cost is 6.'}], topics: [Dynamic Programming, Array], problem_statement: You are given an integer array cost where cost[i] is the cost of ith step on a staircase. Once you pay the cost, you can either climb one or two steps.

You can either start from the step with index 0, or the step with index 1.

Return the minimum cost to reach the top of the floor., title: Min Cost Climbing Stairs, constraints: [2 <= cost.length <= 1000, 0 <= cost[i] <= 999]})",[:SIMILAR_TOPIC {shared_topic: Dynamic Programming}],"(:Problem {difficulty: Hard, examples: [{'id': 1, 'input': 'k = 2, prices = [2,4,1]', 'output': '2', 'explanation': 'Buy on day 1 (price = 2) and sell on day 2 (price = 4), profit = 4-2 = 2.'}, {'id': 2, 'input': 'k = 2, prices = [3,2,6,5,0,3]', 'output': '7', 'explanation': 'Buy on day 2 (price = 2) and sell on day 3 (price = 6), profit = 6-2 = 4. Then buy on day 5 (price = 0) and sell on day 6 (price = 3), profit = 3-0 = 3.'}], topics: [Dynamic Programming], problem_statement: You are given an integer array prices where prices[i] is the price of a given stock on the ith day, and an integer k.

Find the maximum profit you can achieve. You may complete at most k transactions: i.e. you may buy at most k times and sell at most k times.

Note: You may not engage in multiple transactions simultaneously (i.e., you must sell the stock before you buy again)., title: Best Time to Buy and Sell Stock IV, constraints: [1 <= k <= 100, 1 <= prices.length <= 1000, 0 <= prices[i] <= 1000]})"
"(:Problem {difficulty: Easy, examples: [{'id': 1, 'input': 'cost = [10,15,20]', 'output': '15', 'explanation': 'You will start at index 1.\n- Pay 15 and climb two steps to reach the top.\nThe total cost is 15.'}, {'id': 2, 'input': 'cost = [1,100,1,1,1,100,1,1,100,1]', 'output': '6', 'explanation': 'You will start at index 0.\n- Pay 1 and climb two steps to reach index 2.\n- Pay 1 and climb two steps to reach index 4.\n- Pay 1 and climb two steps to reach index 6.\n- Pay 1 and climb one step to reach index 7.\n- Pay 1 and climb two steps to reach index 9.\n- Pay 1 and climb one step to reach the top.\nThe total cost is 6.'}], topics: [Dynamic Programming, Array], problem_statement: You are given an integer array cost where cost[i] is the cost of ith step on a staircase. Once you pay the cost, you can either climb one or two steps.

You can either start from the step with index 0, or the step with index 1.

Return the minimum cost to reach the top of the floor., title: Min Cost Climbing Stairs, constraints: [2 <= cost.length <= 1000, 0 <= cost[i] <= 999]})",[:SIMILAR_TOPIC {shared_topic: Dynamic Programming}],"(:Problem {difficulty: Hard, examples: [{'id': 1, 'input': 'n = 3, k = 0', 'output': '1', 'explanation': 'Only the array [1,2,3] which consists of numbers from 1 to 3 has exactly 0 inverse pairs.'}, {'id': 2, 'input': 'n = 3, k = 1', 'output': '2', 'explanation': 'The array [1,3,2] and [2,1,3] have exactly 1 inverse pair.'}], topics: [Dynamic Programming], problem_statement: For an integer array nums, an inverse pair is a pair of integers [i, j] where 0 <= i < j < nums.length and nums[i] > nums[j].

Given two integers n and k, return the number of different arrays consisting of numbers from 1 to n such that there are exactly k inverse pairs. Since the answer can be huge, return it modulo 10^9 + 7., title: K Inverse Pairs Array, constraints: [1 <= n <= 1000, 0 <= k <= 1000]})"
"(:Problem {difficulty: Easy, examples: [{'id': 1, 'input': 'rowIndex = 3', 'output': '[1,3,3,1]'}, {'id': 2, 'input': 'rowIndex = 0', 'output': '[1]'}, {'id': 3, 'input': 'rowIndex = 1', 'output': '[1,1]'}], topics: [Array, Dynamic Programming], problem_statement: Given an integer rowIndex, return the rowIndexth (0-indexed) row of the Pascal's triangle.

In Pascal's triangle, each number is the sum of the two numbers directly above it., title: Pascal's Triangle II, constraints: [0 <= rowIndex <= 33]})",[:BELONGS_TO_TOPIC],(:Topic {name: Array})
"(:Problem {difficulty: Easy, examples: [{'id': 1, 'input': 'rowIndex = 3', 'output': '[1,3,3,1]'}, {'id': 2, 'input': 'rowIndex = 0', 'output': '[1]'}, {'id': 3, 'input': 'rowIndex = 1', 'output': '[1,1]'}], topics: [Array, Dynamic Programming], problem_statement: Given an integer rowIndex, return the rowIndexth (0-indexed) row of the Pascal's triangle.

In Pascal's triangle, each number is the sum of the two numbers directly above it., title: Pascal's Triangle II, constraints: [0 <= rowIndex <= 33]})",[:BELONGS_TO_TOPIC],(:Topic {name: Dynamic Programming})
"(:Problem {difficulty: Easy, examples: [{'id': 1, 'input': 'rowIndex = 3', 'output': '[1,3,3,1]'}, {'id': 2, 'input': 'rowIndex = 0', 'output': '[1]'}, {'id': 3, 'input': 'rowIndex = 1', 'output': '[1,1]'}], topics: [Array, Dynamic Programming], problem_statement: Given an integer rowIndex, return the rowIndexth (0-indexed) row of the Pascal's triangle.

In Pascal's triangle, each number is the sum of the two numbers directly above it., title: Pascal's Triangle II, constraints: [0 <= rowIndex <= 33]})",[:HAS_DIFFICULTY],(:Difficulty {level: Easy})
"(:Problem {difficulty: Easy, examples: [{'id': 1, 'input': 'rowIndex = 3', 'output': '[1,3,3,1]'}, {'id': 2, 'input': 'rowIndex = 0', 'output': '[1]'}, {'id': 3, 'input': 'rowIndex = 1', 'output': '[1,1]'}], topics: [Array, Dynamic Programming], problem_statement: Given an integer rowIndex, return the rowIndexth (0-indexed) row of the Pascal's triangle.

In Pascal's triangle, each number is the sum of the two numbers directly above it., title: Pascal's Triangle II, constraints: [0 <= rowIndex <= 33]})",[:HAS_SOLUTION],"(:Solution {code: class Solution {
public:
    vector<int> getRow(int rowIndex) {
        vector<int> ans(rowIndex+1, 0);
        ans[0] = 1;
        for(int i = 1; i < rowIndex+1; i++)
            for(int j = i; j >= 1; j--)
                ans[j] += ans[j-1];
        return ans;
    }
};, language: C++, approach: Dynamic Programming (In-place Row Calculation)})"
"(:Problem {difficulty: Easy, examples: [{'id': 1, 'input': 'rowIndex = 3', 'output': '[1,3,3,1]'}, {'id': 2, 'input': 'rowIndex = 0', 'output': '[1]'}, {'id': 3, 'input': 'rowIndex = 1', 'output': '[1,1]'}], topics: [Array, Dynamic Programming], problem_statement: Given an integer rowIndex, return the rowIndexth (0-indexed) row of the Pascal's triangle.

In Pascal's triangle, each number is the sum of the two numbers directly above it., title: Pascal's Triangle II, constraints: [0 <= rowIndex <= 33]})",[:HAS_SOLUTION],"(:Solution {code: class Solution:
    def getRow(self, rowIndex: int) -> List[int]:
        ans = [1]*(rowIndex + 1)
        for i in range(2, rowIndex+1):
            for j in range(i-1, 0, -1):
                ans[j] += ans[j-1]
        return ans, language: Python, approach: Dynamic Programming (In-place Row Calculation)})"
"(:Problem {difficulty: Easy, examples: [{'id': 1, 'input': 'rowIndex = 3', 'output': '[1,3,3,1]'}, {'id': 2, 'input': 'rowIndex = 0', 'output': '[1]'}, {'id': 3, 'input': 'rowIndex = 1', 'output': '[1,1]'}], topics: [Array, Dynamic Programming], problem_statement: Given an integer rowIndex, return the rowIndexth (0-indexed) row of the Pascal's triangle.

In Pascal's triangle, each number is the sum of the two numbers directly above it., title: Pascal's Triangle II, constraints: [0 <= rowIndex <= 33]})",[:SIMILAR_TOPIC {shared_topic: Array}],"(:Problem {difficulty: Easy, examples: [{'id': 1, 'input': 'sentence = ""thequickbrownfoxjumpsoverthelazydog""', 'output': 'true', 'explanation': 'sentence contains at least one of every letter of the English alphabet.'}, {'id': 2, 'input': 'sentence = ""leetcode""', 'output': 'false', 'explanation': None}], topics: [Array, Hash Table, String], problem_statement: A pangram is a sentence where every letter of the English alphabet appears at least once. Given a string sentence containing only lowercase English letters, return true if sentence is a pangram, or false otherwise., title: Check if the Sentence Is Pangram, constraints: [1 <= sentence.length <= 1000, sentence consists of lowercase English letters.]})"
"(:Problem {difficulty: Easy, examples: [{'id': 1, 'input': 'rowIndex = 3', 'output': '[1,3,3,1]'}, {'id': 2, 'input': 'rowIndex = 0', 'output': '[1]'}, {'id': 3, 'input': 'rowIndex = 1', 'output': '[1,1]'}], topics: [Array, Dynamic Programming], problem_statement: Given an integer rowIndex, return the rowIndexth (0-indexed) row of the Pascal's triangle.

In Pascal's triangle, each number is the sum of the two numbers directly above it., title: Pascal's Triangle II, constraints: [0 <= rowIndex <= 33]})",[:SIMILAR_TOPIC {shared_topic: Array}],"(:Problem {difficulty: Easy, examples: [{'id': 1, 'input': 'items = [[""phone"",""blue"",""pixel""],[""computer"",""silver"",""lenovo""],[""phone"",""gold"",""iphone""]], ruleKey = ""color"", ruleValue = ""silver""', 'output': '1', 'explanation': 'There is only one item matching the given rule, which is [""computer"",""silver"",""lenovo""].'}, {'id': 2, 'input': 'items = [[""phone"",""blue"",""pixel""],[""computer"",""silver"",""phone""],[""phone"",""gold"",""iphone""]], ruleKey = ""type"", ruleValue = ""phone""', 'output': '2', 'explanation': 'There are only two items matching the given rule, which are [""phone"",""blue"",""pixel""] and [""phone"",""gold"",""iphone""]. Note that the item [""computer"",""silver"",""phone""] does not match.'}], topics: [Array, String], problem_statement: You are given an array items, where each items[i] = [typei, colori, namei] describes the type, color, and name of the ith item. You are also given a rule represented by two strings, ruleKey and ruleValue.

The ith item is said to match the rule if one of the following is true:
- ruleKey == ""type"" and ruleValue == typei.
- ruleKey == ""color"" and ruleValue == colori.
- ruleKey == ""name"" and ruleValue == namei.

Return the number of items that match the given rule., title: Count Items Matching a Rule, constraints: [1 <= items.length <= 10^4, 1 <= typei.length, colori.length, namei.length, ruleValue.length <= 10, ruleKey is equal to either ""type"", ""color"", or ""name""., All strings consist only of lowercase letters.]})"
"(:Problem {difficulty: Easy, examples: [{'id': 1, 'input': 'rowIndex = 3', 'output': '[1,3,3,1]'}, {'id': 2, 'input': 'rowIndex = 0', 'output': '[1]'}, {'id': 3, 'input': 'rowIndex = 1', 'output': '[1,1]'}], topics: [Array, Dynamic Programming], problem_statement: Given an integer rowIndex, return the rowIndexth (0-indexed) row of the Pascal's triangle.

In Pascal's triangle, each number is the sum of the two numbers directly above it., title: Pascal's Triangle II, constraints: [0 <= rowIndex <= 33]})",[:SIMILAR_TOPIC {shared_topic: Array}],"(:Problem {difficulty: Easy, examples: [{'id': 1, 'input': 'nums = [0,1,2,3,4], index = [0,1,2,2,1]', 'output': '[0,4,1,3,2]', 'explanation': 'nums       index     target\n0            0        [0]\n1            1        [0,1]\n2            2        [0,1,2]\n3            2        [0,1,3,2]\n4            1        [0,4,1,3,2]'}, {'id': 2, 'input': 'nums = [1,2,3,4,0], index = [0,1,2,3,0]', 'output': '[0,1,2,3,4]', 'explanation': 'nums       index     target\n1            0        [1]\n2            1        [1,2]\n3            2        [1,2,3]\n4            3        [1,2,3,4]\n0            0        [0,1,2,3,4]'}, {'id': 3, 'input': 'nums = [1], index = [0]', 'output': '[1]', 'explanation': None}], topics: [Array, Simulation], problem_statement: Given two arrays of integers nums and index. Your task is to create target array under the following rules:
- Initially target array is empty.
- From left to right read nums[i] and index[i], insert at index index[i] the value nums[i] in target array.
- Repeat the previous step until there are no elements to read in nums and index.
Return the target array.
It is guaranteed that the insertion operations will be valid., title: Create Target Array in the Given Order, constraints: [1 <= nums.length, index.length <= 100, nums.length == index.length, 0 <= nums[i] <= 100, 0 <= index[i] <= i]})"
"(:Problem {difficulty: Easy, examples: [{'id': 1, 'input': 'rowIndex = 3', 'output': '[1,3,3,1]'}, {'id': 2, 'input': 'rowIndex = 0', 'output': '[1]'}, {'id': 3, 'input': 'rowIndex = 1', 'output': '[1,1]'}], topics: [Array, Dynamic Programming], problem_statement: Given an integer rowIndex, return the rowIndexth (0-indexed) row of the Pascal's triangle.

In Pascal's triangle, each number is the sum of the two numbers directly above it., title: Pascal's Triangle II, constraints: [0 <= rowIndex <= 33]})",[:SIMILAR_TOPIC {shared_topic: Array}],"(:Problem {difficulty: Easy, examples: [{'id': 1, 'input': 'n = 5, start = 0', 'output': '8', 'explanation': 'Array nums is equal to [0, 2, 4, 6, 8] where (0 ^ 2 ^ 4 ^ 6 ^ 8) = 8.\nWhere ""^"" corresponds to bitwise XOR operator.'}, {'id': 2, 'input': 'n = 4, start = 3', 'output': '8', 'explanation': 'Array nums is equal to [3, 5, 7, 9] where (3 ^ 5 ^ 7 ^ 9) = 8.'}], topics: [Bit Manipulation, Array, Math], problem_statement: You are given an integer n and an integer start.

Define an array nums where nums[i] = start + 2 * i (0-indexed) and n == nums.length.

Return the bitwise XOR of all elements of nums., title: XOR Operation in an Array, constraints: [1 <= n <= 1000, 0 <= start <= 1000, n == nums.length]})"
"(:Problem {difficulty: Easy, examples: [{'id': 1, 'input': 'rowIndex = 3', 'output': '[1,3,3,1]'}, {'id': 2, 'input': 'rowIndex = 0', 'output': '[1]'}, {'id': 3, 'input': 'rowIndex = 1', 'output': '[1,1]'}], topics: [Array, Dynamic Programming], problem_statement: Given an integer rowIndex, return the rowIndexth (0-indexed) row of the Pascal's triangle.

In Pascal's triangle, each number is the sum of the two numbers directly above it., title: Pascal's Triangle II, constraints: [0 <= rowIndex <= 33]})",[:SIMILAR_TOPIC {shared_topic: Dynamic Programming}],"(:Problem {difficulty: Easy, examples: [{'id': 1, 'input': 'n = 2', 'output': '2', 'explanation': 'There are two ways to climb to the top.\n1. 1 step + 1 step\n2. 2 steps'}, {'id': 2, 'input': 'n = 3', 'output': '3', 'explanation': 'There are three ways to climb to the top.\n1. 1 step + 1 step + 1 step\n2. 1 step + 2 steps\n3. 2 steps + 1 step'}], topics: [Dynamic Programming, Math, Memoization], problem_statement: You are climbing a staircase. It takes n steps to reach the top.

Each time you can either climb 1 or 2 steps. In how many distinct ways can you climb to the top?, title: Climbing Stairs, constraints: [1 <= n <= 45]})"
"(:Problem {difficulty: Easy, examples: [{'id': 1, 'input': 'rowIndex = 3', 'output': '[1,3,3,1]'}, {'id': 2, 'input': 'rowIndex = 0', 'output': '[1]'}, {'id': 3, 'input': 'rowIndex = 1', 'output': '[1,1]'}], topics: [Array, Dynamic Programming], problem_statement: Given an integer rowIndex, return the rowIndexth (0-indexed) row of the Pascal's triangle.

In Pascal's triangle, each number is the sum of the two numbers directly above it., title: Pascal's Triangle II, constraints: [0 <= rowIndex <= 33]})",[:SIMILAR_TOPIC {shared_topic: Dynamic Programming}],"(:Problem {difficulty: Easy, examples: [{'id': 1, 'input': 'n = 2', 'output': '[0,1,1]', 'explanation': '0 --> 0\n1 --> 1\n2 --> 10'}, {'id': 2, 'input': 'n = 5', 'output': '[0,1,1,2,1,2]', 'explanation': '0 --> 0\n1 --> 1\n2 --> 10\n3 --> 11\n4 --> 100\n5 --> 101'}], topics: [Dynamic Programming, Bit Manipulation], problem_statement: Given an integer n, return an array ans of length n + 1 such that for each i (0 <= i <= n), ans[i] is the number of 1's in the binary representation of i., title: Counting Bits, constraints: [0 <= n <= 10^5]})"
"(:Problem {difficulty: Easy, examples: [{'id': 1, 'input': 'rowIndex = 3', 'output': '[1,3,3,1]'}, {'id': 2, 'input': 'rowIndex = 0', 'output': '[1]'}, {'id': 3, 'input': 'rowIndex = 1', 'output': '[1,1]'}], topics: [Array, Dynamic Programming], problem_statement: Given an integer rowIndex, return the rowIndexth (0-indexed) row of the Pascal's triangle.

In Pascal's triangle, each number is the sum of the two numbers directly above it., title: Pascal's Triangle II, constraints: [0 <= rowIndex <= 33]})",[:SIMILAR_TOPIC {shared_topic: Array}],"(:Problem {difficulty: Easy, examples: [{'id': 1, 'input': 'cost = [10,15,20]', 'output': '15', 'explanation': 'You will start at index 1.\n- Pay 15 and climb two steps to reach the top.\nThe total cost is 15.'}, {'id': 2, 'input': 'cost = [1,100,1,1,1,100,1,1,100,1]', 'output': '6', 'explanation': 'You will start at index 0.\n- Pay 1 and climb two steps to reach index 2.\n- Pay 1 and climb two steps to reach index 4.\n- Pay 1 and climb two steps to reach index 6.\n- Pay 1 and climb one step to reach index 7.\n- Pay 1 and climb two steps to reach index 9.\n- Pay 1 and climb one step to reach the top.\nThe total cost is 6.'}], topics: [Dynamic Programming, Array], problem_statement: You are given an integer array cost where cost[i] is the cost of ith step on a staircase. Once you pay the cost, you can either climb one or two steps.

You can either start from the step with index 0, or the step with index 1.

Return the minimum cost to reach the top of the floor., title: Min Cost Climbing Stairs, constraints: [2 <= cost.length <= 1000, 0 <= cost[i] <= 999]})"
"(:Problem {difficulty: Easy, examples: [{'id': 1, 'input': 'rowIndex = 3', 'output': '[1,3,3,1]'}, {'id': 2, 'input': 'rowIndex = 0', 'output': '[1]'}, {'id': 3, 'input': 'rowIndex = 1', 'output': '[1,1]'}], topics: [Array, Dynamic Programming], problem_statement: Given an integer rowIndex, return the rowIndexth (0-indexed) row of the Pascal's triangle.

In Pascal's triangle, each number is the sum of the two numbers directly above it., title: Pascal's Triangle II, constraints: [0 <= rowIndex <= 33]})",[:SIMILAR_TOPIC {shared_topic: Dynamic Programming}],"(:Problem {difficulty: Easy, examples: [{'id': 1, 'input': 'cost = [10,15,20]', 'output': '15', 'explanation': 'You will start at index 1.\n- Pay 15 and climb two steps to reach the top.\nThe total cost is 15.'}, {'id': 2, 'input': 'cost = [1,100,1,1,1,100,1,1,100,1]', 'output': '6', 'explanation': 'You will start at index 0.\n- Pay 1 and climb two steps to reach index 2.\n- Pay 1 and climb two steps to reach index 4.\n- Pay 1 and climb two steps to reach index 6.\n- Pay 1 and climb one step to reach index 7.\n- Pay 1 and climb two steps to reach index 9.\n- Pay 1 and climb one step to reach the top.\nThe total cost is 6.'}], topics: [Dynamic Programming, Array], problem_statement: You are given an integer array cost where cost[i] is the cost of ith step on a staircase. Once you pay the cost, you can either climb one or two steps.

You can either start from the step with index 0, or the step with index 1.

Return the minimum cost to reach the top of the floor., title: Min Cost Climbing Stairs, constraints: [2 <= cost.length <= 1000, 0 <= cost[i] <= 999]})"
"(:Problem {difficulty: Easy, examples: [{'id': 1, 'input': 'rowIndex = 3', 'output': '[1,3,3,1]'}, {'id': 2, 'input': 'rowIndex = 0', 'output': '[1]'}, {'id': 3, 'input': 'rowIndex = 1', 'output': '[1,1]'}], topics: [Array, Dynamic Programming], problem_statement: Given an integer rowIndex, return the rowIndexth (0-indexed) row of the Pascal's triangle.

In Pascal's triangle, each number is the sum of the two numbers directly above it., title: Pascal's Triangle II, constraints: [0 <= rowIndex <= 33]})",[:SIMILAR_TOPIC {shared_topic: Array}],"(:Problem {difficulty: Medium, examples: [{'id': 1, 'input': 'nums = [1,2,3,3,4,5]', 'output': 'true', 'explanation': 'nums can be split into the following subsequences:\n[1,2,3,3,4,5] --> 1, 2, 3\n[1,2,3,3,4,5] --> 3, 4, 5'}, {'id': 2, 'input': 'nums = [1,2,3,3,4,4,5,5]', 'output': 'true', 'explanation': 'nums can be split into the following subsequences:\n[1,2,3,3,4,4,5,5] --> 1, 2, 3, 4, 5\n[1,2,3,3,4,4,5,5] --> 3, 4, 5'}, {'id': 3, 'input': 'nums = [1,2,3,4,4,5]', 'output': 'false', 'explanation': 'It is impossible to split nums into consecutive increasing subsequences of length 3 or more.'}], topics: [Array], problem_statement: You are given an integer array nums that is sorted in non-decreasing order.

Determine if it is possible to split nums into one or more subsequences such that both of the following conditions are true:
- Each subsequence is a consecutive increasing sequence (i.e. each integer is exactly one more than the previous integer).
- All subsequences have a length of 3 or more.

Return true if you can split nums according to the above conditions, or false otherwise.

A subsequence of an array is a new array that is formed from the original array by deleting some (can be none) of the elements without disturbing the relative positions of the remaining elements. (i.e., [1,3,5] is a subsequence of [1,2,3,4,5] while [1,3,2] is not)., title: Split Array into Consecutive Subsequences, constraints: [1 <= nums.length <= 10^4, -1000 <= nums[i] <= 1000, nums is sorted in non-decreasing order.]})"
"(:Problem {difficulty: Easy, examples: [{'id': 1, 'input': 'rowIndex = 3', 'output': '[1,3,3,1]'}, {'id': 2, 'input': 'rowIndex = 0', 'output': '[1]'}, {'id': 3, 'input': 'rowIndex = 1', 'output': '[1,1]'}], topics: [Array, Dynamic Programming], problem_statement: Given an integer rowIndex, return the rowIndexth (0-indexed) row of the Pascal's triangle.

In Pascal's triangle, each number is the sum of the two numbers directly above it., title: Pascal's Triangle II, constraints: [0 <= rowIndex <= 33]})",[:SIMILAR_TOPIC {shared_topic: Array}],"(:Problem {difficulty: Medium, examples: [{'id': 1, 'input': 'arr = [3,3,3,3,5,5,5,2,2,7]', 'output': '2', 'explanation': 'Choosing {3,7} will make the new array [5,5,5,2,2] which has size 5 (i.e equal to half of the size of the old array).\nPossible sets of size 2 are {3,5},{3,2},{5,2}.\nChoosing set {2,7} is not possible as it will make the new array [3,3,3,3,5,5,5] which has a size greater than half of the size of the old array.'}, {'id': 2, 'input': 'arr = [7,7,7,7,7,7]', 'output': '1', 'explanation': 'The only possible set you can choose is {7}. This will make the new array empty.'}], topics: [Array], problem_statement: You are given an integer array arr. You can choose a set of integers and remove all the occurrences of these integers in the array.

Return the minimum size of the set so that at least half of the integers of the array are removed., title: Reduce Array Size to The Half, constraints: [2 <= arr.length <= 10^5, arr.length is even., 1 <= arr[i] <= 10^5]})"
"(:Problem {difficulty: Easy, examples: [{'id': 1, 'input': 'rowIndex = 3', 'output': '[1,3,3,1]'}, {'id': 2, 'input': 'rowIndex = 0', 'output': '[1]'}, {'id': 3, 'input': 'rowIndex = 1', 'output': '[1,1]'}], topics: [Array, Dynamic Programming], problem_statement: Given an integer rowIndex, return the rowIndexth (0-indexed) row of the Pascal's triangle.

In Pascal's triangle, each number is the sum of the two numbers directly above it., title: Pascal's Triangle II, constraints: [0 <= rowIndex <= 33]})",[:SIMILAR_TOPIC {shared_topic: Dynamic Programming}],"(:Problem {difficulty: Hard, examples: [{'id': 1, 'input': 'k = 2, prices = [2,4,1]', 'output': '2', 'explanation': 'Buy on day 1 (price = 2) and sell on day 2 (price = 4), profit = 4-2 = 2.'}, {'id': 2, 'input': 'k = 2, prices = [3,2,6,5,0,3]', 'output': '7', 'explanation': 'Buy on day 2 (price = 2) and sell on day 3 (price = 6), profit = 6-2 = 4. Then buy on day 5 (price = 0) and sell on day 6 (price = 3), profit = 3-0 = 3.'}], topics: [Dynamic Programming], problem_statement: You are given an integer array prices where prices[i] is the price of a given stock on the ith day, and an integer k.

Find the maximum profit you can achieve. You may complete at most k transactions: i.e. you may buy at most k times and sell at most k times.

Note: You may not engage in multiple transactions simultaneously (i.e., you must sell the stock before you buy again)., title: Best Time to Buy and Sell Stock IV, constraints: [1 <= k <= 100, 1 <= prices.length <= 1000, 0 <= prices[i] <= 1000]})"
"(:Problem {difficulty: Easy, examples: [{'id': 1, 'input': 'rowIndex = 3', 'output': '[1,3,3,1]'}, {'id': 2, 'input': 'rowIndex = 0', 'output': '[1]'}, {'id': 3, 'input': 'rowIndex = 1', 'output': '[1,1]'}], topics: [Array, Dynamic Programming], problem_statement: Given an integer rowIndex, return the rowIndexth (0-indexed) row of the Pascal's triangle.

In Pascal's triangle, each number is the sum of the two numbers directly above it., title: Pascal's Triangle II, constraints: [0 <= rowIndex <= 33]})",[:SIMILAR_TOPIC {shared_topic: Dynamic Programming}],"(:Problem {difficulty: Hard, examples: [{'id': 1, 'input': 'n = 3, k = 0', 'output': '1', 'explanation': 'Only the array [1,2,3] which consists of numbers from 1 to 3 has exactly 0 inverse pairs.'}, {'id': 2, 'input': 'n = 3, k = 1', 'output': '2', 'explanation': 'The array [1,3,2] and [2,1,3] have exactly 1 inverse pair.'}], topics: [Dynamic Programming], problem_statement: For an integer array nums, an inverse pair is a pair of integers [i, j] where 0 <= i < j < nums.length and nums[i] > nums[j].

Given two integers n and k, return the number of different arrays consisting of numbers from 1 to n such that there are exactly k inverse pairs. Since the answer can be huge, return it modulo 10^9 + 7., title: K Inverse Pairs Array, constraints: [1 <= n <= 1000, 0 <= k <= 1000]})"
"(:Problem {difficulty: Easy, examples: [{'id': 1, 'input': 'n = 3, edges = [[0,1],[1,2],[2,0]], source = 0, destination = 2', 'output': 'true', 'explanation': 'There are two paths from vertex 0 to vertex 2:\n- 0 → 1 → 2\n- 0 → 2'}, {'id': 2, 'input': 'n = 6, edges = [[0,1],[0,2],[3,5],[5,4],[4,3]], source = 0, destination = 5', 'output': 'false', 'explanation': 'There is no path from vertex 0 to vertex 5.'}], topics: [Graph, Breadth-First Search, Depth-First Search, Union-Find], problem_statement: There is a bi-directional graph with n vertices, where each vertex is labeled from 0 to n - 1 (inclusive). The edges in the graph are represented as a 2D integer array edges, where each edges[i] = [ui, vi] denotes a bi-directional edge between vertex ui and vertex vi. Every vertex pair is connected by at most one edge, and no vertex has an edge to itself.

You want to determine if there is a valid path that exists from vertex source to vertex destination.

Given edges and the integers n, source, and destination, return true if there is a valid path from source to destination, or false otherwise., title: Find if Path Exists in Graph, constraints: [1 <= n <= 2 * 10^5, 0 <= edges.length <= 2 * 10^5, edges[i].length == 2, 0 <= ui, vi <= n - 1, ui != vi, 0 <= source, destination <= n - 1, There are no duplicate edges., There are no self edges.]})",[:BELONGS_TO_TOPIC],(:Topic {name: Graph})
"(:Problem {difficulty: Easy, examples: [{'id': 1, 'input': 'n = 3, edges = [[0,1],[1,2],[2,0]], source = 0, destination = 2', 'output': 'true', 'explanation': 'There are two paths from vertex 0 to vertex 2:\n- 0 → 1 → 2\n- 0 → 2'}, {'id': 2, 'input': 'n = 6, edges = [[0,1],[0,2],[3,5],[5,4],[4,3]], source = 0, destination = 5', 'output': 'false', 'explanation': 'There is no path from vertex 0 to vertex 5.'}], topics: [Graph, Breadth-First Search, Depth-First Search, Union-Find], problem_statement: There is a bi-directional graph with n vertices, where each vertex is labeled from 0 to n - 1 (inclusive). The edges in the graph are represented as a 2D integer array edges, where each edges[i] = [ui, vi] denotes a bi-directional edge between vertex ui and vertex vi. Every vertex pair is connected by at most one edge, and no vertex has an edge to itself.

You want to determine if there is a valid path that exists from vertex source to vertex destination.

Given edges and the integers n, source, and destination, return true if there is a valid path from source to destination, or false otherwise., title: Find if Path Exists in Graph, constraints: [1 <= n <= 2 * 10^5, 0 <= edges.length <= 2 * 10^5, edges[i].length == 2, 0 <= ui, vi <= n - 1, ui != vi, 0 <= source, destination <= n - 1, There are no duplicate edges., There are no self edges.]})",[:BELONGS_TO_TOPIC],(:Topic {name: Breadth-First Search})
"(:Problem {difficulty: Easy, examples: [{'id': 1, 'input': 'n = 3, edges = [[0,1],[1,2],[2,0]], source = 0, destination = 2', 'output': 'true', 'explanation': 'There are two paths from vertex 0 to vertex 2:\n- 0 → 1 → 2\n- 0 → 2'}, {'id': 2, 'input': 'n = 6, edges = [[0,1],[0,2],[3,5],[5,4],[4,3]], source = 0, destination = 5', 'output': 'false', 'explanation': 'There is no path from vertex 0 to vertex 5.'}], topics: [Graph, Breadth-First Search, Depth-First Search, Union-Find], problem_statement: There is a bi-directional graph with n vertices, where each vertex is labeled from 0 to n - 1 (inclusive). The edges in the graph are represented as a 2D integer array edges, where each edges[i] = [ui, vi] denotes a bi-directional edge between vertex ui and vertex vi. Every vertex pair is connected by at most one edge, and no vertex has an edge to itself.

You want to determine if there is a valid path that exists from vertex source to vertex destination.

Given edges and the integers n, source, and destination, return true if there is a valid path from source to destination, or false otherwise., title: Find if Path Exists in Graph, constraints: [1 <= n <= 2 * 10^5, 0 <= edges.length <= 2 * 10^5, edges[i].length == 2, 0 <= ui, vi <= n - 1, ui != vi, 0 <= source, destination <= n - 1, There are no duplicate edges., There are no self edges.]})",[:BELONGS_TO_TOPIC],(:Topic {name: Depth-First Search})
"(:Problem {difficulty: Easy, examples: [{'id': 1, 'input': 'n = 3, edges = [[0,1],[1,2],[2,0]], source = 0, destination = 2', 'output': 'true', 'explanation': 'There are two paths from vertex 0 to vertex 2:\n- 0 → 1 → 2\n- 0 → 2'}, {'id': 2, 'input': 'n = 6, edges = [[0,1],[0,2],[3,5],[5,4],[4,3]], source = 0, destination = 5', 'output': 'false', 'explanation': 'There is no path from vertex 0 to vertex 5.'}], topics: [Graph, Breadth-First Search, Depth-First Search, Union-Find], problem_statement: There is a bi-directional graph with n vertices, where each vertex is labeled from 0 to n - 1 (inclusive). The edges in the graph are represented as a 2D integer array edges, where each edges[i] = [ui, vi] denotes a bi-directional edge between vertex ui and vertex vi. Every vertex pair is connected by at most one edge, and no vertex has an edge to itself.

You want to determine if there is a valid path that exists from vertex source to vertex destination.

Given edges and the integers n, source, and destination, return true if there is a valid path from source to destination, or false otherwise., title: Find if Path Exists in Graph, constraints: [1 <= n <= 2 * 10^5, 0 <= edges.length <= 2 * 10^5, edges[i].length == 2, 0 <= ui, vi <= n - 1, ui != vi, 0 <= source, destination <= n - 1, There are no duplicate edges., There are no self edges.]})",[:BELONGS_TO_TOPIC],(:Topic {name: Union-Find})
"(:Problem {difficulty: Easy, examples: [{'id': 1, 'input': 'n = 3, edges = [[0,1],[1,2],[2,0]], source = 0, destination = 2', 'output': 'true', 'explanation': 'There are two paths from vertex 0 to vertex 2:\n- 0 → 1 → 2\n- 0 → 2'}, {'id': 2, 'input': 'n = 6, edges = [[0,1],[0,2],[3,5],[5,4],[4,3]], source = 0, destination = 5', 'output': 'false', 'explanation': 'There is no path from vertex 0 to vertex 5.'}], topics: [Graph, Breadth-First Search, Depth-First Search, Union-Find], problem_statement: There is a bi-directional graph with n vertices, where each vertex is labeled from 0 to n - 1 (inclusive). The edges in the graph are represented as a 2D integer array edges, where each edges[i] = [ui, vi] denotes a bi-directional edge between vertex ui and vertex vi. Every vertex pair is connected by at most one edge, and no vertex has an edge to itself.

You want to determine if there is a valid path that exists from vertex source to vertex destination.

Given edges and the integers n, source, and destination, return true if there is a valid path from source to destination, or false otherwise., title: Find if Path Exists in Graph, constraints: [1 <= n <= 2 * 10^5, 0 <= edges.length <= 2 * 10^5, edges[i].length == 2, 0 <= ui, vi <= n - 1, ui != vi, 0 <= source, destination <= n - 1, There are no duplicate edges., There are no self edges.]})",[:HAS_DIFFICULTY],(:Difficulty {level: Easy})
"(:Problem {difficulty: Easy, examples: [{'id': 1, 'input': 'n = 3, edges = [[0,1],[1,2],[2,0]], source = 0, destination = 2', 'output': 'true', 'explanation': 'There are two paths from vertex 0 to vertex 2:\n- 0 → 1 → 2\n- 0 → 2'}, {'id': 2, 'input': 'n = 6, edges = [[0,1],[0,2],[3,5],[5,4],[4,3]], source = 0, destination = 5', 'output': 'false', 'explanation': 'There is no path from vertex 0 to vertex 5.'}], topics: [Graph, Breadth-First Search, Depth-First Search, Union-Find], problem_statement: There is a bi-directional graph with n vertices, where each vertex is labeled from 0 to n - 1 (inclusive). The edges in the graph are represented as a 2D integer array edges, where each edges[i] = [ui, vi] denotes a bi-directional edge between vertex ui and vertex vi. Every vertex pair is connected by at most one edge, and no vertex has an edge to itself.

You want to determine if there is a valid path that exists from vertex source to vertex destination.

Given edges and the integers n, source, and destination, return true if there is a valid path from source to destination, or false otherwise., title: Find if Path Exists in Graph, constraints: [1 <= n <= 2 * 10^5, 0 <= edges.length <= 2 * 10^5, edges[i].length == 2, 0 <= ui, vi <= n - 1, ui != vi, 0 <= source, destination <= n - 1, There are no duplicate edges., There are no self edges.]})",[:HAS_SOLUTION],"(:Solution {code: class Solution {
public:
    bool validPath(int n, vector<vector<int>>& edges, int source, int destination){
        vector<vector<int>> graph(n);
        for(int i = 0; i < edges.size(); i++){
            graph[edges[i][0]].push_back(edges[i][1]);
            graph[edges[i][1]].push_back(edges[i][0]);
        }
        queue<int> q;
        vector<int> visited(n, 0);
        q.push(source);
        visited[source] = 1;
        while(!q.empty()){
            int top = q.front();
            q.pop();
            if(top == destination)
                return true;
            for(int i=0; i<graph[top].size(); i++){
                if(visited[graph[top][i]] == 0){
                    q.push(graph[top][i]);
                    visited[graph[top][i]] = 1;
                }
            }
        }
        return false;
    }
};, language: C++, approach: Breadth-First Search (BFS)})"
"(:Problem {difficulty: Easy, examples: [{'id': 1, 'input': 'n = 3, edges = [[0,1],[1,2],[2,0]], source = 0, destination = 2', 'output': 'true', 'explanation': 'There are two paths from vertex 0 to vertex 2:\n- 0 → 1 → 2\n- 0 → 2'}, {'id': 2, 'input': 'n = 6, edges = [[0,1],[0,2],[3,5],[5,4],[4,3]], source = 0, destination = 5', 'output': 'false', 'explanation': 'There is no path from vertex 0 to vertex 5.'}], topics: [Graph, Breadth-First Search, Depth-First Search, Union-Find], problem_statement: There is a bi-directional graph with n vertices, where each vertex is labeled from 0 to n - 1 (inclusive). The edges in the graph are represented as a 2D integer array edges, where each edges[i] = [ui, vi] denotes a bi-directional edge between vertex ui and vertex vi. Every vertex pair is connected by at most one edge, and no vertex has an edge to itself.

You want to determine if there is a valid path that exists from vertex source to vertex destination.

Given edges and the integers n, source, and destination, return true if there is a valid path from source to destination, or false otherwise., title: Find if Path Exists in Graph, constraints: [1 <= n <= 2 * 10^5, 0 <= edges.length <= 2 * 10^5, edges[i].length == 2, 0 <= ui, vi <= n - 1, ui != vi, 0 <= source, destination <= n - 1, There are no duplicate edges., There are no self edges.]})",[:SIMILAR_TOPIC {shared_topic: Graph}],"(:Problem {difficulty: Medium, examples: [{'id': 1, 'input': 'rooms = [[1],[2],[3],[]]', 'output': 'true', 'explanation': 'We visit room 0 and pick up key 1.\nWe then visit room 1 and pick up key 2.\nWe then visit room 2 and pick up key 3.\nWe then visit room 3.\nSince we were able to visit every room, we return true.'}, {'id': 2, 'input': 'rooms = [[1,3],[3,0,1],[2],[0]]', 'output': 'false', 'explanation': 'We can not enter room number 2 since the only key that unlocks it is in that room.'}], topics: [Graph], problem_statement: There are n rooms labeled from 0 to n - 1 and all the rooms are locked except for room 0. Your goal is to visit all the rooms. However, you cannot enter a locked room without having its key.

When you visit a room, you may find a set of distinct keys in it. Each key has a number on it, denoting which room it unlocks, and you can take all of them with you to unlock the other rooms.

Given an array rooms where rooms[i] is the set of keys that you can obtain if you visited room i, return true if you can visit all the rooms, or false otherwise., title: Keys and Rooms, constraints: [n == rooms.length, 2 <= n <= 1000, 0 <= rooms[i].length <= 1000, 1 <= sum(rooms[i].length) <= 3000, 0 <= rooms[i][j] < n, All the values of rooms[i] are unique.]})"
"(:Problem {difficulty: Easy, examples: [{'id': 1, 'input': 'head = [1,0,1]', 'output': '5', 'explanation': '(101) in base 2 = (5) in base 10'}, {'id': 2, 'input': 'head = [0]', 'output': '0', 'explanation': None}], topics: [Linked List, Bit Manipulation, Math], problem_statement: Given head which is a reference node to a singly-linked list. The value of each node in the linked list is either 0 or 1. The linked list holds the binary representation of a number.

Return the decimal value of the number in the linked list.

The most significant bit is at the head of the linked list., title: Convert Binary Number in a Linked List to Integer, constraints: [The Linked List is not empty., Number of nodes will not exceed 30., Each node's value is either 0 or 1.]})",[:BELONGS_TO_TOPIC],(:Topic {name: Bit Manipulation})
"(:Problem {difficulty: Easy, examples: [{'id': 1, 'input': 'head = [1,0,1]', 'output': '5', 'explanation': '(101) in base 2 = (5) in base 10'}, {'id': 2, 'input': 'head = [0]', 'output': '0', 'explanation': None}], topics: [Linked List, Bit Manipulation, Math], problem_statement: Given head which is a reference node to a singly-linked list. The value of each node in the linked list is either 0 or 1. The linked list holds the binary representation of a number.

Return the decimal value of the number in the linked list.

The most significant bit is at the head of the linked list., title: Convert Binary Number in a Linked List to Integer, constraints: [The Linked List is not empty., Number of nodes will not exceed 30., Each node's value is either 0 or 1.]})",[:BELONGS_TO_TOPIC],(:Topic {name: Math})
"(:Problem {difficulty: Easy, examples: [{'id': 1, 'input': 'head = [1,0,1]', 'output': '5', 'explanation': '(101) in base 2 = (5) in base 10'}, {'id': 2, 'input': 'head = [0]', 'output': '0', 'explanation': None}], topics: [Linked List, Bit Manipulation, Math], problem_statement: Given head which is a reference node to a singly-linked list. The value of each node in the linked list is either 0 or 1. The linked list holds the binary representation of a number.

Return the decimal value of the number in the linked list.

The most significant bit is at the head of the linked list., title: Convert Binary Number in a Linked List to Integer, constraints: [The Linked List is not empty., Number of nodes will not exceed 30., Each node's value is either 0 or 1.]})",[:BELONGS_TO_TOPIC],(:Topic {name: Linked List})
"(:Problem {difficulty: Easy, examples: [{'id': 1, 'input': 'head = [1,0,1]', 'output': '5', 'explanation': '(101) in base 2 = (5) in base 10'}, {'id': 2, 'input': 'head = [0]', 'output': '0', 'explanation': None}], topics: [Linked List, Bit Manipulation, Math], problem_statement: Given head which is a reference node to a singly-linked list. The value of each node in the linked list is either 0 or 1. The linked list holds the binary representation of a number.

Return the decimal value of the number in the linked list.

The most significant bit is at the head of the linked list., title: Convert Binary Number in a Linked List to Integer, constraints: [The Linked List is not empty., Number of nodes will not exceed 30., Each node's value is either 0 or 1.]})",[:HAS_DIFFICULTY],(:Difficulty {level: Easy})
"(:Problem {difficulty: Easy, examples: [{'id': 1, 'input': 'head = [1,0,1]', 'output': '5', 'explanation': '(101) in base 2 = (5) in base 10'}, {'id': 2, 'input': 'head = [0]', 'output': '0', 'explanation': None}], topics: [Linked List, Bit Manipulation, Math], problem_statement: Given head which is a reference node to a singly-linked list. The value of each node in the linked list is either 0 or 1. The linked list holds the binary representation of a number.

Return the decimal value of the number in the linked list.

The most significant bit is at the head of the linked list., title: Convert Binary Number in a Linked List to Integer, constraints: [The Linked List is not empty., Number of nodes will not exceed 30., Each node's value is either 0 or 1.]})",[:HAS_SOLUTION],"(:Solution {code: class Solution {
public:
    int getDecimalValue(ListNode* head) {
        int ans = 0;
        while(head)
        {
            ans = (ans << 1) + head -> val;
            head = head -> next;
        }
        return ans;
    }
};, language: C++, approach: Iterative Bitwise Left Shift})"
"(:Problem {difficulty: Easy, examples: [{'id': 1, 'input': 'head = [1,0,1]', 'output': '5', 'explanation': '(101) in base 2 = (5) in base 10'}, {'id': 2, 'input': 'head = [0]', 'output': '0', 'explanation': None}], topics: [Linked List, Bit Manipulation, Math], problem_statement: Given head which is a reference node to a singly-linked list. The value of each node in the linked list is either 0 or 1. The linked list holds the binary representation of a number.

Return the decimal value of the number in the linked list.

The most significant bit is at the head of the linked list., title: Convert Binary Number in a Linked List to Integer, constraints: [The Linked List is not empty., Number of nodes will not exceed 30., Each node's value is either 0 or 1.]})",[:SIMILAR_TOPIC {shared_topic: Math}],"(:Problem {difficulty: Easy, examples: [{'id': 1, 'input': 'n = 5, start = 0', 'output': '8', 'explanation': 'Array nums is equal to [0, 2, 4, 6, 8] where (0 ^ 2 ^ 4 ^ 6 ^ 8) = 8.\nWhere ""^"" corresponds to bitwise XOR operator.'}, {'id': 2, 'input': 'n = 4, start = 3', 'output': '8', 'explanation': 'Array nums is equal to [3, 5, 7, 9] where (3 ^ 5 ^ 7 ^ 9) = 8.'}], topics: [Bit Manipulation, Array, Math], problem_statement: You are given an integer n and an integer start.

Define an array nums where nums[i] = start + 2 * i (0-indexed) and n == nums.length.

Return the bitwise XOR of all elements of nums., title: XOR Operation in an Array, constraints: [1 <= n <= 1000, 0 <= start <= 1000, n == nums.length]})"
"(:Problem {difficulty: Easy, examples: [{'id': 1, 'input': 'head = [1,0,1]', 'output': '5', 'explanation': '(101) in base 2 = (5) in base 10'}, {'id': 2, 'input': 'head = [0]', 'output': '0', 'explanation': None}], topics: [Linked List, Bit Manipulation, Math], problem_statement: Given head which is a reference node to a singly-linked list. The value of each node in the linked list is either 0 or 1. The linked list holds the binary representation of a number.

Return the decimal value of the number in the linked list.

The most significant bit is at the head of the linked list., title: Convert Binary Number in a Linked List to Integer, constraints: [The Linked List is not empty., Number of nodes will not exceed 30., Each node's value is either 0 or 1.]})",[:SIMILAR_TOPIC {shared_topic: Bit Manipulation}],"(:Problem {difficulty: Easy, examples: [{'id': 1, 'input': 'n = 5, start = 0', 'output': '8', 'explanation': 'Array nums is equal to [0, 2, 4, 6, 8] where (0 ^ 2 ^ 4 ^ 6 ^ 8) = 8.\nWhere ""^"" corresponds to bitwise XOR operator.'}, {'id': 2, 'input': 'n = 4, start = 3', 'output': '8', 'explanation': 'Array nums is equal to [3, 5, 7, 9] where (3 ^ 5 ^ 7 ^ 9) = 8.'}], topics: [Bit Manipulation, Array, Math], problem_statement: You are given an integer n and an integer start.

Define an array nums where nums[i] = start + 2 * i (0-indexed) and n == nums.length.

Return the bitwise XOR of all elements of nums., title: XOR Operation in an Array, constraints: [1 <= n <= 1000, 0 <= start <= 1000, n == nums.length]})"
"(:Problem {difficulty: Easy, examples: [{'id': 1, 'input': 'head = [1,0,1]', 'output': '5', 'explanation': '(101) in base 2 = (5) in base 10'}, {'id': 2, 'input': 'head = [0]', 'output': '0', 'explanation': None}], topics: [Linked List, Bit Manipulation, Math], problem_statement: Given head which is a reference node to a singly-linked list. The value of each node in the linked list is either 0 or 1. The linked list holds the binary representation of a number.

Return the decimal value of the number in the linked list.

The most significant bit is at the head of the linked list., title: Convert Binary Number in a Linked List to Integer, constraints: [The Linked List is not empty., Number of nodes will not exceed 30., Each node's value is either 0 or 1.]})",[:SIMILAR_TOPIC {shared_topic: Math}],"(:Problem {difficulty: Easy, examples: [{'id': 1, 'input': 'n = 2', 'output': '2', 'explanation': 'There are two ways to climb to the top.\n1. 1 step + 1 step\n2. 2 steps'}, {'id': 2, 'input': 'n = 3', 'output': '3', 'explanation': 'There are three ways to climb to the top.\n1. 1 step + 1 step + 1 step\n2. 1 step + 2 steps\n3. 2 steps + 1 step'}], topics: [Dynamic Programming, Math, Memoization], problem_statement: You are climbing a staircase. It takes n steps to reach the top.

Each time you can either climb 1 or 2 steps. In how many distinct ways can you climb to the top?, title: Climbing Stairs, constraints: [1 <= n <= 45]})"
"(:Problem {difficulty: Easy, examples: [{'id': 1, 'input': 'head = [1,0,1]', 'output': '5', 'explanation': '(101) in base 2 = (5) in base 10'}, {'id': 2, 'input': 'head = [0]', 'output': '0', 'explanation': None}], topics: [Linked List, Bit Manipulation, Math], problem_statement: Given head which is a reference node to a singly-linked list. The value of each node in the linked list is either 0 or 1. The linked list holds the binary representation of a number.

Return the decimal value of the number in the linked list.

The most significant bit is at the head of the linked list., title: Convert Binary Number in a Linked List to Integer, constraints: [The Linked List is not empty., Number of nodes will not exceed 30., Each node's value is either 0 or 1.]})",[:SIMILAR_TOPIC {shared_topic: Bit Manipulation}],"(:Problem {difficulty: Easy, examples: [{'id': 1, 'input': 'n = 2', 'output': '[0,1,1]', 'explanation': '0 --> 0\n1 --> 1\n2 --> 10'}, {'id': 2, 'input': 'n = 5', 'output': '[0,1,1,2,1,2]', 'explanation': '0 --> 0\n1 --> 1\n2 --> 10\n3 --> 11\n4 --> 100\n5 --> 101'}], topics: [Dynamic Programming, Bit Manipulation], problem_statement: Given an integer n, return an array ans of length n + 1 such that for each i (0 <= i <= n), ans[i] is the number of 1's in the binary representation of i., title: Counting Bits, constraints: [0 <= n <= 10^5]})"
"(:Problem {difficulty: Easy, examples: [{'id': 1, 'input': 'head = [1,0,1]', 'output': '5', 'explanation': '(101) in base 2 = (5) in base 10'}, {'id': 2, 'input': 'head = [0]', 'output': '0', 'explanation': None}], topics: [Linked List, Bit Manipulation, Math], problem_statement: Given head which is a reference node to a singly-linked list. The value of each node in the linked list is either 0 or 1. The linked list holds the binary representation of a number.

Return the decimal value of the number in the linked list.

The most significant bit is at the head of the linked list., title: Convert Binary Number in a Linked List to Integer, constraints: [The Linked List is not empty., Number of nodes will not exceed 30., Each node's value is either 0 or 1.]})",[:SIMILAR_TOPIC {shared_topic: Linked List}],"(:Problem {difficulty: Easy, examples: [{'id': 1, 'input': 'head = [4,5,1,9], node = 5', 'output': '[4,1,9]', 'explanation': 'You are given the second node with value 5, the linked list should become 4 -> 1 -> 9 after calling your function.'}, {'id': 2, 'input': 'head = [4,5,1,9], node = 1', 'output': '[4,5,9]', 'explanation': 'You are given the third node with value 1, the linked list should become 4 -> 5 -> 9 after calling your function.'}], topics: [Linked List], problem_statement: There is a singly-linked list head and we want to delete a node node in it.

You are given the node to be deleted node. You will not be given access to the first node of head.

All the values of the linked list are unique, and it is guaranteed that the given node node is not the last node in the linked list.

Delete the given node. Note that by deleting the node, we do not mean removing it from memory. We mean:
- The value of the given node should not exist in the linked list.
- The number of nodes in the linked list should decrease by one.
- All the values before node should be in the same order.
- All the values after node should be in the same order., title: Delete Node in a Linked List, constraints: [The number of the nodes in the given list is in the range [2, 1000]., -1000 <= Node.val <= 1000, The value of each node in the list is unique., The node to be deleted is in the list and is not a tail node.]})"
"(:Problem {difficulty: Easy, examples: [{'id': 1, 'input': 'head = [1,0,1]', 'output': '5', 'explanation': '(101) in base 2 = (5) in base 10'}, {'id': 2, 'input': 'head = [0]', 'output': '0', 'explanation': None}], topics: [Linked List, Bit Manipulation, Math], problem_statement: Given head which is a reference node to a singly-linked list. The value of each node in the linked list is either 0 or 1. The linked list holds the binary representation of a number.

Return the decimal value of the number in the linked list.

The most significant bit is at the head of the linked list., title: Convert Binary Number in a Linked List to Integer, constraints: [The Linked List is not empty., Number of nodes will not exceed 30., Each node's value is either 0 or 1.]})",[:SIMILAR_TOPIC {shared_topic: Linked List}],"(:Problem {difficulty: Easy, examples: [{'id': 1, 'input': 'head = [3,2,0,-4], pos = 1', 'output': 'true', 'explanation': 'There is a cycle in the linked list, where the tail connects to the 1st node (0-indexed).'}, {'id': 2, 'input': 'head = [1,2], pos = 0', 'output': 'true', 'explanation': 'There is a cycle in the linked list, where the tail connects to the 0th node.'}, {'id': 3, 'input': 'head = [1], pos = -1', 'output': 'false', 'explanation': 'There is no cycle in the linked list.'}], topics: [Linked List, Two Pointers, Hash Table], problem_statement: Given head, the head of a linked list, determine if the linked list has a cycle in it.

There is a cycle in a linked list if there is some node in the list that can be reached again by continuously following the next pointer. Internally, pos is used to denote the index of the node that tail's next pointer is connected to. Note that pos is not passed as a parameter.

Return true if there is a cycle in the linked list. Otherwise, return false., title: Linked List Cycle, constraints: [The number of the nodes in the list is in the range [0, 10^4]., -10^5 <= Node.val <= 10^5, pos is -1 or a valid index in the linked-list.]})"
"(:Problem {difficulty: Easy, examples: [{'id': 1, 'input': 'head = [1,0,1]', 'output': '5', 'explanation': '(101) in base 2 = (5) in base 10'}, {'id': 2, 'input': 'head = [0]', 'output': '0', 'explanation': None}], topics: [Linked List, Bit Manipulation, Math], problem_statement: Given head which is a reference node to a singly-linked list. The value of each node in the linked list is either 0 or 1. The linked list holds the binary representation of a number.

Return the decimal value of the number in the linked list.

The most significant bit is at the head of the linked list., title: Convert Binary Number in a Linked List to Integer, constraints: [The Linked List is not empty., Number of nodes will not exceed 30., Each node's value is either 0 or 1.]})",[:SIMILAR_TOPIC {shared_topic: Math}],"(:Problem {difficulty: Easy, examples: [{'id': 1, 'input': 'num = 38', 'output': '2', 'explanation': 'The process is\n38 --> 3 + 8 --> 11\n11 --> 1 + 1 --> 2 \nSince 2 has only one digit, return it.'}, {'id': 2, 'input': 'num = 0', 'output': '0', 'explanation': None}], topics: [Math], problem_statement: Given an integer num, repeatedly add all its digits until the result has only one digit, and return it., title: Add Digits, constraints: [0 <= num <= 2^31 - 1]})"
"(:Problem {difficulty: Easy, examples: [{'id': 1, 'input': 'head = [1,0,1]', 'output': '5', 'explanation': '(101) in base 2 = (5) in base 10'}, {'id': 2, 'input': 'head = [0]', 'output': '0', 'explanation': None}], topics: [Linked List, Bit Manipulation, Math], problem_statement: Given head which is a reference node to a singly-linked list. The value of each node in the linked list is either 0 or 1. The linked list holds the binary representation of a number.

Return the decimal value of the number in the linked list.

The most significant bit is at the head of the linked list., title: Convert Binary Number in a Linked List to Integer, constraints: [The Linked List is not empty., Number of nodes will not exceed 30., Each node's value is either 0 or 1.]})",[:SIMILAR_TOPIC {shared_topic: Math}],"(:Problem {difficulty: Easy, examples: [{'id': 1, 'input': 'n = 19', 'output': 'true', 'explanation': '1^2 + 9^2 = 82\n8^2 + 2^2 = 68\n6^2 + 8^2 = 100\n1^2 + 0^2 + 0^2 = 1'}, {'id': 2, 'input': 'n = 2', 'output': 'false', 'explanation': None}], topics: [Math], problem_statement: Write an algorithm to determine if a number n is happy.

A happy number is a number defined by the following process:
- Starting with any positive integer, replace the number by the sum of the squares of its digits.
- Repeat the process until the number equals 1 (where it will stay), or it loops endlessly in a cycle which does not include 1.
- Those numbers for which this process ends in 1 are happy.

Return true if n is a happy number, and false if not., title: Happy Number, constraints: [1 <= n <= 2^31 - 1]})"
"(:Problem {difficulty: Easy, examples: [{'id': 1, 'input': 'head = [1,0,1]', 'output': '5', 'explanation': '(101) in base 2 = (5) in base 10'}, {'id': 2, 'input': 'head = [0]', 'output': '0', 'explanation': None}], topics: [Linked List, Bit Manipulation, Math], problem_statement: Given head which is a reference node to a singly-linked list. The value of each node in the linked list is either 0 or 1. The linked list holds the binary representation of a number.

Return the decimal value of the number in the linked list.

The most significant bit is at the head of the linked list., title: Convert Binary Number in a Linked List to Integer, constraints: [The Linked List is not empty., Number of nodes will not exceed 30., Each node's value is either 0 or 1.]})",[:SIMILAR_TOPIC {shared_topic: Linked List}],"(:Problem {difficulty: Hard, examples: [{'id': 1, 'input': 'lists = [[1,4,5],[1,3,4],[2,6]]', 'output': '[1,1,2,3,4,4,5,6]', 'explanation': 'The linked-lists are:\n[\n  1->4->5,\n  1->3->4,\n  2->6\n]\nmerging them into one sorted linked list:\n1->1->2->3->4->4->5->6'}, {'id': 2, 'input': 'lists = []', 'output': '[]', 'explanation': None}, {'id': 3, 'input': 'lists = [[]]', 'output': '[]', 'explanation': None}], topics: [Linked List], problem_statement: You are given an array of k linked-lists lists, each linked-list is sorted in ascending order.

Merge all the linked-lists into one sorted linked-list and return it., title: Merge k Sorted Lists, constraints: [k == lists.length, 0 <= k <= 10^4, 0 <= lists[i].length <= 500, -10^4 <= lists[i][j] <= 10^4, lists[i] is sorted in ascending order., The sum of lists[i].length will not exceed 10^4.]})"
"(:Problem {difficulty: Easy, examples: [{'id': 1, 'input': 'head = [1,0,1]', 'output': '5', 'explanation': '(101) in base 2 = (5) in base 10'}, {'id': 2, 'input': 'head = [0]', 'output': '0', 'explanation': None}], topics: [Linked List, Bit Manipulation, Math], problem_statement: Given head which is a reference node to a singly-linked list. The value of each node in the linked list is either 0 or 1. The linked list holds the binary representation of a number.

Return the decimal value of the number in the linked list.

The most significant bit is at the head of the linked list., title: Convert Binary Number in a Linked List to Integer, constraints: [The Linked List is not empty., Number of nodes will not exceed 30., Each node's value is either 0 or 1.]})",[:SIMILAR_TOPIC {shared_topic: Math}],"(:Problem {difficulty: Hard, examples: [{'id': 1, 'input': 'buckets = 4, minutesToDie = 15, minutesToTest = 15', 'output': '2', 'explanation': 'We can determine the poisonous bucket as follows:\nAt time 0, feed the first pig buckets 1 and 2, and feed the second pig buckets 2 and 3.\nAt time 15, there are 4 possible outcomes:\n- If only the first pig dies, then bucket 1 must be poisonous.\n- If only the second pig dies, then bucket 3 must be poisonous.\n- If both pigs die, then bucket 2 must be poisonous.\n- If neither pig dies, then bucket 4 must be poisonous.'}, {'id': 2, 'input': 'buckets = 4, minutesToDie = 15, minutesToTest = 30', 'output': '2', 'explanation': 'We can determine the poisonous bucket as follows:\nAt time 0, feed the first pig bucket 1, and feed the second pig bucket 2.\nAt time 15, there are 2 possible outcomes:\n- If either pig dies, then the poisonous bucket is the one it was fed.\n- If neither pig dies, then feed the first pig bucket 3, and feed the second pig bucket 4.\nAt time 30, one of the two pigs must die, and the poisonous bucket is the one it was fed.'}], topics: [Math], problem_statement: There are buckets buckets of liquid, where exactly one of the buckets is poisonous. To figure out which one is poisonous, you feed some number of (poor) pigs the liquid to see whether they will die or not. Unfortunately, you only have minutesToTest minutes to determine which bucket is poisonous.

You can feed the pigs according to these steps:
1. Choose some live pigs to feed.
2. For each pig, choose which buckets to feed it. The pig will consume all the chosen buckets simultaneously and will take no time. Each pig can feed from any number of buckets, and each bucket can be fed from by any number of pigs.
3. Wait for minutesToDie minutes. You may not feed any other pigs during this time.
4. After minutesToDie minutes have passed, any pigs that have been fed the poisonous bucket will die, and all others will survive.
5. Repeat this process until you run out of time.

Given buckets, minutesToDie, and minutesToTest, return the minimum number of pigs needed to figure out which bucket is poisonous within the allotted time., title: Poor Pigs, constraints: [1 <= buckets <= 1000, 1 <= minutesToDie <= minutesToTest <= 100]})"
"(:Problem {difficulty: Easy, examples: [{'id': 1, 'input': 'head = [4,5,1,9], node = 5', 'output': '[4,1,9]', 'explanation': 'You are given the second node with value 5, the linked list should become 4 -> 1 -> 9 after calling your function.'}, {'id': 2, 'input': 'head = [4,5,1,9], node = 1', 'output': '[4,5,9]', 'explanation': 'You are given the third node with value 1, the linked list should become 4 -> 5 -> 9 after calling your function.'}], topics: [Linked List], problem_statement: There is a singly-linked list head and we want to delete a node node in it.

You are given the node to be deleted node. You will not be given access to the first node of head.

All the values of the linked list are unique, and it is guaranteed that the given node node is not the last node in the linked list.

Delete the given node. Note that by deleting the node, we do not mean removing it from memory. We mean:
- The value of the given node should not exist in the linked list.
- The number of nodes in the linked list should decrease by one.
- All the values before node should be in the same order.
- All the values after node should be in the same order., title: Delete Node in a Linked List, constraints: [The number of the nodes in the given list is in the range [2, 1000]., -1000 <= Node.val <= 1000, The value of each node in the list is unique., The node to be deleted is in the list and is not a tail node.]})",[:BELONGS_TO_TOPIC],(:Topic {name: Linked List})
"(:Problem {difficulty: Easy, examples: [{'id': 1, 'input': 'head = [4,5,1,9], node = 5', 'output': '[4,1,9]', 'explanation': 'You are given the second node with value 5, the linked list should become 4 -> 1 -> 9 after calling your function.'}, {'id': 2, 'input': 'head = [4,5,1,9], node = 1', 'output': '[4,5,9]', 'explanation': 'You are given the third node with value 1, the linked list should become 4 -> 5 -> 9 after calling your function.'}], topics: [Linked List], problem_statement: There is a singly-linked list head and we want to delete a node node in it.

You are given the node to be deleted node. You will not be given access to the first node of head.

All the values of the linked list are unique, and it is guaranteed that the given node node is not the last node in the linked list.

Delete the given node. Note that by deleting the node, we do not mean removing it from memory. We mean:
- The value of the given node should not exist in the linked list.
- The number of nodes in the linked list should decrease by one.
- All the values before node should be in the same order.
- All the values after node should be in the same order., title: Delete Node in a Linked List, constraints: [The number of the nodes in the given list is in the range [2, 1000]., -1000 <= Node.val <= 1000, The value of each node in the list is unique., The node to be deleted is in the list and is not a tail node.]})",[:HAS_DIFFICULTY],(:Difficulty {level: Easy})
"(:Problem {difficulty: Easy, examples: [{'id': 1, 'input': 'head = [4,5,1,9], node = 5', 'output': '[4,1,9]', 'explanation': 'You are given the second node with value 5, the linked list should become 4 -> 1 -> 9 after calling your function.'}, {'id': 2, 'input': 'head = [4,5,1,9], node = 1', 'output': '[4,5,9]', 'explanation': 'You are given the third node with value 1, the linked list should become 4 -> 5 -> 9 after calling your function.'}], topics: [Linked List], problem_statement: There is a singly-linked list head and we want to delete a node node in it.

You are given the node to be deleted node. You will not be given access to the first node of head.

All the values of the linked list are unique, and it is guaranteed that the given node node is not the last node in the linked list.

Delete the given node. Note that by deleting the node, we do not mean removing it from memory. We mean:
- The value of the given node should not exist in the linked list.
- The number of nodes in the linked list should decrease by one.
- All the values before node should be in the same order.
- All the values after node should be in the same order., title: Delete Node in a Linked List, constraints: [The number of the nodes in the given list is in the range [2, 1000]., -1000 <= Node.val <= 1000, The value of each node in the list is unique., The node to be deleted is in the list and is not a tail node.]})",[:HAS_SOLUTION],"(:Solution {code: class Solution {
public:
    void deleteNode(ListNode* node) {
        ListNode* temp = node -> next;
        node -> val = temp -> val;
        node -> next = temp -> next;
        delete temp;
    }
};, language: C++, approach: Copy Next Node's Value})"
"(:Problem {difficulty: Easy, examples: [{'id': 1, 'input': 'head = [4,5,1,9], node = 5', 'output': '[4,1,9]', 'explanation': 'You are given the second node with value 5, the linked list should become 4 -> 1 -> 9 after calling your function.'}, {'id': 2, 'input': 'head = [4,5,1,9], node = 1', 'output': '[4,5,9]', 'explanation': 'You are given the third node with value 1, the linked list should become 4 -> 5 -> 9 after calling your function.'}], topics: [Linked List], problem_statement: There is a singly-linked list head and we want to delete a node node in it.

You are given the node to be deleted node. You will not be given access to the first node of head.

All the values of the linked list are unique, and it is guaranteed that the given node node is not the last node in the linked list.

Delete the given node. Note that by deleting the node, we do not mean removing it from memory. We mean:
- The value of the given node should not exist in the linked list.
- The number of nodes in the linked list should decrease by one.
- All the values before node should be in the same order.
- All the values after node should be in the same order., title: Delete Node in a Linked List, constraints: [The number of the nodes in the given list is in the range [2, 1000]., -1000 <= Node.val <= 1000, The value of each node in the list is unique., The node to be deleted is in the list and is not a tail node.]})",[:SIMILAR_TOPIC {shared_topic: Linked List}],"(:Problem {difficulty: Easy, examples: [{'id': 1, 'input': 'head = [1,0,1]', 'output': '5', 'explanation': '(101) in base 2 = (5) in base 10'}, {'id': 2, 'input': 'head = [0]', 'output': '0', 'explanation': None}], topics: [Linked List, Bit Manipulation, Math], problem_statement: Given head which is a reference node to a singly-linked list. The value of each node in the linked list is either 0 or 1. The linked list holds the binary representation of a number.

Return the decimal value of the number in the linked list.

The most significant bit is at the head of the linked list., title: Convert Binary Number in a Linked List to Integer, constraints: [The Linked List is not empty., Number of nodes will not exceed 30., Each node's value is either 0 or 1.]})"
"(:Problem {difficulty: Easy, examples: [{'id': 1, 'input': 'head = [4,5,1,9], node = 5', 'output': '[4,1,9]', 'explanation': 'You are given the second node with value 5, the linked list should become 4 -> 1 -> 9 after calling your function.'}, {'id': 2, 'input': 'head = [4,5,1,9], node = 1', 'output': '[4,5,9]', 'explanation': 'You are given the third node with value 1, the linked list should become 4 -> 5 -> 9 after calling your function.'}], topics: [Linked List], problem_statement: There is a singly-linked list head and we want to delete a node node in it.

You are given the node to be deleted node. You will not be given access to the first node of head.

All the values of the linked list are unique, and it is guaranteed that the given node node is not the last node in the linked list.

Delete the given node. Note that by deleting the node, we do not mean removing it from memory. We mean:
- The value of the given node should not exist in the linked list.
- The number of nodes in the linked list should decrease by one.
- All the values before node should be in the same order.
- All the values after node should be in the same order., title: Delete Node in a Linked List, constraints: [The number of the nodes in the given list is in the range [2, 1000]., -1000 <= Node.val <= 1000, The value of each node in the list is unique., The node to be deleted is in the list and is not a tail node.]})",[:SIMILAR_TOPIC {shared_topic: Linked List}],"(:Problem {difficulty: Easy, examples: [{'id': 1, 'input': 'head = [3,2,0,-4], pos = 1', 'output': 'true', 'explanation': 'There is a cycle in the linked list, where the tail connects to the 1st node (0-indexed).'}, {'id': 2, 'input': 'head = [1,2], pos = 0', 'output': 'true', 'explanation': 'There is a cycle in the linked list, where the tail connects to the 0th node.'}, {'id': 3, 'input': 'head = [1], pos = -1', 'output': 'false', 'explanation': 'There is no cycle in the linked list.'}], topics: [Linked List, Two Pointers, Hash Table], problem_statement: Given head, the head of a linked list, determine if the linked list has a cycle in it.

There is a cycle in a linked list if there is some node in the list that can be reached again by continuously following the next pointer. Internally, pos is used to denote the index of the node that tail's next pointer is connected to. Note that pos is not passed as a parameter.

Return true if there is a cycle in the linked list. Otherwise, return false., title: Linked List Cycle, constraints: [The number of the nodes in the list is in the range [0, 10^4]., -10^5 <= Node.val <= 10^5, pos is -1 or a valid index in the linked-list.]})"
"(:Problem {difficulty: Easy, examples: [{'id': 1, 'input': 'head = [4,5,1,9], node = 5', 'output': '[4,1,9]', 'explanation': 'You are given the second node with value 5, the linked list should become 4 -> 1 -> 9 after calling your function.'}, {'id': 2, 'input': 'head = [4,5,1,9], node = 1', 'output': '[4,5,9]', 'explanation': 'You are given the third node with value 1, the linked list should become 4 -> 5 -> 9 after calling your function.'}], topics: [Linked List], problem_statement: There is a singly-linked list head and we want to delete a node node in it.

You are given the node to be deleted node. You will not be given access to the first node of head.

All the values of the linked list are unique, and it is guaranteed that the given node node is not the last node in the linked list.

Delete the given node. Note that by deleting the node, we do not mean removing it from memory. We mean:
- The value of the given node should not exist in the linked list.
- The number of nodes in the linked list should decrease by one.
- All the values before node should be in the same order.
- All the values after node should be in the same order., title: Delete Node in a Linked List, constraints: [The number of the nodes in the given list is in the range [2, 1000]., -1000 <= Node.val <= 1000, The value of each node in the list is unique., The node to be deleted is in the list and is not a tail node.]})",[:SIMILAR_TOPIC {shared_topic: Linked List}],"(:Problem {difficulty: Hard, examples: [{'id': 1, 'input': 'lists = [[1,4,5],[1,3,4],[2,6]]', 'output': '[1,1,2,3,4,4,5,6]', 'explanation': 'The linked-lists are:\n[\n  1->4->5,\n  1->3->4,\n  2->6\n]\nmerging them into one sorted linked list:\n1->1->2->3->4->4->5->6'}, {'id': 2, 'input': 'lists = []', 'output': '[]', 'explanation': None}, {'id': 3, 'input': 'lists = [[]]', 'output': '[]', 'explanation': None}], topics: [Linked List], problem_statement: You are given an array of k linked-lists lists, each linked-list is sorted in ascending order.

Merge all the linked-lists into one sorted linked-list and return it., title: Merge k Sorted Lists, constraints: [k == lists.length, 0 <= k <= 10^4, 0 <= lists[i].length <= 500, -10^4 <= lists[i][j] <= 10^4, lists[i] is sorted in ascending order., The sum of lists[i].length will not exceed 10^4.]})"
"(:Problem {difficulty: Easy, examples: [{'id': 1, 'input': 'head = [3,2,0,-4], pos = 1', 'output': 'true', 'explanation': 'There is a cycle in the linked list, where the tail connects to the 1st node (0-indexed).'}, {'id': 2, 'input': 'head = [1,2], pos = 0', 'output': 'true', 'explanation': 'There is a cycle in the linked list, where the tail connects to the 0th node.'}, {'id': 3, 'input': 'head = [1], pos = -1', 'output': 'false', 'explanation': 'There is no cycle in the linked list.'}], topics: [Linked List, Two Pointers, Hash Table], problem_statement: Given head, the head of a linked list, determine if the linked list has a cycle in it.

There is a cycle in a linked list if there is some node in the list that can be reached again by continuously following the next pointer. Internally, pos is used to denote the index of the node that tail's next pointer is connected to. Note that pos is not passed as a parameter.

Return true if there is a cycle in the linked list. Otherwise, return false., title: Linked List Cycle, constraints: [The number of the nodes in the list is in the range [0, 10^4]., -10^5 <= Node.val <= 10^5, pos is -1 or a valid index in the linked-list.]})",[:BELONGS_TO_TOPIC],(:Topic {name: Hash Table})
"(:Problem {difficulty: Easy, examples: [{'id': 1, 'input': 'head = [3,2,0,-4], pos = 1', 'output': 'true', 'explanation': 'There is a cycle in the linked list, where the tail connects to the 1st node (0-indexed).'}, {'id': 2, 'input': 'head = [1,2], pos = 0', 'output': 'true', 'explanation': 'There is a cycle in the linked list, where the tail connects to the 0th node.'}, {'id': 3, 'input': 'head = [1], pos = -1', 'output': 'false', 'explanation': 'There is no cycle in the linked list.'}], topics: [Linked List, Two Pointers, Hash Table], problem_statement: Given head, the head of a linked list, determine if the linked list has a cycle in it.

There is a cycle in a linked list if there is some node in the list that can be reached again by continuously following the next pointer. Internally, pos is used to denote the index of the node that tail's next pointer is connected to. Note that pos is not passed as a parameter.

Return true if there is a cycle in the linked list. Otherwise, return false., title: Linked List Cycle, constraints: [The number of the nodes in the list is in the range [0, 10^4]., -10^5 <= Node.val <= 10^5, pos is -1 or a valid index in the linked-list.]})",[:BELONGS_TO_TOPIC],(:Topic {name: Linked List})
"(:Problem {difficulty: Easy, examples: [{'id': 1, 'input': 'head = [3,2,0,-4], pos = 1', 'output': 'true', 'explanation': 'There is a cycle in the linked list, where the tail connects to the 1st node (0-indexed).'}, {'id': 2, 'input': 'head = [1,2], pos = 0', 'output': 'true', 'explanation': 'There is a cycle in the linked list, where the tail connects to the 0th node.'}, {'id': 3, 'input': 'head = [1], pos = -1', 'output': 'false', 'explanation': 'There is no cycle in the linked list.'}], topics: [Linked List, Two Pointers, Hash Table], problem_statement: Given head, the head of a linked list, determine if the linked list has a cycle in it.

There is a cycle in a linked list if there is some node in the list that can be reached again by continuously following the next pointer. Internally, pos is used to denote the index of the node that tail's next pointer is connected to. Note that pos is not passed as a parameter.

Return true if there is a cycle in the linked list. Otherwise, return false., title: Linked List Cycle, constraints: [The number of the nodes in the list is in the range [0, 10^4]., -10^5 <= Node.val <= 10^5, pos is -1 or a valid index in the linked-list.]})",[:BELONGS_TO_TOPIC],(:Topic {name: Two Pointers})
"(:Problem {difficulty: Easy, examples: [{'id': 1, 'input': 'head = [3,2,0,-4], pos = 1', 'output': 'true', 'explanation': 'There is a cycle in the linked list, where the tail connects to the 1st node (0-indexed).'}, {'id': 2, 'input': 'head = [1,2], pos = 0', 'output': 'true', 'explanation': 'There is a cycle in the linked list, where the tail connects to the 0th node.'}, {'id': 3, 'input': 'head = [1], pos = -1', 'output': 'false', 'explanation': 'There is no cycle in the linked list.'}], topics: [Linked List, Two Pointers, Hash Table], problem_statement: Given head, the head of a linked list, determine if the linked list has a cycle in it.

There is a cycle in a linked list if there is some node in the list that can be reached again by continuously following the next pointer. Internally, pos is used to denote the index of the node that tail's next pointer is connected to. Note that pos is not passed as a parameter.

Return true if there is a cycle in the linked list. Otherwise, return false., title: Linked List Cycle, constraints: [The number of the nodes in the list is in the range [0, 10^4]., -10^5 <= Node.val <= 10^5, pos is -1 or a valid index in the linked-list.]})",[:HAS_DIFFICULTY],(:Difficulty {level: Easy})
"(:Problem {difficulty: Easy, examples: [{'id': 1, 'input': 'head = [3,2,0,-4], pos = 1', 'output': 'true', 'explanation': 'There is a cycle in the linked list, where the tail connects to the 1st node (0-indexed).'}, {'id': 2, 'input': 'head = [1,2], pos = 0', 'output': 'true', 'explanation': 'There is a cycle in the linked list, where the tail connects to the 0th node.'}, {'id': 3, 'input': 'head = [1], pos = -1', 'output': 'false', 'explanation': 'There is no cycle in the linked list.'}], topics: [Linked List, Two Pointers, Hash Table], problem_statement: Given head, the head of a linked list, determine if the linked list has a cycle in it.

There is a cycle in a linked list if there is some node in the list that can be reached again by continuously following the next pointer. Internally, pos is used to denote the index of the node that tail's next pointer is connected to. Note that pos is not passed as a parameter.

Return true if there is a cycle in the linked list. Otherwise, return false., title: Linked List Cycle, constraints: [The number of the nodes in the list is in the range [0, 10^4]., -10^5 <= Node.val <= 10^5, pos is -1 or a valid index in the linked-list.]})",[:HAS_SOLUTION],"(:Solution {code: class Solution {
public:
    bool hasCycle(ListNode *head) {
        ListNode *fast = head;
        ListNode *slow = head;
        
        while(fast != NULL && fast -> next != NULL)
        {
            fast = fast -> next -> next;
            slow = slow -> next;
            
            if(fast == slow)
                return true;
        }
        
        return false;
    }
};, language: C++, approach: Floyd's Tortoise and Hare Algorithm})"
"(:Problem {difficulty: Easy, examples: [{'id': 1, 'input': 'head = [3,2,0,-4], pos = 1', 'output': 'true', 'explanation': 'There is a cycle in the linked list, where the tail connects to the 1st node (0-indexed).'}, {'id': 2, 'input': 'head = [1,2], pos = 0', 'output': 'true', 'explanation': 'There is a cycle in the linked list, where the tail connects to the 0th node.'}, {'id': 3, 'input': 'head = [1], pos = -1', 'output': 'false', 'explanation': 'There is no cycle in the linked list.'}], topics: [Linked List, Two Pointers, Hash Table], problem_statement: Given head, the head of a linked list, determine if the linked list has a cycle in it.

There is a cycle in a linked list if there is some node in the list that can be reached again by continuously following the next pointer. Internally, pos is used to denote the index of the node that tail's next pointer is connected to. Note that pos is not passed as a parameter.

Return true if there is a cycle in the linked list. Otherwise, return false., title: Linked List Cycle, constraints: [The number of the nodes in the list is in the range [0, 10^4]., -10^5 <= Node.val <= 10^5, pos is -1 or a valid index in the linked-list.]})",[:SIMILAR_TOPIC {shared_topic: Hash Table}],"(:Problem {difficulty: Easy, examples: [{'id': 1, 'input': 'sentence = ""thequickbrownfoxjumpsoverthelazydog""', 'output': 'true', 'explanation': 'sentence contains at least one of every letter of the English alphabet.'}, {'id': 2, 'input': 'sentence = ""leetcode""', 'output': 'false', 'explanation': None}], topics: [Array, Hash Table, String], problem_statement: A pangram is a sentence where every letter of the English alphabet appears at least once. Given a string sentence containing only lowercase English letters, return true if sentence is a pangram, or false otherwise., title: Check if the Sentence Is Pangram, constraints: [1 <= sentence.length <= 1000, sentence consists of lowercase English letters.]})"
"(:Problem {difficulty: Easy, examples: [{'id': 1, 'input': 'head = [3,2,0,-4], pos = 1', 'output': 'true', 'explanation': 'There is a cycle in the linked list, where the tail connects to the 1st node (0-indexed).'}, {'id': 2, 'input': 'head = [1,2], pos = 0', 'output': 'true', 'explanation': 'There is a cycle in the linked list, where the tail connects to the 0th node.'}, {'id': 3, 'input': 'head = [1], pos = -1', 'output': 'false', 'explanation': 'There is no cycle in the linked list.'}], topics: [Linked List, Two Pointers, Hash Table], problem_statement: Given head, the head of a linked list, determine if the linked list has a cycle in it.

There is a cycle in a linked list if there is some node in the list that can be reached again by continuously following the next pointer. Internally, pos is used to denote the index of the node that tail's next pointer is connected to. Note that pos is not passed as a parameter.

Return true if there is a cycle in the linked list. Otherwise, return false., title: Linked List Cycle, constraints: [The number of the nodes in the list is in the range [0, 10^4]., -10^5 <= Node.val <= 10^5, pos is -1 or a valid index in the linked-list.]})",[:SIMILAR_TOPIC {shared_topic: Linked List}],"(:Problem {difficulty: Easy, examples: [{'id': 1, 'input': 'head = [1,0,1]', 'output': '5', 'explanation': '(101) in base 2 = (5) in base 10'}, {'id': 2, 'input': 'head = [0]', 'output': '0', 'explanation': None}], topics: [Linked List, Bit Manipulation, Math], problem_statement: Given head which is a reference node to a singly-linked list. The value of each node in the linked list is either 0 or 1. The linked list holds the binary representation of a number.

Return the decimal value of the number in the linked list.

The most significant bit is at the head of the linked list., title: Convert Binary Number in a Linked List to Integer, constraints: [The Linked List is not empty., Number of nodes will not exceed 30., Each node's value is either 0 or 1.]})"
"(:Problem {difficulty: Easy, examples: [{'id': 1, 'input': 'head = [3,2,0,-4], pos = 1', 'output': 'true', 'explanation': 'There is a cycle in the linked list, where the tail connects to the 1st node (0-indexed).'}, {'id': 2, 'input': 'head = [1,2], pos = 0', 'output': 'true', 'explanation': 'There is a cycle in the linked list, where the tail connects to the 0th node.'}, {'id': 3, 'input': 'head = [1], pos = -1', 'output': 'false', 'explanation': 'There is no cycle in the linked list.'}], topics: [Linked List, Two Pointers, Hash Table], problem_statement: Given head, the head of a linked list, determine if the linked list has a cycle in it.

There is a cycle in a linked list if there is some node in the list that can be reached again by continuously following the next pointer. Internally, pos is used to denote the index of the node that tail's next pointer is connected to. Note that pos is not passed as a parameter.

Return true if there is a cycle in the linked list. Otherwise, return false., title: Linked List Cycle, constraints: [The number of the nodes in the list is in the range [0, 10^4]., -10^5 <= Node.val <= 10^5, pos is -1 or a valid index in the linked-list.]})",[:SIMILAR_TOPIC {shared_topic: Linked List}],"(:Problem {difficulty: Easy, examples: [{'id': 1, 'input': 'head = [4,5,1,9], node = 5', 'output': '[4,1,9]', 'explanation': 'You are given the second node with value 5, the linked list should become 4 -> 1 -> 9 after calling your function.'}, {'id': 2, 'input': 'head = [4,5,1,9], node = 1', 'output': '[4,5,9]', 'explanation': 'You are given the third node with value 1, the linked list should become 4 -> 5 -> 9 after calling your function.'}], topics: [Linked List], problem_statement: There is a singly-linked list head and we want to delete a node node in it.

You are given the node to be deleted node. You will not be given access to the first node of head.

All the values of the linked list are unique, and it is guaranteed that the given node node is not the last node in the linked list.

Delete the given node. Note that by deleting the node, we do not mean removing it from memory. We mean:
- The value of the given node should not exist in the linked list.
- The number of nodes in the linked list should decrease by one.
- All the values before node should be in the same order.
- All the values after node should be in the same order., title: Delete Node in a Linked List, constraints: [The number of the nodes in the given list is in the range [2, 1000]., -1000 <= Node.val <= 1000, The value of each node in the list is unique., The node to be deleted is in the list and is not a tail node.]})"
"(:Problem {difficulty: Easy, examples: [{'id': 1, 'input': 'head = [3,2,0,-4], pos = 1', 'output': 'true', 'explanation': 'There is a cycle in the linked list, where the tail connects to the 1st node (0-indexed).'}, {'id': 2, 'input': 'head = [1,2], pos = 0', 'output': 'true', 'explanation': 'There is a cycle in the linked list, where the tail connects to the 0th node.'}, {'id': 3, 'input': 'head = [1], pos = -1', 'output': 'false', 'explanation': 'There is no cycle in the linked list.'}], topics: [Linked List, Two Pointers, Hash Table], problem_statement: Given head, the head of a linked list, determine if the linked list has a cycle in it.

There is a cycle in a linked list if there is some node in the list that can be reached again by continuously following the next pointer. Internally, pos is used to denote the index of the node that tail's next pointer is connected to. Note that pos is not passed as a parameter.

Return true if there is a cycle in the linked list. Otherwise, return false., title: Linked List Cycle, constraints: [The number of the nodes in the list is in the range [0, 10^4]., -10^5 <= Node.val <= 10^5, pos is -1 or a valid index in the linked-list.]})",[:SIMILAR_TOPIC {shared_topic: Linked List}],"(:Problem {difficulty: Hard, examples: [{'id': 1, 'input': 'lists = [[1,4,5],[1,3,4],[2,6]]', 'output': '[1,1,2,3,4,4,5,6]', 'explanation': 'The linked-lists are:\n[\n  1->4->5,\n  1->3->4,\n  2->6\n]\nmerging them into one sorted linked list:\n1->1->2->3->4->4->5->6'}, {'id': 2, 'input': 'lists = []', 'output': '[]', 'explanation': None}, {'id': 3, 'input': 'lists = [[]]', 'output': '[]', 'explanation': None}], topics: [Linked List], problem_statement: You are given an array of k linked-lists lists, each linked-list is sorted in ascending order.

Merge all the linked-lists into one sorted linked-list and return it., title: Merge k Sorted Lists, constraints: [k == lists.length, 0 <= k <= 10^4, 0 <= lists[i].length <= 500, -10^4 <= lists[i][j] <= 10^4, lists[i] is sorted in ascending order., The sum of lists[i].length will not exceed 10^4.]})"
"(:Problem {difficulty: Easy, examples: [{'id': 1, 'input': 'num = 38', 'output': '2', 'explanation': 'The process is\n38 --> 3 + 8 --> 11\n11 --> 1 + 1 --> 2 \nSince 2 has only one digit, return it.'}, {'id': 2, 'input': 'num = 0', 'output': '0', 'explanation': None}], topics: [Math], problem_statement: Given an integer num, repeatedly add all its digits until the result has only one digit, and return it., title: Add Digits, constraints: [0 <= num <= 2^31 - 1]})",[:BELONGS_TO_TOPIC],(:Topic {name: Math})
"(:Problem {difficulty: Easy, examples: [{'id': 1, 'input': 'num = 38', 'output': '2', 'explanation': 'The process is\n38 --> 3 + 8 --> 11\n11 --> 1 + 1 --> 2 \nSince 2 has only one digit, return it.'}, {'id': 2, 'input': 'num = 0', 'output': '0', 'explanation': None}], topics: [Math], problem_statement: Given an integer num, repeatedly add all its digits until the result has only one digit, and return it., title: Add Digits, constraints: [0 <= num <= 2^31 - 1]})",[:HAS_DIFFICULTY],(:Difficulty {level: Easy})
"(:Problem {difficulty: Easy, examples: [{'id': 1, 'input': 'num = 38', 'output': '2', 'explanation': 'The process is\n38 --> 3 + 8 --> 11\n11 --> 1 + 1 --> 2 \nSince 2 has only one digit, return it.'}, {'id': 2, 'input': 'num = 0', 'output': '0', 'explanation': None}], topics: [Math], problem_statement: Given an integer num, repeatedly add all its digits until the result has only one digit, and return it., title: Add Digits, constraints: [0 <= num <= 2^31 - 1]})",[:HAS_SOLUTION],"(:Solution {code: class Solution {
public:
    int addDigits(int num) {
        if(num == 0)
            return 0;
        else if(num % 9 == 0)
            return 9;
        else 
            return num % 9;
    }
};, language: C++, approach: Digital Root (Mathematical Property)})"
"(:Problem {difficulty: Easy, examples: [{'id': 1, 'input': 'num = 38', 'output': '2', 'explanation': 'The process is\n38 --> 3 + 8 --> 11\n11 --> 1 + 1 --> 2 \nSince 2 has only one digit, return it.'}, {'id': 2, 'input': 'num = 0', 'output': '0', 'explanation': None}], topics: [Math], problem_statement: Given an integer num, repeatedly add all its digits until the result has only one digit, and return it., title: Add Digits, constraints: [0 <= num <= 2^31 - 1]})",[:HAS_SOLUTION],"(:Solution {code: class Solution:
    def addDigits(self, num: int) -> int:
        if num == 0:
            return 0
        elif num % 9 == 0:
            return 9
        else:
            return num % 9, language: Python, approach: Digital Root (Mathematical Property)})"
"(:Problem {difficulty: Easy, examples: [{'id': 1, 'input': 'num = 38', 'output': '2', 'explanation': 'The process is\n38 --> 3 + 8 --> 11\n11 --> 1 + 1 --> 2 \nSince 2 has only one digit, return it.'}, {'id': 2, 'input': 'num = 0', 'output': '0', 'explanation': None}], topics: [Math], problem_statement: Given an integer num, repeatedly add all its digits until the result has only one digit, and return it., title: Add Digits, constraints: [0 <= num <= 2^31 - 1]})",[:SIMILAR_TOPIC {shared_topic: Math}],"(:Problem {difficulty: Easy, examples: [{'id': 1, 'input': 'n = 5, start = 0', 'output': '8', 'explanation': 'Array nums is equal to [0, 2, 4, 6, 8] where (0 ^ 2 ^ 4 ^ 6 ^ 8) = 8.\nWhere ""^"" corresponds to bitwise XOR operator.'}, {'id': 2, 'input': 'n = 4, start = 3', 'output': '8', 'explanation': 'Array nums is equal to [3, 5, 7, 9] where (3 ^ 5 ^ 7 ^ 9) = 8.'}], topics: [Bit Manipulation, Array, Math], problem_statement: You are given an integer n and an integer start.

Define an array nums where nums[i] = start + 2 * i (0-indexed) and n == nums.length.

Return the bitwise XOR of all elements of nums., title: XOR Operation in an Array, constraints: [1 <= n <= 1000, 0 <= start <= 1000, n == nums.length]})"
"(:Problem {difficulty: Easy, examples: [{'id': 1, 'input': 'num = 38', 'output': '2', 'explanation': 'The process is\n38 --> 3 + 8 --> 11\n11 --> 1 + 1 --> 2 \nSince 2 has only one digit, return it.'}, {'id': 2, 'input': 'num = 0', 'output': '0', 'explanation': None}], topics: [Math], problem_statement: Given an integer num, repeatedly add all its digits until the result has only one digit, and return it., title: Add Digits, constraints: [0 <= num <= 2^31 - 1]})",[:SIMILAR_TOPIC {shared_topic: Math}],"(:Problem {difficulty: Easy, examples: [{'id': 1, 'input': 'n = 2', 'output': '2', 'explanation': 'There are two ways to climb to the top.\n1. 1 step + 1 step\n2. 2 steps'}, {'id': 2, 'input': 'n = 3', 'output': '3', 'explanation': 'There are three ways to climb to the top.\n1. 1 step + 1 step + 1 step\n2. 1 step + 2 steps\n3. 2 steps + 1 step'}], topics: [Dynamic Programming, Math, Memoization], problem_statement: You are climbing a staircase. It takes n steps to reach the top.

Each time you can either climb 1 or 2 steps. In how many distinct ways can you climb to the top?, title: Climbing Stairs, constraints: [1 <= n <= 45]})"
"(:Problem {difficulty: Easy, examples: [{'id': 1, 'input': 'num = 38', 'output': '2', 'explanation': 'The process is\n38 --> 3 + 8 --> 11\n11 --> 1 + 1 --> 2 \nSince 2 has only one digit, return it.'}, {'id': 2, 'input': 'num = 0', 'output': '0', 'explanation': None}], topics: [Math], problem_statement: Given an integer num, repeatedly add all its digits until the result has only one digit, and return it., title: Add Digits, constraints: [0 <= num <= 2^31 - 1]})",[:SIMILAR_TOPIC {shared_topic: Math}],"(:Problem {difficulty: Easy, examples: [{'id': 1, 'input': 'head = [1,0,1]', 'output': '5', 'explanation': '(101) in base 2 = (5) in base 10'}, {'id': 2, 'input': 'head = [0]', 'output': '0', 'explanation': None}], topics: [Linked List, Bit Manipulation, Math], problem_statement: Given head which is a reference node to a singly-linked list. The value of each node in the linked list is either 0 or 1. The linked list holds the binary representation of a number.

Return the decimal value of the number in the linked list.

The most significant bit is at the head of the linked list., title: Convert Binary Number in a Linked List to Integer, constraints: [The Linked List is not empty., Number of nodes will not exceed 30., Each node's value is either 0 or 1.]})"
"(:Problem {difficulty: Easy, examples: [{'id': 1, 'input': 'num = 38', 'output': '2', 'explanation': 'The process is\n38 --> 3 + 8 --> 11\n11 --> 1 + 1 --> 2 \nSince 2 has only one digit, return it.'}, {'id': 2, 'input': 'num = 0', 'output': '0', 'explanation': None}], topics: [Math], problem_statement: Given an integer num, repeatedly add all its digits until the result has only one digit, and return it., title: Add Digits, constraints: [0 <= num <= 2^31 - 1]})",[:SIMILAR_TOPIC {shared_topic: Math}],"(:Problem {difficulty: Easy, examples: [{'id': 1, 'input': 'n = 19', 'output': 'true', 'explanation': '1^2 + 9^2 = 82\n8^2 + 2^2 = 68\n6^2 + 8^2 = 100\n1^2 + 0^2 + 0^2 = 1'}, {'id': 2, 'input': 'n = 2', 'output': 'false', 'explanation': None}], topics: [Math], problem_statement: Write an algorithm to determine if a number n is happy.

A happy number is a number defined by the following process:
- Starting with any positive integer, replace the number by the sum of the squares of its digits.
- Repeat the process until the number equals 1 (where it will stay), or it loops endlessly in a cycle which does not include 1.
- Those numbers for which this process ends in 1 are happy.

Return true if n is a happy number, and false if not., title: Happy Number, constraints: [1 <= n <= 2^31 - 1]})"
"(:Problem {difficulty: Easy, examples: [{'id': 1, 'input': 'num = 38', 'output': '2', 'explanation': 'The process is\n38 --> 3 + 8 --> 11\n11 --> 1 + 1 --> 2 \nSince 2 has only one digit, return it.'}, {'id': 2, 'input': 'num = 0', 'output': '0', 'explanation': None}], topics: [Math], problem_statement: Given an integer num, repeatedly add all its digits until the result has only one digit, and return it., title: Add Digits, constraints: [0 <= num <= 2^31 - 1]})",[:SIMILAR_TOPIC {shared_topic: Math}],"(:Problem {difficulty: Hard, examples: [{'id': 1, 'input': 'buckets = 4, minutesToDie = 15, minutesToTest = 15', 'output': '2', 'explanation': 'We can determine the poisonous bucket as follows:\nAt time 0, feed the first pig buckets 1 and 2, and feed the second pig buckets 2 and 3.\nAt time 15, there are 4 possible outcomes:\n- If only the first pig dies, then bucket 1 must be poisonous.\n- If only the second pig dies, then bucket 3 must be poisonous.\n- If both pigs die, then bucket 2 must be poisonous.\n- If neither pig dies, then bucket 4 must be poisonous.'}, {'id': 2, 'input': 'buckets = 4, minutesToDie = 15, minutesToTest = 30', 'output': '2', 'explanation': 'We can determine the poisonous bucket as follows:\nAt time 0, feed the first pig bucket 1, and feed the second pig bucket 2.\nAt time 15, there are 2 possible outcomes:\n- If either pig dies, then the poisonous bucket is the one it was fed.\n- If neither pig dies, then feed the first pig bucket 3, and feed the second pig bucket 4.\nAt time 30, one of the two pigs must die, and the poisonous bucket is the one it was fed.'}], topics: [Math], problem_statement: There are buckets buckets of liquid, where exactly one of the buckets is poisonous. To figure out which one is poisonous, you feed some number of (poor) pigs the liquid to see whether they will die or not. Unfortunately, you only have minutesToTest minutes to determine which bucket is poisonous.

You can feed the pigs according to these steps:
1. Choose some live pigs to feed.
2. For each pig, choose which buckets to feed it. The pig will consume all the chosen buckets simultaneously and will take no time. Each pig can feed from any number of buckets, and each bucket can be fed from by any number of pigs.
3. Wait for minutesToDie minutes. You may not feed any other pigs during this time.
4. After minutesToDie minutes have passed, any pigs that have been fed the poisonous bucket will die, and all others will survive.
5. Repeat this process until you run out of time.

Given buckets, minutesToDie, and minutesToTest, return the minimum number of pigs needed to figure out which bucket is poisonous within the allotted time., title: Poor Pigs, constraints: [1 <= buckets <= 1000, 1 <= minutesToDie <= minutesToTest <= 100]})"
"(:Problem {difficulty: Easy, examples: [{'id': 1, 'input': 'n = 19', 'output': 'true', 'explanation': '1^2 + 9^2 = 82\n8^2 + 2^2 = 68\n6^2 + 8^2 = 100\n1^2 + 0^2 + 0^2 = 1'}, {'id': 2, 'input': 'n = 2', 'output': 'false', 'explanation': None}], topics: [Math], problem_statement: Write an algorithm to determine if a number n is happy.

A happy number is a number defined by the following process:
- Starting with any positive integer, replace the number by the sum of the squares of its digits.
- Repeat the process until the number equals 1 (where it will stay), or it loops endlessly in a cycle which does not include 1.
- Those numbers for which this process ends in 1 are happy.

Return true if n is a happy number, and false if not., title: Happy Number, constraints: [1 <= n <= 2^31 - 1]})",[:BELONGS_TO_TOPIC],(:Topic {name: Math})
"(:Problem {difficulty: Easy, examples: [{'id': 1, 'input': 'n = 19', 'output': 'true', 'explanation': '1^2 + 9^2 = 82\n8^2 + 2^2 = 68\n6^2 + 8^2 = 100\n1^2 + 0^2 + 0^2 = 1'}, {'id': 2, 'input': 'n = 2', 'output': 'false', 'explanation': None}], topics: [Math], problem_statement: Write an algorithm to determine if a number n is happy.

A happy number is a number defined by the following process:
- Starting with any positive integer, replace the number by the sum of the squares of its digits.
- Repeat the process until the number equals 1 (where it will stay), or it loops endlessly in a cycle which does not include 1.
- Those numbers for which this process ends in 1 are happy.

Return true if n is a happy number, and false if not., title: Happy Number, constraints: [1 <= n <= 2^31 - 1]})",[:HAS_DIFFICULTY],(:Difficulty {level: Easy})
"(:Problem {difficulty: Easy, examples: [{'id': 1, 'input': 'n = 19', 'output': 'true', 'explanation': '1^2 + 9^2 = 82\n8^2 + 2^2 = 68\n6^2 + 8^2 = 100\n1^2 + 0^2 + 0^2 = 1'}, {'id': 2, 'input': 'n = 2', 'output': 'false', 'explanation': None}], topics: [Math], problem_statement: Write an algorithm to determine if a number n is happy.

A happy number is a number defined by the following process:
- Starting with any positive integer, replace the number by the sum of the squares of its digits.
- Repeat the process until the number equals 1 (where it will stay), or it loops endlessly in a cycle which does not include 1.
- Those numbers for which this process ends in 1 are happy.

Return true if n is a happy number, and false if not., title: Happy Number, constraints: [1 <= n <= 2^31 - 1]})",[:HAS_SOLUTION],"(:Solution {code: class Solution {
public:
    bool isHappy(int n) {
        unordered_map<int, int> mp;
        while(n != 1)
        {
            if(mp[n] == 0)
                mp[n]++;
            else
                return false;
            
            int sum = 0;
            while(n != 0)
            {
                sum += pow(n%10, 2);
                n /= 10;
            }
            n = sum;
        }
        return true;
    }
};, language: C++, approach: Hash Set Cycle Detection})"
"(:Problem {difficulty: Easy, examples: [{'id': 1, 'input': 'n = 19', 'output': 'true', 'explanation': '1^2 + 9^2 = 82\n8^2 + 2^2 = 68\n6^2 + 8^2 = 100\n1^2 + 0^2 + 0^2 = 1'}, {'id': 2, 'input': 'n = 2', 'output': 'false', 'explanation': None}], topics: [Math], problem_statement: Write an algorithm to determine if a number n is happy.

A happy number is a number defined by the following process:
- Starting with any positive integer, replace the number by the sum of the squares of its digits.
- Repeat the process until the number equals 1 (where it will stay), or it loops endlessly in a cycle which does not include 1.
- Those numbers for which this process ends in 1 are happy.

Return true if n is a happy number, and false if not., title: Happy Number, constraints: [1 <= n <= 2^31 - 1]})",[:HAS_SOLUTION],"(:Solution {code: class Solution:
    def isHappy(self, n: int) -> bool:
        while n > 4:
            n = sum(int(d)**2 for d in str(n))
        return n == 1, language: Python, approach: Hardcoded Cycle Detection})"
"(:Problem {difficulty: Easy, examples: [{'id': 1, 'input': 'n = 19', 'output': 'true', 'explanation': '1^2 + 9^2 = 82\n8^2 + 2^2 = 68\n6^2 + 8^2 = 100\n1^2 + 0^2 + 0^2 = 1'}, {'id': 2, 'input': 'n = 2', 'output': 'false', 'explanation': None}], topics: [Math], problem_statement: Write an algorithm to determine if a number n is happy.

A happy number is a number defined by the following process:
- Starting with any positive integer, replace the number by the sum of the squares of its digits.
- Repeat the process until the number equals 1 (where it will stay), or it loops endlessly in a cycle which does not include 1.
- Those numbers for which this process ends in 1 are happy.

Return true if n is a happy number, and false if not., title: Happy Number, constraints: [1 <= n <= 2^31 - 1]})",[:SIMILAR_TOPIC {shared_topic: Math}],"(:Problem {difficulty: Easy, examples: [{'id': 1, 'input': 'n = 5, start = 0', 'output': '8', 'explanation': 'Array nums is equal to [0, 2, 4, 6, 8] where (0 ^ 2 ^ 4 ^ 6 ^ 8) = 8.\nWhere ""^"" corresponds to bitwise XOR operator.'}, {'id': 2, 'input': 'n = 4, start = 3', 'output': '8', 'explanation': 'Array nums is equal to [3, 5, 7, 9] where (3 ^ 5 ^ 7 ^ 9) = 8.'}], topics: [Bit Manipulation, Array, Math], problem_statement: You are given an integer n and an integer start.

Define an array nums where nums[i] = start + 2 * i (0-indexed) and n == nums.length.

Return the bitwise XOR of all elements of nums., title: XOR Operation in an Array, constraints: [1 <= n <= 1000, 0 <= start <= 1000, n == nums.length]})"
"(:Problem {difficulty: Easy, examples: [{'id': 1, 'input': 'n = 19', 'output': 'true', 'explanation': '1^2 + 9^2 = 82\n8^2 + 2^2 = 68\n6^2 + 8^2 = 100\n1^2 + 0^2 + 0^2 = 1'}, {'id': 2, 'input': 'n = 2', 'output': 'false', 'explanation': None}], topics: [Math], problem_statement: Write an algorithm to determine if a number n is happy.

A happy number is a number defined by the following process:
- Starting with any positive integer, replace the number by the sum of the squares of its digits.
- Repeat the process until the number equals 1 (where it will stay), or it loops endlessly in a cycle which does not include 1.
- Those numbers for which this process ends in 1 are happy.

Return true if n is a happy number, and false if not., title: Happy Number, constraints: [1 <= n <= 2^31 - 1]})",[:SIMILAR_TOPIC {shared_topic: Math}],"(:Problem {difficulty: Easy, examples: [{'id': 1, 'input': 'n = 2', 'output': '2', 'explanation': 'There are two ways to climb to the top.\n1. 1 step + 1 step\n2. 2 steps'}, {'id': 2, 'input': 'n = 3', 'output': '3', 'explanation': 'There are three ways to climb to the top.\n1. 1 step + 1 step + 1 step\n2. 1 step + 2 steps\n3. 2 steps + 1 step'}], topics: [Dynamic Programming, Math, Memoization], problem_statement: You are climbing a staircase. It takes n steps to reach the top.

Each time you can either climb 1 or 2 steps. In how many distinct ways can you climb to the top?, title: Climbing Stairs, constraints: [1 <= n <= 45]})"
"(:Problem {difficulty: Easy, examples: [{'id': 1, 'input': 'n = 19', 'output': 'true', 'explanation': '1^2 + 9^2 = 82\n8^2 + 2^2 = 68\n6^2 + 8^2 = 100\n1^2 + 0^2 + 0^2 = 1'}, {'id': 2, 'input': 'n = 2', 'output': 'false', 'explanation': None}], topics: [Math], problem_statement: Write an algorithm to determine if a number n is happy.

A happy number is a number defined by the following process:
- Starting with any positive integer, replace the number by the sum of the squares of its digits.
- Repeat the process until the number equals 1 (where it will stay), or it loops endlessly in a cycle which does not include 1.
- Those numbers for which this process ends in 1 are happy.

Return true if n is a happy number, and false if not., title: Happy Number, constraints: [1 <= n <= 2^31 - 1]})",[:SIMILAR_TOPIC {shared_topic: Math}],"(:Problem {difficulty: Easy, examples: [{'id': 1, 'input': 'head = [1,0,1]', 'output': '5', 'explanation': '(101) in base 2 = (5) in base 10'}, {'id': 2, 'input': 'head = [0]', 'output': '0', 'explanation': None}], topics: [Linked List, Bit Manipulation, Math], problem_statement: Given head which is a reference node to a singly-linked list. The value of each node in the linked list is either 0 or 1. The linked list holds the binary representation of a number.

Return the decimal value of the number in the linked list.

The most significant bit is at the head of the linked list., title: Convert Binary Number in a Linked List to Integer, constraints: [The Linked List is not empty., Number of nodes will not exceed 30., Each node's value is either 0 or 1.]})"
"(:Problem {difficulty: Easy, examples: [{'id': 1, 'input': 'n = 19', 'output': 'true', 'explanation': '1^2 + 9^2 = 82\n8^2 + 2^2 = 68\n6^2 + 8^2 = 100\n1^2 + 0^2 + 0^2 = 1'}, {'id': 2, 'input': 'n = 2', 'output': 'false', 'explanation': None}], topics: [Math], problem_statement: Write an algorithm to determine if a number n is happy.

A happy number is a number defined by the following process:
- Starting with any positive integer, replace the number by the sum of the squares of its digits.
- Repeat the process until the number equals 1 (where it will stay), or it loops endlessly in a cycle which does not include 1.
- Those numbers for which this process ends in 1 are happy.

Return true if n is a happy number, and false if not., title: Happy Number, constraints: [1 <= n <= 2^31 - 1]})",[:SIMILAR_TOPIC {shared_topic: Math}],"(:Problem {difficulty: Easy, examples: [{'id': 1, 'input': 'num = 38', 'output': '2', 'explanation': 'The process is\n38 --> 3 + 8 --> 11\n11 --> 1 + 1 --> 2 \nSince 2 has only one digit, return it.'}, {'id': 2, 'input': 'num = 0', 'output': '0', 'explanation': None}], topics: [Math], problem_statement: Given an integer num, repeatedly add all its digits until the result has only one digit, and return it., title: Add Digits, constraints: [0 <= num <= 2^31 - 1]})"
"(:Problem {difficulty: Easy, examples: [{'id': 1, 'input': 'n = 19', 'output': 'true', 'explanation': '1^2 + 9^2 = 82\n8^2 + 2^2 = 68\n6^2 + 8^2 = 100\n1^2 + 0^2 + 0^2 = 1'}, {'id': 2, 'input': 'n = 2', 'output': 'false', 'explanation': None}], topics: [Math], problem_statement: Write an algorithm to determine if a number n is happy.

A happy number is a number defined by the following process:
- Starting with any positive integer, replace the number by the sum of the squares of its digits.
- Repeat the process until the number equals 1 (where it will stay), or it loops endlessly in a cycle which does not include 1.
- Those numbers for which this process ends in 1 are happy.

Return true if n is a happy number, and false if not., title: Happy Number, constraints: [1 <= n <= 2^31 - 1]})",[:SIMILAR_TOPIC {shared_topic: Math}],"(:Problem {difficulty: Hard, examples: [{'id': 1, 'input': 'buckets = 4, minutesToDie = 15, minutesToTest = 15', 'output': '2', 'explanation': 'We can determine the poisonous bucket as follows:\nAt time 0, feed the first pig buckets 1 and 2, and feed the second pig buckets 2 and 3.\nAt time 15, there are 4 possible outcomes:\n- If only the first pig dies, then bucket 1 must be poisonous.\n- If only the second pig dies, then bucket 3 must be poisonous.\n- If both pigs die, then bucket 2 must be poisonous.\n- If neither pig dies, then bucket 4 must be poisonous.'}, {'id': 2, 'input': 'buckets = 4, minutesToDie = 15, minutesToTest = 30', 'output': '2', 'explanation': 'We can determine the poisonous bucket as follows:\nAt time 0, feed the first pig bucket 1, and feed the second pig bucket 2.\nAt time 15, there are 2 possible outcomes:\n- If either pig dies, then the poisonous bucket is the one it was fed.\n- If neither pig dies, then feed the first pig bucket 3, and feed the second pig bucket 4.\nAt time 30, one of the two pigs must die, and the poisonous bucket is the one it was fed.'}], topics: [Math], problem_statement: There are buckets buckets of liquid, where exactly one of the buckets is poisonous. To figure out which one is poisonous, you feed some number of (poor) pigs the liquid to see whether they will die or not. Unfortunately, you only have minutesToTest minutes to determine which bucket is poisonous.

You can feed the pigs according to these steps:
1. Choose some live pigs to feed.
2. For each pig, choose which buckets to feed it. The pig will consume all the chosen buckets simultaneously and will take no time. Each pig can feed from any number of buckets, and each bucket can be fed from by any number of pigs.
3. Wait for minutesToDie minutes. You may not feed any other pigs during this time.
4. After minutesToDie minutes have passed, any pigs that have been fed the poisonous bucket will die, and all others will survive.
5. Repeat this process until you run out of time.

Given buckets, minutesToDie, and minutesToTest, return the minimum number of pigs needed to figure out which bucket is poisonous within the allotted time., title: Poor Pigs, constraints: [1 <= buckets <= 1000, 1 <= minutesToDie <= minutesToTest <= 100]})"
"(:Problem {difficulty: Easy, examples: [{'id': 1, 'input': 'n = 2', 'output': '1', 'explanation': 'F(2) = F(1) + F(0) = 1 + 0 = 1.'}, {'id': 2, 'input': 'n = 3', 'output': '2', 'explanation': 'F(3) = F(2) + F(1) = 1 + 1 = 2.'}, {'id': 3, 'input': 'n = 4', 'output': '3', 'explanation': 'F(4) = F(3) + F(2) = 2 + 1 = 3.'}], topics: [Recursion], problem_statement: The Fibonacci numbers, commonly denoted F(n) form a sequence, called the Fibonacci sequence, such that each number is the sum of the two preceding ones, starting from 0 and 1. That is,
F(0) = 0, F(1) = 1
F(n) = F(n - 1) + F(n - 2), for n > 1.
Given n, calculate F(n)., title: Fibonacci Number, constraints: [0 <= n <= 30]})",[:BELONGS_TO_TOPIC],(:Topic {name: Recursion})
"(:Problem {difficulty: Easy, examples: [{'id': 1, 'input': 'n = 2', 'output': '1', 'explanation': 'F(2) = F(1) + F(0) = 1 + 0 = 1.'}, {'id': 2, 'input': 'n = 3', 'output': '2', 'explanation': 'F(3) = F(2) + F(1) = 1 + 1 = 2.'}, {'id': 3, 'input': 'n = 4', 'output': '3', 'explanation': 'F(4) = F(3) + F(2) = 2 + 1 = 3.'}], topics: [Recursion], problem_statement: The Fibonacci numbers, commonly denoted F(n) form a sequence, called the Fibonacci sequence, such that each number is the sum of the two preceding ones, starting from 0 and 1. That is,
F(0) = 0, F(1) = 1
F(n) = F(n - 1) + F(n - 2), for n > 1.
Given n, calculate F(n)., title: Fibonacci Number, constraints: [0 <= n <= 30]})",[:HAS_DIFFICULTY],(:Difficulty {level: Easy})
"(:Problem {difficulty: Easy, examples: [{'id': 1, 'input': 'n = 2', 'output': '1', 'explanation': 'F(2) = F(1) + F(0) = 1 + 0 = 1.'}, {'id': 2, 'input': 'n = 3', 'output': '2', 'explanation': 'F(3) = F(2) + F(1) = 1 + 1 = 2.'}, {'id': 3, 'input': 'n = 4', 'output': '3', 'explanation': 'F(4) = F(3) + F(2) = 2 + 1 = 3.'}], topics: [Recursion], problem_statement: The Fibonacci numbers, commonly denoted F(n) form a sequence, called the Fibonacci sequence, such that each number is the sum of the two preceding ones, starting from 0 and 1. That is,
F(0) = 0, F(1) = 1
F(n) = F(n - 1) + F(n - 2), for n > 1.
Given n, calculate F(n)., title: Fibonacci Number, constraints: [0 <= n <= 30]})",[:HAS_SOLUTION],"(:Solution {code: class Solution {
public:
    int fib(int n) {
        if(n == 0)
        {
            return 0;    
        }
        
        else if(n == 1)
        {
            return 1;
        }
        
        int sum = fib(n-1) + fib(n-2);
        return sum;
    }
};, language: C++, approach: Simple Recursion})"
"(:Problem {difficulty: Easy, examples: [{'id': 1, 'input': 'n = 2', 'output': '1', 'explanation': 'F(2) = F(1) + F(0) = 1 + 0 = 1.'}, {'id': 2, 'input': 'n = 3', 'output': '2', 'explanation': 'F(3) = F(2) + F(1) = 1 + 1 = 2.'}, {'id': 3, 'input': 'n = 4', 'output': '3', 'explanation': 'F(4) = F(3) + F(2) = 2 + 1 = 3.'}], topics: [Recursion], problem_statement: The Fibonacci numbers, commonly denoted F(n) form a sequence, called the Fibonacci sequence, such that each number is the sum of the two preceding ones, starting from 0 and 1. That is,
F(0) = 0, F(1) = 1
F(n) = F(n - 1) + F(n - 2), for n > 1.
Given n, calculate F(n)., title: Fibonacci Number, constraints: [0 <= n <= 30]})",[:SIMILAR_TOPIC {shared_topic: Recursion}],"(:Problem {difficulty: Easy, examples: [{'id': 1, 'input': 'num = 14', 'output': '6', 'explanation': 'Step 1) 14 is even; divide by 2 and obtain 7. \nStep 2) 7 is odd; subtract 1 and obtain 6.\nStep 3) 6 is even; divide by 2 and obtain 3. \nStep 4) 3 is odd; subtract 1 and obtain 2. \nStep 5) 2 is even; divide by 2 and obtain 1. \nStep 6) 1 is odd; subtract 1 and obtain 0.'}, {'id': 2, 'input': 'num = 8', 'output': '4', 'explanation': 'Step 1) 8 is even; divide by 2 and obtain 4. \nStep 2) 4 is even; divide by 2 and obtain 2. \nStep 3) 2 is even; divide by 2 and obtain 1. \nStep 4) 1 is odd; subtract 1 and obtain 0.'}, {'id': 3, 'input': 'num = 123', 'output': '12', 'explanation': None}], topics: [Recursion], problem_statement: Given an integer num, return the number of steps to reduce it to zero.

In one step, if the current number is even, you have to divide it by 2, otherwise, you have to subtract 1 from it., title: Number of Steps to Reduce a Number to Zero, constraints: [0 <= num <= 10^6]})"
"(:Problem {difficulty: Easy, examples: [{'id': 1, 'input': 'n = 2', 'output': '1', 'explanation': 'F(2) = F(1) + F(0) = 1 + 0 = 1.'}, {'id': 2, 'input': 'n = 3', 'output': '2', 'explanation': 'F(3) = F(2) + F(1) = 1 + 1 = 2.'}, {'id': 3, 'input': 'n = 4', 'output': '3', 'explanation': 'F(4) = F(3) + F(2) = 2 + 1 = 3.'}], topics: [Recursion], problem_statement: The Fibonacci numbers, commonly denoted F(n) form a sequence, called the Fibonacci sequence, such that each number is the sum of the two preceding ones, starting from 0 and 1. That is,
F(0) = 0, F(1) = 1
F(n) = F(n - 1) + F(n - 2), for n > 1.
Given n, calculate F(n)., title: Fibonacci Number, constraints: [0 <= n <= 30]})",[:SIMILAR_TOPIC {shared_topic: Recursion}],"(:Problem {difficulty: Easy, examples: [{'id': 1, 'input': 's = [""h"",""e"",""l"",""l"",""o""]', 'output': '[""o"",""l"",""l"",""e"",""h""]', 'explanation': None}, {'id': 2, 'input': 's = [""H"",""a"",""n"",""n"",""a"",""h""]', 'output': '[""h"",""a"",""n"",""n"",""a"",""H""]', 'explanation': None}], topics: [Recursion], problem_statement: Write a function that reverses a string. The input string is given as an array of characters s.

You must do this by modifying the input array in-place with O(1) extra memory., title: Reverse String, constraints: [1 <= s.length <= 10^5, s[i] is a printable ascii character.]})"
"(:Problem {difficulty: Easy, examples: [{'id': 1, 'input': 'num = 14', 'output': '6', 'explanation': 'Step 1) 14 is even; divide by 2 and obtain 7. \nStep 2) 7 is odd; subtract 1 and obtain 6.\nStep 3) 6 is even; divide by 2 and obtain 3. \nStep 4) 3 is odd; subtract 1 and obtain 2. \nStep 5) 2 is even; divide by 2 and obtain 1. \nStep 6) 1 is odd; subtract 1 and obtain 0.'}, {'id': 2, 'input': 'num = 8', 'output': '4', 'explanation': 'Step 1) 8 is even; divide by 2 and obtain 4. \nStep 2) 4 is even; divide by 2 and obtain 2. \nStep 3) 2 is even; divide by 2 and obtain 1. \nStep 4) 1 is odd; subtract 1 and obtain 0.'}, {'id': 3, 'input': 'num = 123', 'output': '12', 'explanation': None}], topics: [Recursion], problem_statement: Given an integer num, return the number of steps to reduce it to zero.

In one step, if the current number is even, you have to divide it by 2, otherwise, you have to subtract 1 from it., title: Number of Steps to Reduce a Number to Zero, constraints: [0 <= num <= 10^6]})",[:BELONGS_TO_TOPIC],(:Topic {name: Recursion})
"(:Problem {difficulty: Easy, examples: [{'id': 1, 'input': 'num = 14', 'output': '6', 'explanation': 'Step 1) 14 is even; divide by 2 and obtain 7. \nStep 2) 7 is odd; subtract 1 and obtain 6.\nStep 3) 6 is even; divide by 2 and obtain 3. \nStep 4) 3 is odd; subtract 1 and obtain 2. \nStep 5) 2 is even; divide by 2 and obtain 1. \nStep 6) 1 is odd; subtract 1 and obtain 0.'}, {'id': 2, 'input': 'num = 8', 'output': '4', 'explanation': 'Step 1) 8 is even; divide by 2 and obtain 4. \nStep 2) 4 is even; divide by 2 and obtain 2. \nStep 3) 2 is even; divide by 2 and obtain 1. \nStep 4) 1 is odd; subtract 1 and obtain 0.'}, {'id': 3, 'input': 'num = 123', 'output': '12', 'explanation': None}], topics: [Recursion], problem_statement: Given an integer num, return the number of steps to reduce it to zero.

In one step, if the current number is even, you have to divide it by 2, otherwise, you have to subtract 1 from it., title: Number of Steps to Reduce a Number to Zero, constraints: [0 <= num <= 10^6]})",[:HAS_DIFFICULTY],(:Difficulty {level: Easy})
"(:Problem {difficulty: Easy, examples: [{'id': 1, 'input': 'num = 14', 'output': '6', 'explanation': 'Step 1) 14 is even; divide by 2 and obtain 7. \nStep 2) 7 is odd; subtract 1 and obtain 6.\nStep 3) 6 is even; divide by 2 and obtain 3. \nStep 4) 3 is odd; subtract 1 and obtain 2. \nStep 5) 2 is even; divide by 2 and obtain 1. \nStep 6) 1 is odd; subtract 1 and obtain 0.'}, {'id': 2, 'input': 'num = 8', 'output': '4', 'explanation': 'Step 1) 8 is even; divide by 2 and obtain 4. \nStep 2) 4 is even; divide by 2 and obtain 2. \nStep 3) 2 is even; divide by 2 and obtain 1. \nStep 4) 1 is odd; subtract 1 and obtain 0.'}, {'id': 3, 'input': 'num = 123', 'output': '12', 'explanation': None}], topics: [Recursion], problem_statement: Given an integer num, return the number of steps to reduce it to zero.

In one step, if the current number is even, you have to divide it by 2, otherwise, you have to subtract 1 from it., title: Number of Steps to Reduce a Number to Zero, constraints: [0 <= num <= 10^6]})",[:HAS_SOLUTION],"(:Solution {code: class Solution {
public:
    int numberOfSteps(int num) {
        int c = 0;
        while(num > 0)
        {
            if(num % 2 == 0)
            {
                num /= 2;
            }
            else
            {
                num -= 1;
            }
            c++;
        }
        return c;
    }
};, language: C++, approach: Iterative Simulation})"
"(:Problem {difficulty: Easy, examples: [{'id': 1, 'input': 'num = 14', 'output': '6', 'explanation': 'Step 1) 14 is even; divide by 2 and obtain 7. \nStep 2) 7 is odd; subtract 1 and obtain 6.\nStep 3) 6 is even; divide by 2 and obtain 3. \nStep 4) 3 is odd; subtract 1 and obtain 2. \nStep 5) 2 is even; divide by 2 and obtain 1. \nStep 6) 1 is odd; subtract 1 and obtain 0.'}, {'id': 2, 'input': 'num = 8', 'output': '4', 'explanation': 'Step 1) 8 is even; divide by 2 and obtain 4. \nStep 2) 4 is even; divide by 2 and obtain 2. \nStep 3) 2 is even; divide by 2 and obtain 1. \nStep 4) 1 is odd; subtract 1 and obtain 0.'}, {'id': 3, 'input': 'num = 123', 'output': '12', 'explanation': None}], topics: [Recursion], problem_statement: Given an integer num, return the number of steps to reduce it to zero.

In one step, if the current number is even, you have to divide it by 2, otherwise, you have to subtract 1 from it., title: Number of Steps to Reduce a Number to Zero, constraints: [0 <= num <= 10^6]})",[:SIMILAR_TOPIC {shared_topic: Recursion}],"(:Problem {difficulty: Easy, examples: [{'id': 1, 'input': 'n = 2', 'output': '1', 'explanation': 'F(2) = F(1) + F(0) = 1 + 0 = 1.'}, {'id': 2, 'input': 'n = 3', 'output': '2', 'explanation': 'F(3) = F(2) + F(1) = 1 + 1 = 2.'}, {'id': 3, 'input': 'n = 4', 'output': '3', 'explanation': 'F(4) = F(3) + F(2) = 2 + 1 = 3.'}], topics: [Recursion], problem_statement: The Fibonacci numbers, commonly denoted F(n) form a sequence, called the Fibonacci sequence, such that each number is the sum of the two preceding ones, starting from 0 and 1. That is,
F(0) = 0, F(1) = 1
F(n) = F(n - 1) + F(n - 2), for n > 1.
Given n, calculate F(n)., title: Fibonacci Number, constraints: [0 <= n <= 30]})"
"(:Problem {difficulty: Easy, examples: [{'id': 1, 'input': 'num = 14', 'output': '6', 'explanation': 'Step 1) 14 is even; divide by 2 and obtain 7. \nStep 2) 7 is odd; subtract 1 and obtain 6.\nStep 3) 6 is even; divide by 2 and obtain 3. \nStep 4) 3 is odd; subtract 1 and obtain 2. \nStep 5) 2 is even; divide by 2 and obtain 1. \nStep 6) 1 is odd; subtract 1 and obtain 0.'}, {'id': 2, 'input': 'num = 8', 'output': '4', 'explanation': 'Step 1) 8 is even; divide by 2 and obtain 4. \nStep 2) 4 is even; divide by 2 and obtain 2. \nStep 3) 2 is even; divide by 2 and obtain 1. \nStep 4) 1 is odd; subtract 1 and obtain 0.'}, {'id': 3, 'input': 'num = 123', 'output': '12', 'explanation': None}], topics: [Recursion], problem_statement: Given an integer num, return the number of steps to reduce it to zero.

In one step, if the current number is even, you have to divide it by 2, otherwise, you have to subtract 1 from it., title: Number of Steps to Reduce a Number to Zero, constraints: [0 <= num <= 10^6]})",[:SIMILAR_TOPIC {shared_topic: Recursion}],"(:Problem {difficulty: Easy, examples: [{'id': 1, 'input': 's = [""h"",""e"",""l"",""l"",""o""]', 'output': '[""o"",""l"",""l"",""e"",""h""]', 'explanation': None}, {'id': 2, 'input': 's = [""H"",""a"",""n"",""n"",""a"",""h""]', 'output': '[""h"",""a"",""n"",""n"",""a"",""H""]', 'explanation': None}], topics: [Recursion], problem_statement: Write a function that reverses a string. The input string is given as an array of characters s.

You must do this by modifying the input array in-place with O(1) extra memory., title: Reverse String, constraints: [1 <= s.length <= 10^5, s[i] is a printable ascii character.]})"
"(:Problem {difficulty: Easy, examples: [{'id': 1, 'input': 's = [""h"",""e"",""l"",""l"",""o""]', 'output': '[""o"",""l"",""l"",""e"",""h""]', 'explanation': None}, {'id': 2, 'input': 's = [""H"",""a"",""n"",""n"",""a"",""h""]', 'output': '[""h"",""a"",""n"",""n"",""a"",""H""]', 'explanation': None}], topics: [Recursion], problem_statement: Write a function that reverses a string. The input string is given as an array of characters s.

You must do this by modifying the input array in-place with O(1) extra memory., title: Reverse String, constraints: [1 <= s.length <= 10^5, s[i] is a printable ascii character.]})",[:BELONGS_TO_TOPIC],(:Topic {name: Recursion})
"(:Problem {difficulty: Easy, examples: [{'id': 1, 'input': 's = [""h"",""e"",""l"",""l"",""o""]', 'output': '[""o"",""l"",""l"",""e"",""h""]', 'explanation': None}, {'id': 2, 'input': 's = [""H"",""a"",""n"",""n"",""a"",""h""]', 'output': '[""h"",""a"",""n"",""n"",""a"",""H""]', 'explanation': None}], topics: [Recursion], problem_statement: Write a function that reverses a string. The input string is given as an array of characters s.

You must do this by modifying the input array in-place with O(1) extra memory., title: Reverse String, constraints: [1 <= s.length <= 10^5, s[i] is a printable ascii character.]})",[:HAS_DIFFICULTY],(:Difficulty {level: Easy})
"(:Problem {difficulty: Easy, examples: [{'id': 1, 'input': 's = [""h"",""e"",""l"",""l"",""o""]', 'output': '[""o"",""l"",""l"",""e"",""h""]', 'explanation': None}, {'id': 2, 'input': 's = [""H"",""a"",""n"",""n"",""a"",""h""]', 'output': '[""h"",""a"",""n"",""n"",""a"",""H""]', 'explanation': None}], topics: [Recursion], problem_statement: Write a function that reverses a string. The input string is given as an array of characters s.

You must do this by modifying the input array in-place with O(1) extra memory., title: Reverse String, constraints: [1 <= s.length <= 10^5, s[i] is a printable ascii character.]})",[:HAS_SOLUTION],"(:Solution {code: class Solution {
public:
    void reverseString(vector<char>& s) {
        int start = 0, end = s.size() - 1;
        while(start < end)
        {
            swap(s[start], s[end]);
            start++;
            end--;
        }
    }
};, language: C++, approach: Two-Pointer Swap (In-place)})"
"(:Problem {difficulty: Easy, examples: [{'id': 1, 'input': 's = [""h"",""e"",""l"",""l"",""o""]', 'output': '[""o"",""l"",""l"",""e"",""h""]', 'explanation': None}, {'id': 2, 'input': 's = [""H"",""a"",""n"",""n"",""a"",""h""]', 'output': '[""h"",""a"",""n"",""n"",""a"",""H""]', 'explanation': None}], topics: [Recursion], problem_statement: Write a function that reverses a string. The input string is given as an array of characters s.

You must do this by modifying the input array in-place with O(1) extra memory., title: Reverse String, constraints: [1 <= s.length <= 10^5, s[i] is a printable ascii character.]})",[:SIMILAR_TOPIC {shared_topic: Recursion}],"(:Problem {difficulty: Easy, examples: [{'id': 1, 'input': 'n = 2', 'output': '1', 'explanation': 'F(2) = F(1) + F(0) = 1 + 0 = 1.'}, {'id': 2, 'input': 'n = 3', 'output': '2', 'explanation': 'F(3) = F(2) + F(1) = 1 + 1 = 2.'}, {'id': 3, 'input': 'n = 4', 'output': '3', 'explanation': 'F(4) = F(3) + F(2) = 2 + 1 = 3.'}], topics: [Recursion], problem_statement: The Fibonacci numbers, commonly denoted F(n) form a sequence, called the Fibonacci sequence, such that each number is the sum of the two preceding ones, starting from 0 and 1. That is,
F(0) = 0, F(1) = 1
F(n) = F(n - 1) + F(n - 2), for n > 1.
Given n, calculate F(n)., title: Fibonacci Number, constraints: [0 <= n <= 30]})"
"(:Problem {difficulty: Easy, examples: [{'id': 1, 'input': 's = [""h"",""e"",""l"",""l"",""o""]', 'output': '[""o"",""l"",""l"",""e"",""h""]', 'explanation': None}, {'id': 2, 'input': 's = [""H"",""a"",""n"",""n"",""a"",""h""]', 'output': '[""h"",""a"",""n"",""n"",""a"",""H""]', 'explanation': None}], topics: [Recursion], problem_statement: Write a function that reverses a string. The input string is given as an array of characters s.

You must do this by modifying the input array in-place with O(1) extra memory., title: Reverse String, constraints: [1 <= s.length <= 10^5, s[i] is a printable ascii character.]})",[:SIMILAR_TOPIC {shared_topic: Recursion}],"(:Problem {difficulty: Easy, examples: [{'id': 1, 'input': 'num = 14', 'output': '6', 'explanation': 'Step 1) 14 is even; divide by 2 and obtain 7. \nStep 2) 7 is odd; subtract 1 and obtain 6.\nStep 3) 6 is even; divide by 2 and obtain 3. \nStep 4) 3 is odd; subtract 1 and obtain 2. \nStep 5) 2 is even; divide by 2 and obtain 1. \nStep 6) 1 is odd; subtract 1 and obtain 0.'}, {'id': 2, 'input': 'num = 8', 'output': '4', 'explanation': 'Step 1) 8 is even; divide by 2 and obtain 4. \nStep 2) 4 is even; divide by 2 and obtain 2. \nStep 3) 2 is even; divide by 2 and obtain 1. \nStep 4) 1 is odd; subtract 1 and obtain 0.'}, {'id': 3, 'input': 'num = 123', 'output': '12', 'explanation': None}], topics: [Recursion], problem_statement: Given an integer num, return the number of steps to reduce it to zero.

In one step, if the current number is even, you have to divide it by 2, otherwise, you have to subtract 1 from it., title: Number of Steps to Reduce a Number to Zero, constraints: [0 <= num <= 10^6]})"
"(:Problem {difficulty: Medium, examples: [{'id': 1, 'input': 'nums = [1,2,3,3,4,5]', 'output': 'true', 'explanation': 'nums can be split into the following subsequences:\n[1,2,3,3,4,5] --> 1, 2, 3\n[1,2,3,3,4,5] --> 3, 4, 5'}, {'id': 2, 'input': 'nums = [1,2,3,3,4,4,5,5]', 'output': 'true', 'explanation': 'nums can be split into the following subsequences:\n[1,2,3,3,4,4,5,5] --> 1, 2, 3, 4, 5\n[1,2,3,3,4,4,5,5] --> 3, 4, 5'}, {'id': 3, 'input': 'nums = [1,2,3,4,4,5]', 'output': 'false', 'explanation': 'It is impossible to split nums into consecutive increasing subsequences of length 3 or more.'}], topics: [Array], problem_statement: You are given an integer array nums that is sorted in non-decreasing order.

Determine if it is possible to split nums into one or more subsequences such that both of the following conditions are true:
- Each subsequence is a consecutive increasing sequence (i.e. each integer is exactly one more than the previous integer).
- All subsequences have a length of 3 or more.

Return true if you can split nums according to the above conditions, or false otherwise.

A subsequence of an array is a new array that is formed from the original array by deleting some (can be none) of the elements without disturbing the relative positions of the remaining elements. (i.e., [1,3,5] is a subsequence of [1,2,3,4,5] while [1,3,2] is not)., title: Split Array into Consecutive Subsequences, constraints: [1 <= nums.length <= 10^4, -1000 <= nums[i] <= 1000, nums is sorted in non-decreasing order.]})",[:BELONGS_TO_TOPIC],(:Topic {name: Array})
"(:Problem {difficulty: Medium, examples: [{'id': 1, 'input': 'nums = [1,2,3,3,4,5]', 'output': 'true', 'explanation': 'nums can be split into the following subsequences:\n[1,2,3,3,4,5] --> 1, 2, 3\n[1,2,3,3,4,5] --> 3, 4, 5'}, {'id': 2, 'input': 'nums = [1,2,3,3,4,4,5,5]', 'output': 'true', 'explanation': 'nums can be split into the following subsequences:\n[1,2,3,3,4,4,5,5] --> 1, 2, 3, 4, 5\n[1,2,3,3,4,4,5,5] --> 3, 4, 5'}, {'id': 3, 'input': 'nums = [1,2,3,4,4,5]', 'output': 'false', 'explanation': 'It is impossible to split nums into consecutive increasing subsequences of length 3 or more.'}], topics: [Array], problem_statement: You are given an integer array nums that is sorted in non-decreasing order.

Determine if it is possible to split nums into one or more subsequences such that both of the following conditions are true:
- Each subsequence is a consecutive increasing sequence (i.e. each integer is exactly one more than the previous integer).
- All subsequences have a length of 3 or more.

Return true if you can split nums according to the above conditions, or false otherwise.

A subsequence of an array is a new array that is formed from the original array by deleting some (can be none) of the elements without disturbing the relative positions of the remaining elements. (i.e., [1,3,5] is a subsequence of [1,2,3,4,5] while [1,3,2] is not)., title: Split Array into Consecutive Subsequences, constraints: [1 <= nums.length <= 10^4, -1000 <= nums[i] <= 1000, nums is sorted in non-decreasing order.]})",[:HAS_DIFFICULTY],(:Difficulty {level: Medium})
"(:Problem {difficulty: Medium, examples: [{'id': 1, 'input': 'nums = [1,2,3,3,4,5]', 'output': 'true', 'explanation': 'nums can be split into the following subsequences:\n[1,2,3,3,4,5] --> 1, 2, 3\n[1,2,3,3,4,5] --> 3, 4, 5'}, {'id': 2, 'input': 'nums = [1,2,3,3,4,4,5,5]', 'output': 'true', 'explanation': 'nums can be split into the following subsequences:\n[1,2,3,3,4,4,5,5] --> 1, 2, 3, 4, 5\n[1,2,3,3,4,4,5,5] --> 3, 4, 5'}, {'id': 3, 'input': 'nums = [1,2,3,4,4,5]', 'output': 'false', 'explanation': 'It is impossible to split nums into consecutive increasing subsequences of length 3 or more.'}], topics: [Array], problem_statement: You are given an integer array nums that is sorted in non-decreasing order.

Determine if it is possible to split nums into one or more subsequences such that both of the following conditions are true:
- Each subsequence is a consecutive increasing sequence (i.e. each integer is exactly one more than the previous integer).
- All subsequences have a length of 3 or more.

Return true if you can split nums according to the above conditions, or false otherwise.

A subsequence of an array is a new array that is formed from the original array by deleting some (can be none) of the elements without disturbing the relative positions of the remaining elements. (i.e., [1,3,5] is a subsequence of [1,2,3,4,5] while [1,3,2] is not)., title: Split Array into Consecutive Subsequences, constraints: [1 <= nums.length <= 10^4, -1000 <= nums[i] <= 1000, nums is sorted in non-decreasing order.]})",[:HAS_SOLUTION],"(:Solution {code: class Solution {
public:
    bool isPossible(vector<int>& v) {
        unordered_map<int, int> mp1, mp2;
        for(auto x: v)
            mp1[x]++;
        
        for(auto x: v){
            if(mp1[x] == 0)  continue;
            mp1[x]--;
            
            if(mp2[x-1] > 0){
                mp2[x-1]--;
                mp2[x]++;
            }
            else if(mp1[x+1] > 0 and mp1[x+2] > 0){
                mp1[x+1]--;
                mp1[x+2]--;
                mp2[x+2]++;
            }
            else
                return false;
        }
        return true;
    }
};, language: C++, approach: Greedy with Hash Maps})"
"(:Problem {difficulty: Medium, examples: [{'id': 1, 'input': 'nums = [1,2,3,3,4,5]', 'output': 'true', 'explanation': 'nums can be split into the following subsequences:\n[1,2,3,3,4,5] --> 1, 2, 3\n[1,2,3,3,4,5] --> 3, 4, 5'}, {'id': 2, 'input': 'nums = [1,2,3,3,4,4,5,5]', 'output': 'true', 'explanation': 'nums can be split into the following subsequences:\n[1,2,3,3,4,4,5,5] --> 1, 2, 3, 4, 5\n[1,2,3,3,4,4,5,5] --> 3, 4, 5'}, {'id': 3, 'input': 'nums = [1,2,3,4,4,5]', 'output': 'false', 'explanation': 'It is impossible to split nums into consecutive increasing subsequences of length 3 or more.'}], topics: [Array], problem_statement: You are given an integer array nums that is sorted in non-decreasing order.

Determine if it is possible to split nums into one or more subsequences such that both of the following conditions are true:
- Each subsequence is a consecutive increasing sequence (i.e. each integer is exactly one more than the previous integer).
- All subsequences have a length of 3 or more.

Return true if you can split nums according to the above conditions, or false otherwise.

A subsequence of an array is a new array that is formed from the original array by deleting some (can be none) of the elements without disturbing the relative positions of the remaining elements. (i.e., [1,3,5] is a subsequence of [1,2,3,4,5] while [1,3,2] is not)., title: Split Array into Consecutive Subsequences, constraints: [1 <= nums.length <= 10^4, -1000 <= nums[i] <= 1000, nums is sorted in non-decreasing order.]})",[:HAS_SOLUTION],"(:Solution {code: class Solution:
    def isPossible(self, v: List[int]) -> bool:
        mp1 = collections.Counter(v)
        mp2 = collections.Counter()
        
        for x in v:
            if not mp1[x]:  continue
            mp1[x] -= 1
            
            if mp2[x-1] > 0:
                mp2[x-1] -= 1
                mp2[x] += 1
            elif mp1[x+1] and mp1[x+2]:
                mp1[x+1] -= 1
                mp1[x+2] -= 1
                mp2[x+2] += 1
            else:
                return False
        return True, language: Python, approach: Greedy with Hash Maps})"
"(:Problem {difficulty: Medium, examples: [{'id': 1, 'input': 'nums = [1,2,3,3,4,5]', 'output': 'true', 'explanation': 'nums can be split into the following subsequences:\n[1,2,3,3,4,5] --> 1, 2, 3\n[1,2,3,3,4,5] --> 3, 4, 5'}, {'id': 2, 'input': 'nums = [1,2,3,3,4,4,5,5]', 'output': 'true', 'explanation': 'nums can be split into the following subsequences:\n[1,2,3,3,4,4,5,5] --> 1, 2, 3, 4, 5\n[1,2,3,3,4,4,5,5] --> 3, 4, 5'}, {'id': 3, 'input': 'nums = [1,2,3,4,4,5]', 'output': 'false', 'explanation': 'It is impossible to split nums into consecutive increasing subsequences of length 3 or more.'}], topics: [Array], problem_statement: You are given an integer array nums that is sorted in non-decreasing order.

Determine if it is possible to split nums into one or more subsequences such that both of the following conditions are true:
- Each subsequence is a consecutive increasing sequence (i.e. each integer is exactly one more than the previous integer).
- All subsequences have a length of 3 or more.

Return true if you can split nums according to the above conditions, or false otherwise.

A subsequence of an array is a new array that is formed from the original array by deleting some (can be none) of the elements without disturbing the relative positions of the remaining elements. (i.e., [1,3,5] is a subsequence of [1,2,3,4,5] while [1,3,2] is not)., title: Split Array into Consecutive Subsequences, constraints: [1 <= nums.length <= 10^4, -1000 <= nums[i] <= 1000, nums is sorted in non-decreasing order.]})",[:SIMILAR_TOPIC {shared_topic: Array}],"(:Problem {difficulty: Easy, examples: [{'id': 1, 'input': 'sentence = ""thequickbrownfoxjumpsoverthelazydog""', 'output': 'true', 'explanation': 'sentence contains at least one of every letter of the English alphabet.'}, {'id': 2, 'input': 'sentence = ""leetcode""', 'output': 'false', 'explanation': None}], topics: [Array, Hash Table, String], problem_statement: A pangram is a sentence where every letter of the English alphabet appears at least once. Given a string sentence containing only lowercase English letters, return true if sentence is a pangram, or false otherwise., title: Check if the Sentence Is Pangram, constraints: [1 <= sentence.length <= 1000, sentence consists of lowercase English letters.]})"
"(:Problem {difficulty: Medium, examples: [{'id': 1, 'input': 'nums = [1,2,3,3,4,5]', 'output': 'true', 'explanation': 'nums can be split into the following subsequences:\n[1,2,3,3,4,5] --> 1, 2, 3\n[1,2,3,3,4,5] --> 3, 4, 5'}, {'id': 2, 'input': 'nums = [1,2,3,3,4,4,5,5]', 'output': 'true', 'explanation': 'nums can be split into the following subsequences:\n[1,2,3,3,4,4,5,5] --> 1, 2, 3, 4, 5\n[1,2,3,3,4,4,5,5] --> 3, 4, 5'}, {'id': 3, 'input': 'nums = [1,2,3,4,4,5]', 'output': 'false', 'explanation': 'It is impossible to split nums into consecutive increasing subsequences of length 3 or more.'}], topics: [Array], problem_statement: You are given an integer array nums that is sorted in non-decreasing order.

Determine if it is possible to split nums into one or more subsequences such that both of the following conditions are true:
- Each subsequence is a consecutive increasing sequence (i.e. each integer is exactly one more than the previous integer).
- All subsequences have a length of 3 or more.

Return true if you can split nums according to the above conditions, or false otherwise.

A subsequence of an array is a new array that is formed from the original array by deleting some (can be none) of the elements without disturbing the relative positions of the remaining elements. (i.e., [1,3,5] is a subsequence of [1,2,3,4,5] while [1,3,2] is not)., title: Split Array into Consecutive Subsequences, constraints: [1 <= nums.length <= 10^4, -1000 <= nums[i] <= 1000, nums is sorted in non-decreasing order.]})",[:SIMILAR_TOPIC {shared_topic: Array}],"(:Problem {difficulty: Easy, examples: [{'id': 1, 'input': 'items = [[""phone"",""blue"",""pixel""],[""computer"",""silver"",""lenovo""],[""phone"",""gold"",""iphone""]], ruleKey = ""color"", ruleValue = ""silver""', 'output': '1', 'explanation': 'There is only one item matching the given rule, which is [""computer"",""silver"",""lenovo""].'}, {'id': 2, 'input': 'items = [[""phone"",""blue"",""pixel""],[""computer"",""silver"",""phone""],[""phone"",""gold"",""iphone""]], ruleKey = ""type"", ruleValue = ""phone""', 'output': '2', 'explanation': 'There are only two items matching the given rule, which are [""phone"",""blue"",""pixel""] and [""phone"",""gold"",""iphone""]. Note that the item [""computer"",""silver"",""phone""] does not match.'}], topics: [Array, String], problem_statement: You are given an array items, where each items[i] = [typei, colori, namei] describes the type, color, and name of the ith item. You are also given a rule represented by two strings, ruleKey and ruleValue.

The ith item is said to match the rule if one of the following is true:
- ruleKey == ""type"" and ruleValue == typei.
- ruleKey == ""color"" and ruleValue == colori.
- ruleKey == ""name"" and ruleValue == namei.

Return the number of items that match the given rule., title: Count Items Matching a Rule, constraints: [1 <= items.length <= 10^4, 1 <= typei.length, colori.length, namei.length, ruleValue.length <= 10, ruleKey is equal to either ""type"", ""color"", or ""name""., All strings consist only of lowercase letters.]})"
"(:Problem {difficulty: Medium, examples: [{'id': 1, 'input': 'nums = [1,2,3,3,4,5]', 'output': 'true', 'explanation': 'nums can be split into the following subsequences:\n[1,2,3,3,4,5] --> 1, 2, 3\n[1,2,3,3,4,5] --> 3, 4, 5'}, {'id': 2, 'input': 'nums = [1,2,3,3,4,4,5,5]', 'output': 'true', 'explanation': 'nums can be split into the following subsequences:\n[1,2,3,3,4,4,5,5] --> 1, 2, 3, 4, 5\n[1,2,3,3,4,4,5,5] --> 3, 4, 5'}, {'id': 3, 'input': 'nums = [1,2,3,4,4,5]', 'output': 'false', 'explanation': 'It is impossible to split nums into consecutive increasing subsequences of length 3 or more.'}], topics: [Array], problem_statement: You are given an integer array nums that is sorted in non-decreasing order.

Determine if it is possible to split nums into one or more subsequences such that both of the following conditions are true:
- Each subsequence is a consecutive increasing sequence (i.e. each integer is exactly one more than the previous integer).
- All subsequences have a length of 3 or more.

Return true if you can split nums according to the above conditions, or false otherwise.

A subsequence of an array is a new array that is formed from the original array by deleting some (can be none) of the elements without disturbing the relative positions of the remaining elements. (i.e., [1,3,5] is a subsequence of [1,2,3,4,5] while [1,3,2] is not)., title: Split Array into Consecutive Subsequences, constraints: [1 <= nums.length <= 10^4, -1000 <= nums[i] <= 1000, nums is sorted in non-decreasing order.]})",[:SIMILAR_TOPIC {shared_topic: Array}],"(:Problem {difficulty: Easy, examples: [{'id': 1, 'input': 'nums = [0,1,2,3,4], index = [0,1,2,2,1]', 'output': '[0,4,1,3,2]', 'explanation': 'nums       index     target\n0            0        [0]\n1            1        [0,1]\n2            2        [0,1,2]\n3            2        [0,1,3,2]\n4            1        [0,4,1,3,2]'}, {'id': 2, 'input': 'nums = [1,2,3,4,0], index = [0,1,2,3,0]', 'output': '[0,1,2,3,4]', 'explanation': 'nums       index     target\n1            0        [1]\n2            1        [1,2]\n3            2        [1,2,3]\n4            3        [1,2,3,4]\n0            0        [0,1,2,3,4]'}, {'id': 3, 'input': 'nums = [1], index = [0]', 'output': '[1]', 'explanation': None}], topics: [Array, Simulation], problem_statement: Given two arrays of integers nums and index. Your task is to create target array under the following rules:
- Initially target array is empty.
- From left to right read nums[i] and index[i], insert at index index[i] the value nums[i] in target array.
- Repeat the previous step until there are no elements to read in nums and index.
Return the target array.
It is guaranteed that the insertion operations will be valid., title: Create Target Array in the Given Order, constraints: [1 <= nums.length, index.length <= 100, nums.length == index.length, 0 <= nums[i] <= 100, 0 <= index[i] <= i]})"
"(:Problem {difficulty: Medium, examples: [{'id': 1, 'input': 'nums = [1,2,3,3,4,5]', 'output': 'true', 'explanation': 'nums can be split into the following subsequences:\n[1,2,3,3,4,5] --> 1, 2, 3\n[1,2,3,3,4,5] --> 3, 4, 5'}, {'id': 2, 'input': 'nums = [1,2,3,3,4,4,5,5]', 'output': 'true', 'explanation': 'nums can be split into the following subsequences:\n[1,2,3,3,4,4,5,5] --> 1, 2, 3, 4, 5\n[1,2,3,3,4,4,5,5] --> 3, 4, 5'}, {'id': 3, 'input': 'nums = [1,2,3,4,4,5]', 'output': 'false', 'explanation': 'It is impossible to split nums into consecutive increasing subsequences of length 3 or more.'}], topics: [Array], problem_statement: You are given an integer array nums that is sorted in non-decreasing order.

Determine if it is possible to split nums into one or more subsequences such that both of the following conditions are true:
- Each subsequence is a consecutive increasing sequence (i.e. each integer is exactly one more than the previous integer).
- All subsequences have a length of 3 or more.

Return true if you can split nums according to the above conditions, or false otherwise.

A subsequence of an array is a new array that is formed from the original array by deleting some (can be none) of the elements without disturbing the relative positions of the remaining elements. (i.e., [1,3,5] is a subsequence of [1,2,3,4,5] while [1,3,2] is not)., title: Split Array into Consecutive Subsequences, constraints: [1 <= nums.length <= 10^4, -1000 <= nums[i] <= 1000, nums is sorted in non-decreasing order.]})",[:SIMILAR_TOPIC {shared_topic: Array}],"(:Problem {difficulty: Easy, examples: [{'id': 1, 'input': 'n = 5, start = 0', 'output': '8', 'explanation': 'Array nums is equal to [0, 2, 4, 6, 8] where (0 ^ 2 ^ 4 ^ 6 ^ 8) = 8.\nWhere ""^"" corresponds to bitwise XOR operator.'}, {'id': 2, 'input': 'n = 4, start = 3', 'output': '8', 'explanation': 'Array nums is equal to [3, 5, 7, 9] where (3 ^ 5 ^ 7 ^ 9) = 8.'}], topics: [Bit Manipulation, Array, Math], problem_statement: You are given an integer n and an integer start.

Define an array nums where nums[i] = start + 2 * i (0-indexed) and n == nums.length.

Return the bitwise XOR of all elements of nums., title: XOR Operation in an Array, constraints: [1 <= n <= 1000, 0 <= start <= 1000, n == nums.length]})"
"(:Problem {difficulty: Medium, examples: [{'id': 1, 'input': 'nums = [1,2,3,3,4,5]', 'output': 'true', 'explanation': 'nums can be split into the following subsequences:\n[1,2,3,3,4,5] --> 1, 2, 3\n[1,2,3,3,4,5] --> 3, 4, 5'}, {'id': 2, 'input': 'nums = [1,2,3,3,4,4,5,5]', 'output': 'true', 'explanation': 'nums can be split into the following subsequences:\n[1,2,3,3,4,4,5,5] --> 1, 2, 3, 4, 5\n[1,2,3,3,4,4,5,5] --> 3, 4, 5'}, {'id': 3, 'input': 'nums = [1,2,3,4,4,5]', 'output': 'false', 'explanation': 'It is impossible to split nums into consecutive increasing subsequences of length 3 or more.'}], topics: [Array], problem_statement: You are given an integer array nums that is sorted in non-decreasing order.

Determine if it is possible to split nums into one or more subsequences such that both of the following conditions are true:
- Each subsequence is a consecutive increasing sequence (i.e. each integer is exactly one more than the previous integer).
- All subsequences have a length of 3 or more.

Return true if you can split nums according to the above conditions, or false otherwise.

A subsequence of an array is a new array that is formed from the original array by deleting some (can be none) of the elements without disturbing the relative positions of the remaining elements. (i.e., [1,3,5] is a subsequence of [1,2,3,4,5] while [1,3,2] is not)., title: Split Array into Consecutive Subsequences, constraints: [1 <= nums.length <= 10^4, -1000 <= nums[i] <= 1000, nums is sorted in non-decreasing order.]})",[:SIMILAR_TOPIC {shared_topic: Array}],"(:Problem {difficulty: Easy, examples: [{'id': 1, 'input': 'cost = [10,15,20]', 'output': '15', 'explanation': 'You will start at index 1.\n- Pay 15 and climb two steps to reach the top.\nThe total cost is 15.'}, {'id': 2, 'input': 'cost = [1,100,1,1,1,100,1,1,100,1]', 'output': '6', 'explanation': 'You will start at index 0.\n- Pay 1 and climb two steps to reach index 2.\n- Pay 1 and climb two steps to reach index 4.\n- Pay 1 and climb two steps to reach index 6.\n- Pay 1 and climb one step to reach index 7.\n- Pay 1 and climb two steps to reach index 9.\n- Pay 1 and climb one step to reach the top.\nThe total cost is 6.'}], topics: [Dynamic Programming, Array], problem_statement: You are given an integer array cost where cost[i] is the cost of ith step on a staircase. Once you pay the cost, you can either climb one or two steps.

You can either start from the step with index 0, or the step with index 1.

Return the minimum cost to reach the top of the floor., title: Min Cost Climbing Stairs, constraints: [2 <= cost.length <= 1000, 0 <= cost[i] <= 999]})"
"(:Problem {difficulty: Medium, examples: [{'id': 1, 'input': 'nums = [1,2,3,3,4,5]', 'output': 'true', 'explanation': 'nums can be split into the following subsequences:\n[1,2,3,3,4,5] --> 1, 2, 3\n[1,2,3,3,4,5] --> 3, 4, 5'}, {'id': 2, 'input': 'nums = [1,2,3,3,4,4,5,5]', 'output': 'true', 'explanation': 'nums can be split into the following subsequences:\n[1,2,3,3,4,4,5,5] --> 1, 2, 3, 4, 5\n[1,2,3,3,4,4,5,5] --> 3, 4, 5'}, {'id': 3, 'input': 'nums = [1,2,3,4,4,5]', 'output': 'false', 'explanation': 'It is impossible to split nums into consecutive increasing subsequences of length 3 or more.'}], topics: [Array], problem_statement: You are given an integer array nums that is sorted in non-decreasing order.

Determine if it is possible to split nums into one or more subsequences such that both of the following conditions are true:
- Each subsequence is a consecutive increasing sequence (i.e. each integer is exactly one more than the previous integer).
- All subsequences have a length of 3 or more.

Return true if you can split nums according to the above conditions, or false otherwise.

A subsequence of an array is a new array that is formed from the original array by deleting some (can be none) of the elements without disturbing the relative positions of the remaining elements. (i.e., [1,3,5] is a subsequence of [1,2,3,4,5] while [1,3,2] is not)., title: Split Array into Consecutive Subsequences, constraints: [1 <= nums.length <= 10^4, -1000 <= nums[i] <= 1000, nums is sorted in non-decreasing order.]})",[:SIMILAR_TOPIC {shared_topic: Array}],"(:Problem {difficulty: Easy, examples: [{'id': 1, 'input': 'rowIndex = 3', 'output': '[1,3,3,1]'}, {'id': 2, 'input': 'rowIndex = 0', 'output': '[1]'}, {'id': 3, 'input': 'rowIndex = 1', 'output': '[1,1]'}], topics: [Array, Dynamic Programming], problem_statement: Given an integer rowIndex, return the rowIndexth (0-indexed) row of the Pascal's triangle.

In Pascal's triangle, each number is the sum of the two numbers directly above it., title: Pascal's Triangle II, constraints: [0 <= rowIndex <= 33]})"
"(:Problem {difficulty: Medium, examples: [{'id': 1, 'input': 'nums = [1,2,3,3,4,5]', 'output': 'true', 'explanation': 'nums can be split into the following subsequences:\n[1,2,3,3,4,5] --> 1, 2, 3\n[1,2,3,3,4,5] --> 3, 4, 5'}, {'id': 2, 'input': 'nums = [1,2,3,3,4,4,5,5]', 'output': 'true', 'explanation': 'nums can be split into the following subsequences:\n[1,2,3,3,4,4,5,5] --> 1, 2, 3, 4, 5\n[1,2,3,3,4,4,5,5] --> 3, 4, 5'}, {'id': 3, 'input': 'nums = [1,2,3,4,4,5]', 'output': 'false', 'explanation': 'It is impossible to split nums into consecutive increasing subsequences of length 3 or more.'}], topics: [Array], problem_statement: You are given an integer array nums that is sorted in non-decreasing order.

Determine if it is possible to split nums into one or more subsequences such that both of the following conditions are true:
- Each subsequence is a consecutive increasing sequence (i.e. each integer is exactly one more than the previous integer).
- All subsequences have a length of 3 or more.

Return true if you can split nums according to the above conditions, or false otherwise.

A subsequence of an array is a new array that is formed from the original array by deleting some (can be none) of the elements without disturbing the relative positions of the remaining elements. (i.e., [1,3,5] is a subsequence of [1,2,3,4,5] while [1,3,2] is not)., title: Split Array into Consecutive Subsequences, constraints: [1 <= nums.length <= 10^4, -1000 <= nums[i] <= 1000, nums is sorted in non-decreasing order.]})",[:SIMILAR_TOPIC {shared_topic: Array}],"(:Problem {difficulty: Medium, examples: [{'id': 1, 'input': 'arr = [3,3,3,3,5,5,5,2,2,7]', 'output': '2', 'explanation': 'Choosing {3,7} will make the new array [5,5,5,2,2] which has size 5 (i.e equal to half of the size of the old array).\nPossible sets of size 2 are {3,5},{3,2},{5,2}.\nChoosing set {2,7} is not possible as it will make the new array [3,3,3,3,5,5,5] which has a size greater than half of the size of the old array.'}, {'id': 2, 'input': 'arr = [7,7,7,7,7,7]', 'output': '1', 'explanation': 'The only possible set you can choose is {7}. This will make the new array empty.'}], topics: [Array], problem_statement: You are given an integer array arr. You can choose a set of integers and remove all the occurrences of these integers in the array.

Return the minimum size of the set so that at least half of the integers of the array are removed., title: Reduce Array Size to The Half, constraints: [2 <= arr.length <= 10^5, arr.length is even., 1 <= arr[i] <= 10^5]})"
"(:Problem {difficulty: Medium, examples: [{'id': 1, 'input': 'arr = [3,3,3,3,5,5,5,2,2,7]', 'output': '2', 'explanation': 'Choosing {3,7} will make the new array [5,5,5,2,2] which has size 5 (i.e equal to half of the size of the old array).\nPossible sets of size 2 are {3,5},{3,2},{5,2}.\nChoosing set {2,7} is not possible as it will make the new array [3,3,3,3,5,5,5] which has a size greater than half of the size of the old array.'}, {'id': 2, 'input': 'arr = [7,7,7,7,7,7]', 'output': '1', 'explanation': 'The only possible set you can choose is {7}. This will make the new array empty.'}], topics: [Array], problem_statement: You are given an integer array arr. You can choose a set of integers and remove all the occurrences of these integers in the array.

Return the minimum size of the set so that at least half of the integers of the array are removed., title: Reduce Array Size to The Half, constraints: [2 <= arr.length <= 10^5, arr.length is even., 1 <= arr[i] <= 10^5]})",[:BELONGS_TO_TOPIC],(:Topic {name: Array})
"(:Problem {difficulty: Medium, examples: [{'id': 1, 'input': 'arr = [3,3,3,3,5,5,5,2,2,7]', 'output': '2', 'explanation': 'Choosing {3,7} will make the new array [5,5,5,2,2] which has size 5 (i.e equal to half of the size of the old array).\nPossible sets of size 2 are {3,5},{3,2},{5,2}.\nChoosing set {2,7} is not possible as it will make the new array [3,3,3,3,5,5,5] which has a size greater than half of the size of the old array.'}, {'id': 2, 'input': 'arr = [7,7,7,7,7,7]', 'output': '1', 'explanation': 'The only possible set you can choose is {7}. This will make the new array empty.'}], topics: [Array], problem_statement: You are given an integer array arr. You can choose a set of integers and remove all the occurrences of these integers in the array.

Return the minimum size of the set so that at least half of the integers of the array are removed., title: Reduce Array Size to The Half, constraints: [2 <= arr.length <= 10^5, arr.length is even., 1 <= arr[i] <= 10^5]})",[:HAS_DIFFICULTY],(:Difficulty {level: Medium})
"(:Problem {difficulty: Medium, examples: [{'id': 1, 'input': 'arr = [3,3,3,3,5,5,5,2,2,7]', 'output': '2', 'explanation': 'Choosing {3,7} will make the new array [5,5,5,2,2] which has size 5 (i.e equal to half of the size of the old array).\nPossible sets of size 2 are {3,5},{3,2},{5,2}.\nChoosing set {2,7} is not possible as it will make the new array [3,3,3,3,5,5,5] which has a size greater than half of the size of the old array.'}, {'id': 2, 'input': 'arr = [7,7,7,7,7,7]', 'output': '1', 'explanation': 'The only possible set you can choose is {7}. This will make the new array empty.'}], topics: [Array], problem_statement: You are given an integer array arr. You can choose a set of integers and remove all the occurrences of these integers in the array.

Return the minimum size of the set so that at least half of the integers of the array are removed., title: Reduce Array Size to The Half, constraints: [2 <= arr.length <= 10^5, arr.length is even., 1 <= arr[i] <= 10^5]})",[:HAS_SOLUTION],"(:Solution {code: class Solution {
public:
    int minSetSize(vector<int>& arr) {
        int ans = 0, c = 0;
        unordered_map<int, int> mp;
        for(auto x: arr)
            mp[x]++;

        vector<int> v;
        for(auto it: mp)
            v.push_back(it.second);

        sort(v.rbegin(), v.rend()); // Sort descending
        for(int i = 0; i < v.size(); i++){
            ans += v[i];
            c++;
            if(ans >= arr.size()/2)
                return c;
        }
        return c;
    }
};, language: C++ (Sort), approach: Greedy with Frequency Counting})"
"(:Problem {difficulty: Medium, examples: [{'id': 1, 'input': 'arr = [3,3,3,3,5,5,5,2,2,7]', 'output': '2', 'explanation': 'Choosing {3,7} will make the new array [5,5,5,2,2] which has size 5 (i.e equal to half of the size of the old array).\nPossible sets of size 2 are {3,5},{3,2},{5,2}.\nChoosing set {2,7} is not possible as it will make the new array [3,3,3,3,5,5,5] which has a size greater than half of the size of the old array.'}, {'id': 2, 'input': 'arr = [7,7,7,7,7,7]', 'output': '1', 'explanation': 'The only possible set you can choose is {7}. This will make the new array empty.'}], topics: [Array], problem_statement: You are given an integer array arr. You can choose a set of integers and remove all the occurrences of these integers in the array.

Return the minimum size of the set so that at least half of the integers of the array are removed., title: Reduce Array Size to The Half, constraints: [2 <= arr.length <= 10^5, arr.length is even., 1 <= arr[i] <= 10^5]})",[:HAS_SOLUTION],"(:Solution {code: class Solution {
public:
    int minSetSize(vector<int>& arr) {
        int x = 0, ans = 0;
        unordered_map<int, int> mp;
        for(auto i: arr)
            mp[i]++;

        priority_queue<int> pq;
        for(auto i: mp)
            pq.push(i.second);

        while(x < arr.size()/2){
            x += pq.top();
            pq.pop();
            ans++;
        }
        return ans;
    }
};, language: C++ (Priority Queue), approach: Greedy with Frequency Counting})"
"(:Problem {difficulty: Medium, examples: [{'id': 1, 'input': 'arr = [3,3,3,3,5,5,5,2,2,7]', 'output': '2', 'explanation': 'Choosing {3,7} will make the new array [5,5,5,2,2] which has size 5 (i.e equal to half of the size of the old array).\nPossible sets of size 2 are {3,5},{3,2},{5,2}.\nChoosing set {2,7} is not possible as it will make the new array [3,3,3,3,5,5,5] which has a size greater than half of the size of the old array.'}, {'id': 2, 'input': 'arr = [7,7,7,7,7,7]', 'output': '1', 'explanation': 'The only possible set you can choose is {7}. This will make the new array empty.'}], topics: [Array], problem_statement: You are given an integer array arr. You can choose a set of integers and remove all the occurrences of these integers in the array.

Return the minimum size of the set so that at least half of the integers of the array are removed., title: Reduce Array Size to The Half, constraints: [2 <= arr.length <= 10^5, arr.length is even., 1 <= arr[i] <= 10^5]})",[:SIMILAR_TOPIC {shared_topic: Array}],"(:Problem {difficulty: Easy, examples: [{'id': 1, 'input': 'sentence = ""thequickbrownfoxjumpsoverthelazydog""', 'output': 'true', 'explanation': 'sentence contains at least one of every letter of the English alphabet.'}, {'id': 2, 'input': 'sentence = ""leetcode""', 'output': 'false', 'explanation': None}], topics: [Array, Hash Table, String], problem_statement: A pangram is a sentence where every letter of the English alphabet appears at least once. Given a string sentence containing only lowercase English letters, return true if sentence is a pangram, or false otherwise., title: Check if the Sentence Is Pangram, constraints: [1 <= sentence.length <= 1000, sentence consists of lowercase English letters.]})"
"(:Problem {difficulty: Medium, examples: [{'id': 1, 'input': 'arr = [3,3,3,3,5,5,5,2,2,7]', 'output': '2', 'explanation': 'Choosing {3,7} will make the new array [5,5,5,2,2] which has size 5 (i.e equal to half of the size of the old array).\nPossible sets of size 2 are {3,5},{3,2},{5,2}.\nChoosing set {2,7} is not possible as it will make the new array [3,3,3,3,5,5,5] which has a size greater than half of the size of the old array.'}, {'id': 2, 'input': 'arr = [7,7,7,7,7,7]', 'output': '1', 'explanation': 'The only possible set you can choose is {7}. This will make the new array empty.'}], topics: [Array], problem_statement: You are given an integer array arr. You can choose a set of integers and remove all the occurrences of these integers in the array.

Return the minimum size of the set so that at least half of the integers of the array are removed., title: Reduce Array Size to The Half, constraints: [2 <= arr.length <= 10^5, arr.length is even., 1 <= arr[i] <= 10^5]})",[:SIMILAR_TOPIC {shared_topic: Array}],"(:Problem {difficulty: Easy, examples: [{'id': 1, 'input': 'items = [[""phone"",""blue"",""pixel""],[""computer"",""silver"",""lenovo""],[""phone"",""gold"",""iphone""]], ruleKey = ""color"", ruleValue = ""silver""', 'output': '1', 'explanation': 'There is only one item matching the given rule, which is [""computer"",""silver"",""lenovo""].'}, {'id': 2, 'input': 'items = [[""phone"",""blue"",""pixel""],[""computer"",""silver"",""phone""],[""phone"",""gold"",""iphone""]], ruleKey = ""type"", ruleValue = ""phone""', 'output': '2', 'explanation': 'There are only two items matching the given rule, which are [""phone"",""blue"",""pixel""] and [""phone"",""gold"",""iphone""]. Note that the item [""computer"",""silver"",""phone""] does not match.'}], topics: [Array, String], problem_statement: You are given an array items, where each items[i] = [typei, colori, namei] describes the type, color, and name of the ith item. You are also given a rule represented by two strings, ruleKey and ruleValue.

The ith item is said to match the rule if one of the following is true:
- ruleKey == ""type"" and ruleValue == typei.
- ruleKey == ""color"" and ruleValue == colori.
- ruleKey == ""name"" and ruleValue == namei.

Return the number of items that match the given rule., title: Count Items Matching a Rule, constraints: [1 <= items.length <= 10^4, 1 <= typei.length, colori.length, namei.length, ruleValue.length <= 10, ruleKey is equal to either ""type"", ""color"", or ""name""., All strings consist only of lowercase letters.]})"
"(:Problem {difficulty: Medium, examples: [{'id': 1, 'input': 'arr = [3,3,3,3,5,5,5,2,2,7]', 'output': '2', 'explanation': 'Choosing {3,7} will make the new array [5,5,5,2,2] which has size 5 (i.e equal to half of the size of the old array).\nPossible sets of size 2 are {3,5},{3,2},{5,2}.\nChoosing set {2,7} is not possible as it will make the new array [3,3,3,3,5,5,5] which has a size greater than half of the size of the old array.'}, {'id': 2, 'input': 'arr = [7,7,7,7,7,7]', 'output': '1', 'explanation': 'The only possible set you can choose is {7}. This will make the new array empty.'}], topics: [Array], problem_statement: You are given an integer array arr. You can choose a set of integers and remove all the occurrences of these integers in the array.

Return the minimum size of the set so that at least half of the integers of the array are removed., title: Reduce Array Size to The Half, constraints: [2 <= arr.length <= 10^5, arr.length is even., 1 <= arr[i] <= 10^5]})",[:SIMILAR_TOPIC {shared_topic: Array}],"(:Problem {difficulty: Easy, examples: [{'id': 1, 'input': 'nums = [0,1,2,3,4], index = [0,1,2,2,1]', 'output': '[0,4,1,3,2]', 'explanation': 'nums       index     target\n0            0        [0]\n1            1        [0,1]\n2            2        [0,1,2]\n3            2        [0,1,3,2]\n4            1        [0,4,1,3,2]'}, {'id': 2, 'input': 'nums = [1,2,3,4,0], index = [0,1,2,3,0]', 'output': '[0,1,2,3,4]', 'explanation': 'nums       index     target\n1            0        [1]\n2            1        [1,2]\n3            2        [1,2,3]\n4            3        [1,2,3,4]\n0            0        [0,1,2,3,4]'}, {'id': 3, 'input': 'nums = [1], index = [0]', 'output': '[1]', 'explanation': None}], topics: [Array, Simulation], problem_statement: Given two arrays of integers nums and index. Your task is to create target array under the following rules:
- Initially target array is empty.
- From left to right read nums[i] and index[i], insert at index index[i] the value nums[i] in target array.
- Repeat the previous step until there are no elements to read in nums and index.
Return the target array.
It is guaranteed that the insertion operations will be valid., title: Create Target Array in the Given Order, constraints: [1 <= nums.length, index.length <= 100, nums.length == index.length, 0 <= nums[i] <= 100, 0 <= index[i] <= i]})"
"(:Problem {difficulty: Medium, examples: [{'id': 1, 'input': 'arr = [3,3,3,3,5,5,5,2,2,7]', 'output': '2', 'explanation': 'Choosing {3,7} will make the new array [5,5,5,2,2] which has size 5 (i.e equal to half of the size of the old array).\nPossible sets of size 2 are {3,5},{3,2},{5,2}.\nChoosing set {2,7} is not possible as it will make the new array [3,3,3,3,5,5,5] which has a size greater than half of the size of the old array.'}, {'id': 2, 'input': 'arr = [7,7,7,7,7,7]', 'output': '1', 'explanation': 'The only possible set you can choose is {7}. This will make the new array empty.'}], topics: [Array], problem_statement: You are given an integer array arr. You can choose a set of integers and remove all the occurrences of these integers in the array.

Return the minimum size of the set so that at least half of the integers of the array are removed., title: Reduce Array Size to The Half, constraints: [2 <= arr.length <= 10^5, arr.length is even., 1 <= arr[i] <= 10^5]})",[:SIMILAR_TOPIC {shared_topic: Array}],"(:Problem {difficulty: Easy, examples: [{'id': 1, 'input': 'n = 5, start = 0', 'output': '8', 'explanation': 'Array nums is equal to [0, 2, 4, 6, 8] where (0 ^ 2 ^ 4 ^ 6 ^ 8) = 8.\nWhere ""^"" corresponds to bitwise XOR operator.'}, {'id': 2, 'input': 'n = 4, start = 3', 'output': '8', 'explanation': 'Array nums is equal to [3, 5, 7, 9] where (3 ^ 5 ^ 7 ^ 9) = 8.'}], topics: [Bit Manipulation, Array, Math], problem_statement: You are given an integer n and an integer start.

Define an array nums where nums[i] = start + 2 * i (0-indexed) and n == nums.length.

Return the bitwise XOR of all elements of nums., title: XOR Operation in an Array, constraints: [1 <= n <= 1000, 0 <= start <= 1000, n == nums.length]})"
"(:Problem {difficulty: Medium, examples: [{'id': 1, 'input': 'arr = [3,3,3,3,5,5,5,2,2,7]', 'output': '2', 'explanation': 'Choosing {3,7} will make the new array [5,5,5,2,2] which has size 5 (i.e equal to half of the size of the old array).\nPossible sets of size 2 are {3,5},{3,2},{5,2}.\nChoosing set {2,7} is not possible as it will make the new array [3,3,3,3,5,5,5] which has a size greater than half of the size of the old array.'}, {'id': 2, 'input': 'arr = [7,7,7,7,7,7]', 'output': '1', 'explanation': 'The only possible set you can choose is {7}. This will make the new array empty.'}], topics: [Array], problem_statement: You are given an integer array arr. You can choose a set of integers and remove all the occurrences of these integers in the array.

Return the minimum size of the set so that at least half of the integers of the array are removed., title: Reduce Array Size to The Half, constraints: [2 <= arr.length <= 10^5, arr.length is even., 1 <= arr[i] <= 10^5]})",[:SIMILAR_TOPIC {shared_topic: Array}],"(:Problem {difficulty: Easy, examples: [{'id': 1, 'input': 'cost = [10,15,20]', 'output': '15', 'explanation': 'You will start at index 1.\n- Pay 15 and climb two steps to reach the top.\nThe total cost is 15.'}, {'id': 2, 'input': 'cost = [1,100,1,1,1,100,1,1,100,1]', 'output': '6', 'explanation': 'You will start at index 0.\n- Pay 1 and climb two steps to reach index 2.\n- Pay 1 and climb two steps to reach index 4.\n- Pay 1 and climb two steps to reach index 6.\n- Pay 1 and climb one step to reach index 7.\n- Pay 1 and climb two steps to reach index 9.\n- Pay 1 and climb one step to reach the top.\nThe total cost is 6.'}], topics: [Dynamic Programming, Array], problem_statement: You are given an integer array cost where cost[i] is the cost of ith step on a staircase. Once you pay the cost, you can either climb one or two steps.

You can either start from the step with index 0, or the step with index 1.

Return the minimum cost to reach the top of the floor., title: Min Cost Climbing Stairs, constraints: [2 <= cost.length <= 1000, 0 <= cost[i] <= 999]})"
"(:Problem {difficulty: Medium, examples: [{'id': 1, 'input': 'arr = [3,3,3,3,5,5,5,2,2,7]', 'output': '2', 'explanation': 'Choosing {3,7} will make the new array [5,5,5,2,2] which has size 5 (i.e equal to half of the size of the old array).\nPossible sets of size 2 are {3,5},{3,2},{5,2}.\nChoosing set {2,7} is not possible as it will make the new array [3,3,3,3,5,5,5] which has a size greater than half of the size of the old array.'}, {'id': 2, 'input': 'arr = [7,7,7,7,7,7]', 'output': '1', 'explanation': 'The only possible set you can choose is {7}. This will make the new array empty.'}], topics: [Array], problem_statement: You are given an integer array arr. You can choose a set of integers and remove all the occurrences of these integers in the array.

Return the minimum size of the set so that at least half of the integers of the array are removed., title: Reduce Array Size to The Half, constraints: [2 <= arr.length <= 10^5, arr.length is even., 1 <= arr[i] <= 10^5]})",[:SIMILAR_TOPIC {shared_topic: Array}],"(:Problem {difficulty: Easy, examples: [{'id': 1, 'input': 'rowIndex = 3', 'output': '[1,3,3,1]'}, {'id': 2, 'input': 'rowIndex = 0', 'output': '[1]'}, {'id': 3, 'input': 'rowIndex = 1', 'output': '[1,1]'}], topics: [Array, Dynamic Programming], problem_statement: Given an integer rowIndex, return the rowIndexth (0-indexed) row of the Pascal's triangle.

In Pascal's triangle, each number is the sum of the two numbers directly above it., title: Pascal's Triangle II, constraints: [0 <= rowIndex <= 33]})"
"(:Problem {difficulty: Medium, examples: [{'id': 1, 'input': 'arr = [3,3,3,3,5,5,5,2,2,7]', 'output': '2', 'explanation': 'Choosing {3,7} will make the new array [5,5,5,2,2] which has size 5 (i.e equal to half of the size of the old array).\nPossible sets of size 2 are {3,5},{3,2},{5,2}.\nChoosing set {2,7} is not possible as it will make the new array [3,3,3,3,5,5,5] which has a size greater than half of the size of the old array.'}, {'id': 2, 'input': 'arr = [7,7,7,7,7,7]', 'output': '1', 'explanation': 'The only possible set you can choose is {7}. This will make the new array empty.'}], topics: [Array], problem_statement: You are given an integer array arr. You can choose a set of integers and remove all the occurrences of these integers in the array.

Return the minimum size of the set so that at least half of the integers of the array are removed., title: Reduce Array Size to The Half, constraints: [2 <= arr.length <= 10^5, arr.length is even., 1 <= arr[i] <= 10^5]})",[:SIMILAR_TOPIC {shared_topic: Array}],"(:Problem {difficulty: Medium, examples: [{'id': 1, 'input': 'nums = [1,2,3,3,4,5]', 'output': 'true', 'explanation': 'nums can be split into the following subsequences:\n[1,2,3,3,4,5] --> 1, 2, 3\n[1,2,3,3,4,5] --> 3, 4, 5'}, {'id': 2, 'input': 'nums = [1,2,3,3,4,4,5,5]', 'output': 'true', 'explanation': 'nums can be split into the following subsequences:\n[1,2,3,3,4,4,5,5] --> 1, 2, 3, 4, 5\n[1,2,3,3,4,4,5,5] --> 3, 4, 5'}, {'id': 3, 'input': 'nums = [1,2,3,4,4,5]', 'output': 'false', 'explanation': 'It is impossible to split nums into consecutive increasing subsequences of length 3 or more.'}], topics: [Array], problem_statement: You are given an integer array nums that is sorted in non-decreasing order.

Determine if it is possible to split nums into one or more subsequences such that both of the following conditions are true:
- Each subsequence is a consecutive increasing sequence (i.e. each integer is exactly one more than the previous integer).
- All subsequences have a length of 3 or more.

Return true if you can split nums according to the above conditions, or false otherwise.

A subsequence of an array is a new array that is formed from the original array by deleting some (can be none) of the elements without disturbing the relative positions of the remaining elements. (i.e., [1,3,5] is a subsequence of [1,2,3,4,5] while [1,3,2] is not)., title: Split Array into Consecutive Subsequences, constraints: [1 <= nums.length <= 10^4, -1000 <= nums[i] <= 1000, nums is sorted in non-decreasing order.]})"
"(:Problem {difficulty: Medium, examples: [{'id': 1, 'input': 'n = 3, k = 7', 'output': '[181,292,707,818,929]', 'explanation': 'Note that 070 is not a valid number, because it has leading zeroes.'}, {'id': 2, 'input': 'n = 2, k = 1', 'output': '[10,12,21,23,32,34,43,45,54,56,65,67,76,78,87,89,98]', 'explanation': None}], topics: [Backtracking], problem_statement: Given two integers n and k, return an array of all the integers of length n where the difference between every two consecutive digits is k. You may return the answer in any order.

Note that the integers should not have leading zeros. Integers as 02 and 043 are not allowed., title: Numbers With Same Consecutive Differences, constraints: [2 <= n <= 9, 0 <= k <= 9]})",[:BELONGS_TO_TOPIC],(:Topic {name: Backtracking})
"(:Problem {difficulty: Medium, examples: [{'id': 1, 'input': 'n = 3, k = 7', 'output': '[181,292,707,818,929]', 'explanation': 'Note that 070 is not a valid number, because it has leading zeroes.'}, {'id': 2, 'input': 'n = 2, k = 1', 'output': '[10,12,21,23,32,34,43,45,54,56,65,67,76,78,87,89,98]', 'explanation': None}], topics: [Backtracking], problem_statement: Given two integers n and k, return an array of all the integers of length n where the difference between every two consecutive digits is k. You may return the answer in any order.

Note that the integers should not have leading zeros. Integers as 02 and 043 are not allowed., title: Numbers With Same Consecutive Differences, constraints: [2 <= n <= 9, 0 <= k <= 9]})",[:HAS_DIFFICULTY],(:Difficulty {level: Medium})
"(:Problem {difficulty: Medium, examples: [{'id': 1, 'input': 'n = 3, k = 7', 'output': '[181,292,707,818,929]', 'explanation': 'Note that 070 is not a valid number, because it has leading zeroes.'}, {'id': 2, 'input': 'n = 2, k = 1', 'output': '[10,12,21,23,32,34,43,45,54,56,65,67,76,78,87,89,98]', 'explanation': None}], topics: [Backtracking], problem_statement: Given two integers n and k, return an array of all the integers of length n where the difference between every two consecutive digits is k. You may return the answer in any order.

Note that the integers should not have leading zeros. Integers as 02 and 043 are not allowed., title: Numbers With Same Consecutive Differences, constraints: [2 <= n <= 9, 0 <= k <= 9]})",[:HAS_SOLUTION],"(:Solution {code: class Solution {
public:
    vector<int> ans;
    void solve(int len, int &k, int num, int digit){
        if(len == 0){
            ans.push_back(num);
            return;
        }
        int next_digit_add = digit + k;
        int next_digit_sub = digit - k;

        if(next_digit_add >= 0 && next_digit_add < 10){
            solve(len-1, k, num*10 + next_digit_add, next_digit_add);
        }

        // Avoid double counting if k is 0
        if(k != 0 && next_digit_sub >= 0 && next_digit_sub < 10){
            solve(len-1, k, num*10 + next_digit_sub, next_digit_sub);
        }
    }
    
    vector<int> numsSameConsecDiff(int n, int k) {
        for(int i = 1; i <= 9; i++)      
            solve(n-1, k, i, i);
        return ans;
    }
};, language: C++, approach: Backtracking (DFS)})"
"(:Problem {difficulty: Medium, examples: [{'id': 1, 'input': 'rooms = [[1],[2],[3],[]]', 'output': 'true', 'explanation': 'We visit room 0 and pick up key 1.\nWe then visit room 1 and pick up key 2.\nWe then visit room 2 and pick up key 3.\nWe then visit room 3.\nSince we were able to visit every room, we return true.'}, {'id': 2, 'input': 'rooms = [[1,3],[3,0,1],[2],[0]]', 'output': 'false', 'explanation': 'We can not enter room number 2 since the only key that unlocks it is in that room.'}], topics: [Graph], problem_statement: There are n rooms labeled from 0 to n - 1 and all the rooms are locked except for room 0. Your goal is to visit all the rooms. However, you cannot enter a locked room without having its key.

When you visit a room, you may find a set of distinct keys in it. Each key has a number on it, denoting which room it unlocks, and you can take all of them with you to unlock the other rooms.

Given an array rooms where rooms[i] is the set of keys that you can obtain if you visited room i, return true if you can visit all the rooms, or false otherwise., title: Keys and Rooms, constraints: [n == rooms.length, 2 <= n <= 1000, 0 <= rooms[i].length <= 1000, 1 <= sum(rooms[i].length) <= 3000, 0 <= rooms[i][j] < n, All the values of rooms[i] are unique.]})",[:BELONGS_TO_TOPIC],(:Topic {name: Graph})
"(:Problem {difficulty: Medium, examples: [{'id': 1, 'input': 'rooms = [[1],[2],[3],[]]', 'output': 'true', 'explanation': 'We visit room 0 and pick up key 1.\nWe then visit room 1 and pick up key 2.\nWe then visit room 2 and pick up key 3.\nWe then visit room 3.\nSince we were able to visit every room, we return true.'}, {'id': 2, 'input': 'rooms = [[1,3],[3,0,1],[2],[0]]', 'output': 'false', 'explanation': 'We can not enter room number 2 since the only key that unlocks it is in that room.'}], topics: [Graph], problem_statement: There are n rooms labeled from 0 to n - 1 and all the rooms are locked except for room 0. Your goal is to visit all the rooms. However, you cannot enter a locked room without having its key.

When you visit a room, you may find a set of distinct keys in it. Each key has a number on it, denoting which room it unlocks, and you can take all of them with you to unlock the other rooms.

Given an array rooms where rooms[i] is the set of keys that you can obtain if you visited room i, return true if you can visit all the rooms, or false otherwise., title: Keys and Rooms, constraints: [n == rooms.length, 2 <= n <= 1000, 0 <= rooms[i].length <= 1000, 1 <= sum(rooms[i].length) <= 3000, 0 <= rooms[i][j] < n, All the values of rooms[i] are unique.]})",[:HAS_DIFFICULTY],(:Difficulty {level: Medium})
"(:Problem {difficulty: Medium, examples: [{'id': 1, 'input': 'rooms = [[1],[2],[3],[]]', 'output': 'true', 'explanation': 'We visit room 0 and pick up key 1.\nWe then visit room 1 and pick up key 2.\nWe then visit room 2 and pick up key 3.\nWe then visit room 3.\nSince we were able to visit every room, we return true.'}, {'id': 2, 'input': 'rooms = [[1,3],[3,0,1],[2],[0]]', 'output': 'false', 'explanation': 'We can not enter room number 2 since the only key that unlocks it is in that room.'}], topics: [Graph], problem_statement: There are n rooms labeled from 0 to n - 1 and all the rooms are locked except for room 0. Your goal is to visit all the rooms. However, you cannot enter a locked room without having its key.

When you visit a room, you may find a set of distinct keys in it. Each key has a number on it, denoting which room it unlocks, and you can take all of them with you to unlock the other rooms.

Given an array rooms where rooms[i] is the set of keys that you can obtain if you visited room i, return true if you can visit all the rooms, or false otherwise., title: Keys and Rooms, constraints: [n == rooms.length, 2 <= n <= 1000, 0 <= rooms[i].length <= 1000, 1 <= sum(rooms[i].length) <= 3000, 0 <= rooms[i][j] < n, All the values of rooms[i] are unique.]})",[:HAS_SOLUTION],"(:Solution {code: class Solution {
public:
    bool canVisitAllRooms(vector<vector<int>>& rooms) {
        int n = rooms.size();
        vector<bool> vis(n, false);
        queue<int> q;
        q.push(0);
        vis[0] = true;
        
        while(!q.empty()){
            int room = q.front();
            q.pop();
            for(auto it: rooms[room]){
                if(!vis[it]){
                    q.push(it);
                    vis[it] = true;
                }
            }
        }
        for(auto it: vis)
            if(!it)
                return false;
        return true;
    }
};, language: C++, approach: Graph Traversal (BFS)})"
"(:Problem {difficulty: Medium, examples: [{'id': 1, 'input': 'rooms = [[1],[2],[3],[]]', 'output': 'true', 'explanation': 'We visit room 0 and pick up key 1.\nWe then visit room 1 and pick up key 2.\nWe then visit room 2 and pick up key 3.\nWe then visit room 3.\nSince we were able to visit every room, we return true.'}, {'id': 2, 'input': 'rooms = [[1,3],[3,0,1],[2],[0]]', 'output': 'false', 'explanation': 'We can not enter room number 2 since the only key that unlocks it is in that room.'}], topics: [Graph], problem_statement: There are n rooms labeled from 0 to n - 1 and all the rooms are locked except for room 0. Your goal is to visit all the rooms. However, you cannot enter a locked room without having its key.

When you visit a room, you may find a set of distinct keys in it. Each key has a number on it, denoting which room it unlocks, and you can take all of them with you to unlock the other rooms.

Given an array rooms where rooms[i] is the set of keys that you can obtain if you visited room i, return true if you can visit all the rooms, or false otherwise., title: Keys and Rooms, constraints: [n == rooms.length, 2 <= n <= 1000, 0 <= rooms[i].length <= 1000, 1 <= sum(rooms[i].length) <= 3000, 0 <= rooms[i][j] < n, All the values of rooms[i] are unique.]})",[:SIMILAR_TOPIC {shared_topic: Graph}],"(:Problem {difficulty: Easy, examples: [{'id': 1, 'input': 'n = 3, edges = [[0,1],[1,2],[2,0]], source = 0, destination = 2', 'output': 'true', 'explanation': 'There are two paths from vertex 0 to vertex 2:\n- 0 → 1 → 2\n- 0 → 2'}, {'id': 2, 'input': 'n = 6, edges = [[0,1],[0,2],[3,5],[5,4],[4,3]], source = 0, destination = 5', 'output': 'false', 'explanation': 'There is no path from vertex 0 to vertex 5.'}], topics: [Graph, Breadth-First Search, Depth-First Search, Union-Find], problem_statement: There is a bi-directional graph with n vertices, where each vertex is labeled from 0 to n - 1 (inclusive). The edges in the graph are represented as a 2D integer array edges, where each edges[i] = [ui, vi] denotes a bi-directional edge between vertex ui and vertex vi. Every vertex pair is connected by at most one edge, and no vertex has an edge to itself.

You want to determine if there is a valid path that exists from vertex source to vertex destination.

Given edges and the integers n, source, and destination, return true if there is a valid path from source to destination, or false otherwise., title: Find if Path Exists in Graph, constraints: [1 <= n <= 2 * 10^5, 0 <= edges.length <= 2 * 10^5, edges[i].length == 2, 0 <= ui, vi <= n - 1, ui != vi, 0 <= source, destination <= n - 1, There are no duplicate edges., There are no self edges.]})"
"(:Problem {difficulty: Medium, examples: [{'id': 1, 'input': 'tokens = [""2"",""1"",""+"",""3"",""*""]', 'output': '9', 'explanation': '((2 + 1) * 3) = 9'}, {'id': 2, 'input': 'tokens = [""4"",""13"",""5"",""/"",""+""]', 'output': '6', 'explanation': '(4 + (13 / 5)) = 6'}, {'id': 3, 'input': 'tokens = [""10"",""6"",""9"",""3"",""+"",""-11"",""*"",""/"",""*"",""17"",""+"",""5"",""+""]', 'output': '22', 'explanation': '((10 * (6 / ((9 + 3) * -11))) + 17) + 5\n= ((10 * (6 / (12 * -11))) + 17) + 5\n= ((10 * (6 / -132)) + 17) + 5\n= ((10 * 0) + 17) + 5\n= (0 + 17) + 5\n= 17 + 5\n= 22'}], topics: [Sorting], problem_statement: You are given an array of strings tokens that represents an arithmetic expression in a Reverse Polish Notation.

Evaluate the expression. Return an integer that represents the value of the expression.

Note that:
- The valid operators are '+', '-', '*', and '/'.
- Each operand may be an integer or another expression.
- The division between two integers always truncates toward zero.
- There will not be any division by zero.
- The input represents a valid arithmetic expression in a reverse polish notation.
- The answer and all the intermediate calculations can be represented in a 32-bit integer., title: Evaluate Reverse Polish Notation, constraints: [1 <= tokens.length <= 10^4, tokens[i] is either an operator: ""+"", ""-"", ""*"", or ""/"", or an integer in the range [-200, 200].]})",[:BELONGS_TO_TOPIC],(:Topic {name: Sorting})
"(:Problem {difficulty: Medium, examples: [{'id': 1, 'input': 'tokens = [""2"",""1"",""+"",""3"",""*""]', 'output': '9', 'explanation': '((2 + 1) * 3) = 9'}, {'id': 2, 'input': 'tokens = [""4"",""13"",""5"",""/"",""+""]', 'output': '6', 'explanation': '(4 + (13 / 5)) = 6'}, {'id': 3, 'input': 'tokens = [""10"",""6"",""9"",""3"",""+"",""-11"",""*"",""/"",""*"",""17"",""+"",""5"",""+""]', 'output': '22', 'explanation': '((10 * (6 / ((9 + 3) * -11))) + 17) + 5\n= ((10 * (6 / (12 * -11))) + 17) + 5\n= ((10 * (6 / -132)) + 17) + 5\n= ((10 * 0) + 17) + 5\n= (0 + 17) + 5\n= 17 + 5\n= 22'}], topics: [Sorting], problem_statement: You are given an array of strings tokens that represents an arithmetic expression in a Reverse Polish Notation.

Evaluate the expression. Return an integer that represents the value of the expression.

Note that:
- The valid operators are '+', '-', '*', and '/'.
- Each operand may be an integer or another expression.
- The division between two integers always truncates toward zero.
- There will not be any division by zero.
- The input represents a valid arithmetic expression in a reverse polish notation.
- The answer and all the intermediate calculations can be represented in a 32-bit integer., title: Evaluate Reverse Polish Notation, constraints: [1 <= tokens.length <= 10^4, tokens[i] is either an operator: ""+"", ""-"", ""*"", or ""/"", or an integer in the range [-200, 200].]})",[:HAS_DIFFICULTY],(:Difficulty {level: Medium})
"(:Problem {difficulty: Medium, examples: [{'id': 1, 'input': 'tokens = [""2"",""1"",""+"",""3"",""*""]', 'output': '9', 'explanation': '((2 + 1) * 3) = 9'}, {'id': 2, 'input': 'tokens = [""4"",""13"",""5"",""/"",""+""]', 'output': '6', 'explanation': '(4 + (13 / 5)) = 6'}, {'id': 3, 'input': 'tokens = [""10"",""6"",""9"",""3"",""+"",""-11"",""*"",""/"",""*"",""17"",""+"",""5"",""+""]', 'output': '22', 'explanation': '((10 * (6 / ((9 + 3) * -11))) + 17) + 5\n= ((10 * (6 / (12 * -11))) + 17) + 5\n= ((10 * (6 / -132)) + 17) + 5\n= ((10 * 0) + 17) + 5\n= (0 + 17) + 5\n= 17 + 5\n= 22'}], topics: [Sorting], problem_statement: You are given an array of strings tokens that represents an arithmetic expression in a Reverse Polish Notation.

Evaluate the expression. Return an integer that represents the value of the expression.

Note that:
- The valid operators are '+', '-', '*', and '/'.
- Each operand may be an integer or another expression.
- The division between two integers always truncates toward zero.
- There will not be any division by zero.
- The input represents a valid arithmetic expression in a reverse polish notation.
- The answer and all the intermediate calculations can be represented in a 32-bit integer., title: Evaluate Reverse Polish Notation, constraints: [1 <= tokens.length <= 10^4, tokens[i] is either an operator: ""+"", ""-"", ""*"", or ""/"", or an integer in the range [-200, 200].]})",[:HAS_SOLUTION],"(:Solution {code: class Solution {
public:
    int evalRPN(vector<string>& tokens) {
    stack<long long> s;
    for(auto& t : tokens){
            if(t == ""+"" || t == ""-"" || t == ""*"" || t == ""/"") {
            long long op1 = s.top(); s.pop();
            long long op2 = s.top(); s.pop();
            if(t == ""+"") op1 = op2 + op1; 
            if(t == ""-"") op1 = op2 - op1;
            if(t == ""/"") op1 = op2 / op1;
            if(t == ""*"") op1 = op2 * op1;   
                s.push(op1);
        }
            else 
                s.push(stoll(t));      
        }
    return s.top(); 
    }
};, language: C++, approach: Stack-based Evaluation})"
"(:Problem {difficulty: Hard, examples: [{'id': 1, 'input': '[""MyCalendarThree"", ""book"", ""book"", ""book"", ""book"", ""book"", ""book""]\n[[], [10, 20], [50, 60], [10, 40], [5, 15], [5, 10], [25, 55]]', 'output': '[null, 1, 1, 2, 3, 3, 3]', 'explanation': 'MyCalendarThree myCalendarThree = new MyCalendarThree();\nmyCalendarThree.book(10, 20); // return 1\nmyCalendarThree.book(50, 60); // return 1\nmyCalendarThree.book(10, 40); // return 2\nmyCalendarThree.book(5, 15); // return 3\nmyCalendarThree.book(5, 10); // return 3\nmyCalendarThree.book(25, 55); // return 3'}], topics: [Segment Tree], problem_statement: A k-booking happens when k events have some non-empty intersection (i.e., there is some time that is common to all k events.)

You are given some events [startTime, endTime), after each given event, return an integer k representing the maximum k-booking between all the previous events.

Implement the MyCalendarThree class:
- MyCalendarThree() Initializes the object.
- int book(int startTime, int endTime) Returns an integer k representing the largest integer such that there exists a k-booking in the calendar., title: My Calendar III, constraints: [0 <= startTime < endTime <= 10^9, At most 400 calls will be made to book.]})",[:BELONGS_TO_TOPIC],(:Topic {name: Segment Tree})
"(:Problem {difficulty: Hard, examples: [{'id': 1, 'input': '[""MyCalendarThree"", ""book"", ""book"", ""book"", ""book"", ""book"", ""book""]\n[[], [10, 20], [50, 60], [10, 40], [5, 15], [5, 10], [25, 55]]', 'output': '[null, 1, 1, 2, 3, 3, 3]', 'explanation': 'MyCalendarThree myCalendarThree = new MyCalendarThree();\nmyCalendarThree.book(10, 20); // return 1\nmyCalendarThree.book(50, 60); // return 1\nmyCalendarThree.book(10, 40); // return 2\nmyCalendarThree.book(5, 15); // return 3\nmyCalendarThree.book(5, 10); // return 3\nmyCalendarThree.book(25, 55); // return 3'}], topics: [Segment Tree], problem_statement: A k-booking happens when k events have some non-empty intersection (i.e., there is some time that is common to all k events.)

You are given some events [startTime, endTime), after each given event, return an integer k representing the maximum k-booking between all the previous events.

Implement the MyCalendarThree class:
- MyCalendarThree() Initializes the object.
- int book(int startTime, int endTime) Returns an integer k representing the largest integer such that there exists a k-booking in the calendar., title: My Calendar III, constraints: [0 <= startTime < endTime <= 10^9, At most 400 calls will be made to book.]})",[:HAS_DIFFICULTY],(:Difficulty {level: Hard})
"(:Problem {difficulty: Hard, examples: [{'id': 1, 'input': '[""MyCalendarThree"", ""book"", ""book"", ""book"", ""book"", ""book"", ""book""]\n[[], [10, 20], [50, 60], [10, 40], [5, 15], [5, 10], [25, 55]]', 'output': '[null, 1, 1, 2, 3, 3, 3]', 'explanation': 'MyCalendarThree myCalendarThree = new MyCalendarThree();\nmyCalendarThree.book(10, 20); // return 1\nmyCalendarThree.book(50, 60); // return 1\nmyCalendarThree.book(10, 40); // return 2\nmyCalendarThree.book(5, 15); // return 3\nmyCalendarThree.book(5, 10); // return 3\nmyCalendarThree.book(25, 55); // return 3'}], topics: [Segment Tree], problem_statement: A k-booking happens when k events have some non-empty intersection (i.e., there is some time that is common to all k events.)

You are given some events [startTime, endTime), after each given event, return an integer k representing the maximum k-booking between all the previous events.

Implement the MyCalendarThree class:
- MyCalendarThree() Initializes the object.
- int book(int startTime, int endTime) Returns an integer k representing the largest integer such that there exists a k-booking in the calendar., title: My Calendar III, constraints: [0 <= startTime < endTime <= 10^9, At most 400 calls will be made to book.]})",[:HAS_SOLUTION],"(:Solution {code: class MyCalendarThree {
public:
    map<int, int> timeline;      
    MyCalendarThree() {
        
    }
    
    int book(int s, int e) {
        timeline[s]++;
        timeline[e]--;
        int ongoing = 0, k = 0;
        for(pair<int, int> t: timeline)
            k = max(k, ongoing += t.second);
        return k;
    }
};, language: C++, approach: Boundary Counting (Line Sweep)})"
"(:Problem {difficulty: Hard, examples: [{'id': 1, 'input': '[""MyCalendarThree"", ""book"", ""book"", ""book"", ""book"", ""book"", ""book""]\n[[], [10, 20], [50, 60], [10, 40], [5, 15], [5, 10], [25, 55]]', 'output': '[null, 1, 1, 2, 3, 3, 3]', 'explanation': 'MyCalendarThree myCalendarThree = new MyCalendarThree();\nmyCalendarThree.book(10, 20); // return 1\nmyCalendarThree.book(50, 60); // return 1\nmyCalendarThree.book(10, 40); // return 2\nmyCalendarThree.book(5, 15); // return 3\nmyCalendarThree.book(5, 10); // return 3\nmyCalendarThree.book(25, 55); // return 3'}], topics: [Segment Tree], problem_statement: A k-booking happens when k events have some non-empty intersection (i.e., there is some time that is common to all k events.)

You are given some events [startTime, endTime), after each given event, return an integer k representing the maximum k-booking between all the previous events.

Implement the MyCalendarThree class:
- MyCalendarThree() Initializes the object.
- int book(int startTime, int endTime) Returns an integer k representing the largest integer such that there exists a k-booking in the calendar., title: My Calendar III, constraints: [0 <= startTime < endTime <= 10^9, At most 400 calls will be made to book.]})",[:HAS_SOLUTION],"(:Solution {code: from itertools import accumulate
from sortedcontainers import SortedDict

class MyCalendarThree:

    def __init__(self):
        self.timeline = SortedDict()

    def book(self, start: int, end: int) -> int:
        self.timeline[start] = self.timeline.get(start, 0) + 1
        self.timeline[end] = self.timeline.get(end, 0) - 1
        return max(accumulate(self.timeline.values())), language: Python, approach: Boundary Counting (Line Sweep)})"
"(:Problem {difficulty: Hard, examples: [{'id': 1, 'input': 'k = 2, prices = [2,4,1]', 'output': '2', 'explanation': 'Buy on day 1 (price = 2) and sell on day 2 (price = 4), profit = 4-2 = 2.'}, {'id': 2, 'input': 'k = 2, prices = [3,2,6,5,0,3]', 'output': '7', 'explanation': 'Buy on day 2 (price = 2) and sell on day 3 (price = 6), profit = 6-2 = 4. Then buy on day 5 (price = 0) and sell on day 6 (price = 3), profit = 3-0 = 3.'}], topics: [Dynamic Programming], problem_statement: You are given an integer array prices where prices[i] is the price of a given stock on the ith day, and an integer k.

Find the maximum profit you can achieve. You may complete at most k transactions: i.e. you may buy at most k times and sell at most k times.

Note: You may not engage in multiple transactions simultaneously (i.e., you must sell the stock before you buy again)., title: Best Time to Buy and Sell Stock IV, constraints: [1 <= k <= 100, 1 <= prices.length <= 1000, 0 <= prices[i] <= 1000]})",[:BELONGS_TO_TOPIC],(:Topic {name: Dynamic Programming})
"(:Problem {difficulty: Hard, examples: [{'id': 1, 'input': 'k = 2, prices = [2,4,1]', 'output': '2', 'explanation': 'Buy on day 1 (price = 2) and sell on day 2 (price = 4), profit = 4-2 = 2.'}, {'id': 2, 'input': 'k = 2, prices = [3,2,6,5,0,3]', 'output': '7', 'explanation': 'Buy on day 2 (price = 2) and sell on day 3 (price = 6), profit = 6-2 = 4. Then buy on day 5 (price = 0) and sell on day 6 (price = 3), profit = 3-0 = 3.'}], topics: [Dynamic Programming], problem_statement: You are given an integer array prices where prices[i] is the price of a given stock on the ith day, and an integer k.

Find the maximum profit you can achieve. You may complete at most k transactions: i.e. you may buy at most k times and sell at most k times.

Note: You may not engage in multiple transactions simultaneously (i.e., you must sell the stock before you buy again)., title: Best Time to Buy and Sell Stock IV, constraints: [1 <= k <= 100, 1 <= prices.length <= 1000, 0 <= prices[i] <= 1000]})",[:HAS_DIFFICULTY],(:Difficulty {level: Hard})
"(:Problem {difficulty: Hard, examples: [{'id': 1, 'input': 'k = 2, prices = [2,4,1]', 'output': '2', 'explanation': 'Buy on day 1 (price = 2) and sell on day 2 (price = 4), profit = 4-2 = 2.'}, {'id': 2, 'input': 'k = 2, prices = [3,2,6,5,0,3]', 'output': '7', 'explanation': 'Buy on day 2 (price = 2) and sell on day 3 (price = 6), profit = 6-2 = 4. Then buy on day 5 (price = 0) and sell on day 6 (price = 3), profit = 3-0 = 3.'}], topics: [Dynamic Programming], problem_statement: You are given an integer array prices where prices[i] is the price of a given stock on the ith day, and an integer k.

Find the maximum profit you can achieve. You may complete at most k transactions: i.e. you may buy at most k times and sell at most k times.

Note: You may not engage in multiple transactions simultaneously (i.e., you must sell the stock before you buy again)., title: Best Time to Buy and Sell Stock IV, constraints: [1 <= k <= 100, 1 <= prices.length <= 1000, 0 <= prices[i] <= 1000]})",[:HAS_SOLUTION],"(:Solution {code: class Solution {
public:
    int maxProfit(int k, vector<int>& prices) {
        if(k == 0)  return 0;
        vector<vector<int>> dp(k+1, vector<int>(2));
        
        for(int i = 0; i <= k; i++){
            dp[i][0] = INT_MAX; // cost to buy
            dp[i][1] = 0;       // profit to sell
        }
        
        for(auto &p: prices){
            for(int i = 1; i <= k; i++){
                dp[i][0] = min(dp[i][0], p - dp[i-1][1]);
                dp[i][1] = max(dp[i][1], p - dp[i][0]);
            }
        }
        return dp[k][1];
    }
};, language: C++, approach: Dynamic Programming})"
"(:Problem {difficulty: Hard, examples: [{'id': 1, 'input': 'k = 2, prices = [2,4,1]', 'output': '2', 'explanation': 'Buy on day 1 (price = 2) and sell on day 2 (price = 4), profit = 4-2 = 2.'}, {'id': 2, 'input': 'k = 2, prices = [3,2,6,5,0,3]', 'output': '7', 'explanation': 'Buy on day 2 (price = 2) and sell on day 3 (price = 6), profit = 6-2 = 4. Then buy on day 5 (price = 0) and sell on day 6 (price = 3), profit = 3-0 = 3.'}], topics: [Dynamic Programming], problem_statement: You are given an integer array prices where prices[i] is the price of a given stock on the ith day, and an integer k.

Find the maximum profit you can achieve. You may complete at most k transactions: i.e. you may buy at most k times and sell at most k times.

Note: You may not engage in multiple transactions simultaneously (i.e., you must sell the stock before you buy again)., title: Best Time to Buy and Sell Stock IV, constraints: [1 <= k <= 100, 1 <= prices.length <= 1000, 0 <= prices[i] <= 1000]})",[:HAS_SOLUTION],"(:Solution {code: class Solution:
    def maxProfit(self, k: int, prices: List[int]) -> int:
        if k == 0: return 0
        # dp[i][0] = cost to buy, dp[i][1] = profit to sell for transaction i
        dp = [[float('inf'), 0] for _ in range(k + 1)]
              
        for p in prices:
            for i in range(1, k + 1):
                dp[i][0] = min(dp[i][0], p - dp[i-1][1])
                dp[i][1] = max(dp[i][1], p - dp[i][0])
        
        return dp[k][1], language: Python, approach: Dynamic Programming})"
"(:Problem {difficulty: Hard, examples: [{'id': 1, 'input': 'k = 2, prices = [2,4,1]', 'output': '2', 'explanation': 'Buy on day 1 (price = 2) and sell on day 2 (price = 4), profit = 4-2 = 2.'}, {'id': 2, 'input': 'k = 2, prices = [3,2,6,5,0,3]', 'output': '7', 'explanation': 'Buy on day 2 (price = 2) and sell on day 3 (price = 6), profit = 6-2 = 4. Then buy on day 5 (price = 0) and sell on day 6 (price = 3), profit = 3-0 = 3.'}], topics: [Dynamic Programming], problem_statement: You are given an integer array prices where prices[i] is the price of a given stock on the ith day, and an integer k.

Find the maximum profit you can achieve. You may complete at most k transactions: i.e. you may buy at most k times and sell at most k times.

Note: You may not engage in multiple transactions simultaneously (i.e., you must sell the stock before you buy again)., title: Best Time to Buy and Sell Stock IV, constraints: [1 <= k <= 100, 1 <= prices.length <= 1000, 0 <= prices[i] <= 1000]})",[:SIMILAR_TOPIC {shared_topic: Dynamic Programming}],"(:Problem {difficulty: Easy, examples: [{'id': 1, 'input': 'n = 2', 'output': '2', 'explanation': 'There are two ways to climb to the top.\n1. 1 step + 1 step\n2. 2 steps'}, {'id': 2, 'input': 'n = 3', 'output': '3', 'explanation': 'There are three ways to climb to the top.\n1. 1 step + 1 step + 1 step\n2. 1 step + 2 steps\n3. 2 steps + 1 step'}], topics: [Dynamic Programming, Math, Memoization], problem_statement: You are climbing a staircase. It takes n steps to reach the top.

Each time you can either climb 1 or 2 steps. In how many distinct ways can you climb to the top?, title: Climbing Stairs, constraints: [1 <= n <= 45]})"
"(:Problem {difficulty: Hard, examples: [{'id': 1, 'input': 'k = 2, prices = [2,4,1]', 'output': '2', 'explanation': 'Buy on day 1 (price = 2) and sell on day 2 (price = 4), profit = 4-2 = 2.'}, {'id': 2, 'input': 'k = 2, prices = [3,2,6,5,0,3]', 'output': '7', 'explanation': 'Buy on day 2 (price = 2) and sell on day 3 (price = 6), profit = 6-2 = 4. Then buy on day 5 (price = 0) and sell on day 6 (price = 3), profit = 3-0 = 3.'}], topics: [Dynamic Programming], problem_statement: You are given an integer array prices where prices[i] is the price of a given stock on the ith day, and an integer k.

Find the maximum profit you can achieve. You may complete at most k transactions: i.e. you may buy at most k times and sell at most k times.

Note: You may not engage in multiple transactions simultaneously (i.e., you must sell the stock before you buy again)., title: Best Time to Buy and Sell Stock IV, constraints: [1 <= k <= 100, 1 <= prices.length <= 1000, 0 <= prices[i] <= 1000]})",[:SIMILAR_TOPIC {shared_topic: Dynamic Programming}],"(:Problem {difficulty: Easy, examples: [{'id': 1, 'input': 'n = 2', 'output': '[0,1,1]', 'explanation': '0 --> 0\n1 --> 1\n2 --> 10'}, {'id': 2, 'input': 'n = 5', 'output': '[0,1,1,2,1,2]', 'explanation': '0 --> 0\n1 --> 1\n2 --> 10\n3 --> 11\n4 --> 100\n5 --> 101'}], topics: [Dynamic Programming, Bit Manipulation], problem_statement: Given an integer n, return an array ans of length n + 1 such that for each i (0 <= i <= n), ans[i] is the number of 1's in the binary representation of i., title: Counting Bits, constraints: [0 <= n <= 10^5]})"
"(:Problem {difficulty: Hard, examples: [{'id': 1, 'input': 'k = 2, prices = [2,4,1]', 'output': '2', 'explanation': 'Buy on day 1 (price = 2) and sell on day 2 (price = 4), profit = 4-2 = 2.'}, {'id': 2, 'input': 'k = 2, prices = [3,2,6,5,0,3]', 'output': '7', 'explanation': 'Buy on day 2 (price = 2) and sell on day 3 (price = 6), profit = 6-2 = 4. Then buy on day 5 (price = 0) and sell on day 6 (price = 3), profit = 3-0 = 3.'}], topics: [Dynamic Programming], problem_statement: You are given an integer array prices where prices[i] is the price of a given stock on the ith day, and an integer k.

Find the maximum profit you can achieve. You may complete at most k transactions: i.e. you may buy at most k times and sell at most k times.

Note: You may not engage in multiple transactions simultaneously (i.e., you must sell the stock before you buy again)., title: Best Time to Buy and Sell Stock IV, constraints: [1 <= k <= 100, 1 <= prices.length <= 1000, 0 <= prices[i] <= 1000]})",[:SIMILAR_TOPIC {shared_topic: Dynamic Programming}],"(:Problem {difficulty: Easy, examples: [{'id': 1, 'input': 'cost = [10,15,20]', 'output': '15', 'explanation': 'You will start at index 1.\n- Pay 15 and climb two steps to reach the top.\nThe total cost is 15.'}, {'id': 2, 'input': 'cost = [1,100,1,1,1,100,1,1,100,1]', 'output': '6', 'explanation': 'You will start at index 0.\n- Pay 1 and climb two steps to reach index 2.\n- Pay 1 and climb two steps to reach index 4.\n- Pay 1 and climb two steps to reach index 6.\n- Pay 1 and climb one step to reach index 7.\n- Pay 1 and climb two steps to reach index 9.\n- Pay 1 and climb one step to reach the top.\nThe total cost is 6.'}], topics: [Dynamic Programming, Array], problem_statement: You are given an integer array cost where cost[i] is the cost of ith step on a staircase. Once you pay the cost, you can either climb one or two steps.

You can either start from the step with index 0, or the step with index 1.

Return the minimum cost to reach the top of the floor., title: Min Cost Climbing Stairs, constraints: [2 <= cost.length <= 1000, 0 <= cost[i] <= 999]})"
"(:Problem {difficulty: Hard, examples: [{'id': 1, 'input': 'k = 2, prices = [2,4,1]', 'output': '2', 'explanation': 'Buy on day 1 (price = 2) and sell on day 2 (price = 4), profit = 4-2 = 2.'}, {'id': 2, 'input': 'k = 2, prices = [3,2,6,5,0,3]', 'output': '7', 'explanation': 'Buy on day 2 (price = 2) and sell on day 3 (price = 6), profit = 6-2 = 4. Then buy on day 5 (price = 0) and sell on day 6 (price = 3), profit = 3-0 = 3.'}], topics: [Dynamic Programming], problem_statement: You are given an integer array prices where prices[i] is the price of a given stock on the ith day, and an integer k.

Find the maximum profit you can achieve. You may complete at most k transactions: i.e. you may buy at most k times and sell at most k times.

Note: You may not engage in multiple transactions simultaneously (i.e., you must sell the stock before you buy again)., title: Best Time to Buy and Sell Stock IV, constraints: [1 <= k <= 100, 1 <= prices.length <= 1000, 0 <= prices[i] <= 1000]})",[:SIMILAR_TOPIC {shared_topic: Dynamic Programming}],"(:Problem {difficulty: Easy, examples: [{'id': 1, 'input': 'rowIndex = 3', 'output': '[1,3,3,1]'}, {'id': 2, 'input': 'rowIndex = 0', 'output': '[1]'}, {'id': 3, 'input': 'rowIndex = 1', 'output': '[1,1]'}], topics: [Array, Dynamic Programming], problem_statement: Given an integer rowIndex, return the rowIndexth (0-indexed) row of the Pascal's triangle.

In Pascal's triangle, each number is the sum of the two numbers directly above it., title: Pascal's Triangle II, constraints: [0 <= rowIndex <= 33]})"
"(:Problem {difficulty: Hard, examples: [{'id': 1, 'input': 'k = 2, prices = [2,4,1]', 'output': '2', 'explanation': 'Buy on day 1 (price = 2) and sell on day 2 (price = 4), profit = 4-2 = 2.'}, {'id': 2, 'input': 'k = 2, prices = [3,2,6,5,0,3]', 'output': '7', 'explanation': 'Buy on day 2 (price = 2) and sell on day 3 (price = 6), profit = 6-2 = 4. Then buy on day 5 (price = 0) and sell on day 6 (price = 3), profit = 3-0 = 3.'}], topics: [Dynamic Programming], problem_statement: You are given an integer array prices where prices[i] is the price of a given stock on the ith day, and an integer k.

Find the maximum profit you can achieve. You may complete at most k transactions: i.e. you may buy at most k times and sell at most k times.

Note: You may not engage in multiple transactions simultaneously (i.e., you must sell the stock before you buy again)., title: Best Time to Buy and Sell Stock IV, constraints: [1 <= k <= 100, 1 <= prices.length <= 1000, 0 <= prices[i] <= 1000]})",[:SIMILAR_TOPIC {shared_topic: Dynamic Programming}],"(:Problem {difficulty: Hard, examples: [{'id': 1, 'input': 'n = 3, k = 0', 'output': '1', 'explanation': 'Only the array [1,2,3] which consists of numbers from 1 to 3 has exactly 0 inverse pairs.'}, {'id': 2, 'input': 'n = 3, k = 1', 'output': '2', 'explanation': 'The array [1,3,2] and [2,1,3] have exactly 1 inverse pair.'}], topics: [Dynamic Programming], problem_statement: For an integer array nums, an inverse pair is a pair of integers [i, j] where 0 <= i < j < nums.length and nums[i] > nums[j].

Given two integers n and k, return the number of different arrays consisting of numbers from 1 to n such that there are exactly k inverse pairs. Since the answer can be huge, return it modulo 10^9 + 7., title: K Inverse Pairs Array, constraints: [1 <= n <= 1000, 0 <= k <= 1000]})"
"(:Problem {difficulty: Hard, examples: [{'id': 1, 'input': 'n = 3, k = 0', 'output': '1', 'explanation': 'Only the array [1,2,3] which consists of numbers from 1 to 3 has exactly 0 inverse pairs.'}, {'id': 2, 'input': 'n = 3, k = 1', 'output': '2', 'explanation': 'The array [1,3,2] and [2,1,3] have exactly 1 inverse pair.'}], topics: [Dynamic Programming], problem_statement: For an integer array nums, an inverse pair is a pair of integers [i, j] where 0 <= i < j < nums.length and nums[i] > nums[j].

Given two integers n and k, return the number of different arrays consisting of numbers from 1 to n such that there are exactly k inverse pairs. Since the answer can be huge, return it modulo 10^9 + 7., title: K Inverse Pairs Array, constraints: [1 <= n <= 1000, 0 <= k <= 1000]})",[:BELONGS_TO_TOPIC],(:Topic {name: Dynamic Programming})
"(:Problem {difficulty: Hard, examples: [{'id': 1, 'input': 'n = 3, k = 0', 'output': '1', 'explanation': 'Only the array [1,2,3] which consists of numbers from 1 to 3 has exactly 0 inverse pairs.'}, {'id': 2, 'input': 'n = 3, k = 1', 'output': '2', 'explanation': 'The array [1,3,2] and [2,1,3] have exactly 1 inverse pair.'}], topics: [Dynamic Programming], problem_statement: For an integer array nums, an inverse pair is a pair of integers [i, j] where 0 <= i < j < nums.length and nums[i] > nums[j].

Given two integers n and k, return the number of different arrays consisting of numbers from 1 to n such that there are exactly k inverse pairs. Since the answer can be huge, return it modulo 10^9 + 7., title: K Inverse Pairs Array, constraints: [1 <= n <= 1000, 0 <= k <= 1000]})",[:HAS_DIFFICULTY],(:Difficulty {level: Hard})
"(:Problem {difficulty: Hard, examples: [{'id': 1, 'input': 'n = 3, k = 0', 'output': '1', 'explanation': 'Only the array [1,2,3] which consists of numbers from 1 to 3 has exactly 0 inverse pairs.'}, {'id': 2, 'input': 'n = 3, k = 1', 'output': '2', 'explanation': 'The array [1,3,2] and [2,1,3] have exactly 1 inverse pair.'}], topics: [Dynamic Programming], problem_statement: For an integer array nums, an inverse pair is a pair of integers [i, j] where 0 <= i < j < nums.length and nums[i] > nums[j].

Given two integers n and k, return the number of different arrays consisting of numbers from 1 to n such that there are exactly k inverse pairs. Since the answer can be huge, return it modulo 10^9 + 7., title: K Inverse Pairs Array, constraints: [1 <= n <= 1000, 0 <= k <= 1000]})",[:HAS_SOLUTION],"(:Solution {code: class Solution {
public:
    int kInversePairs(int n, int k) {
        int dp[2][1001] = {};
        dp[0][0] = 1;
        int mod = 1e9 + 7;
        for(int i = 1; i <= n; i++) {
            int current = i % 2;
            int prev = (i - 1) % 2;
            dp[current][0] = 1;
            for(int j = 1; j <= k; j++) {
                dp[current][j] = (dp[prev][j] + dp[current][j-1]) % mod;
                if(j >= i) {
                    dp[current][j] = (dp[current][j] - dp[prev][j-i] + mod) % mod;
                }
            }
        }
        return dp[n%2][k];
    }
};, language: C++, approach: Optimized Dynamic Programming})"
"(:Problem {difficulty: Hard, examples: [{'id': 1, 'input': 'n = 3, k = 0', 'output': '1', 'explanation': 'Only the array [1,2,3] which consists of numbers from 1 to 3 has exactly 0 inverse pairs.'}, {'id': 2, 'input': 'n = 3, k = 1', 'output': '2', 'explanation': 'The array [1,3,2] and [2,1,3] have exactly 1 inverse pair.'}], topics: [Dynamic Programming], problem_statement: For an integer array nums, an inverse pair is a pair of integers [i, j] where 0 <= i < j < nums.length and nums[i] > nums[j].

Given two integers n and k, return the number of different arrays consisting of numbers from 1 to n such that there are exactly k inverse pairs. Since the answer can be huge, return it modulo 10^9 + 7., title: K Inverse Pairs Array, constraints: [1 <= n <= 1000, 0 <= k <= 1000]})",[:SIMILAR_TOPIC {shared_topic: Dynamic Programming}],"(:Problem {difficulty: Easy, examples: [{'id': 1, 'input': 'n = 2', 'output': '2', 'explanation': 'There are two ways to climb to the top.\n1. 1 step + 1 step\n2. 2 steps'}, {'id': 2, 'input': 'n = 3', 'output': '3', 'explanation': 'There are three ways to climb to the top.\n1. 1 step + 1 step + 1 step\n2. 1 step + 2 steps\n3. 2 steps + 1 step'}], topics: [Dynamic Programming, Math, Memoization], problem_statement: You are climbing a staircase. It takes n steps to reach the top.

Each time you can either climb 1 or 2 steps. In how many distinct ways can you climb to the top?, title: Climbing Stairs, constraints: [1 <= n <= 45]})"
"(:Problem {difficulty: Hard, examples: [{'id': 1, 'input': 'n = 3, k = 0', 'output': '1', 'explanation': 'Only the array [1,2,3] which consists of numbers from 1 to 3 has exactly 0 inverse pairs.'}, {'id': 2, 'input': 'n = 3, k = 1', 'output': '2', 'explanation': 'The array [1,3,2] and [2,1,3] have exactly 1 inverse pair.'}], topics: [Dynamic Programming], problem_statement: For an integer array nums, an inverse pair is a pair of integers [i, j] where 0 <= i < j < nums.length and nums[i] > nums[j].

Given two integers n and k, return the number of different arrays consisting of numbers from 1 to n such that there are exactly k inverse pairs. Since the answer can be huge, return it modulo 10^9 + 7., title: K Inverse Pairs Array, constraints: [1 <= n <= 1000, 0 <= k <= 1000]})",[:SIMILAR_TOPIC {shared_topic: Dynamic Programming}],"(:Problem {difficulty: Easy, examples: [{'id': 1, 'input': 'n = 2', 'output': '[0,1,1]', 'explanation': '0 --> 0\n1 --> 1\n2 --> 10'}, {'id': 2, 'input': 'n = 5', 'output': '[0,1,1,2,1,2]', 'explanation': '0 --> 0\n1 --> 1\n2 --> 10\n3 --> 11\n4 --> 100\n5 --> 101'}], topics: [Dynamic Programming, Bit Manipulation], problem_statement: Given an integer n, return an array ans of length n + 1 such that for each i (0 <= i <= n), ans[i] is the number of 1's in the binary representation of i., title: Counting Bits, constraints: [0 <= n <= 10^5]})"
"(:Problem {difficulty: Hard, examples: [{'id': 1, 'input': 'n = 3, k = 0', 'output': '1', 'explanation': 'Only the array [1,2,3] which consists of numbers from 1 to 3 has exactly 0 inverse pairs.'}, {'id': 2, 'input': 'n = 3, k = 1', 'output': '2', 'explanation': 'The array [1,3,2] and [2,1,3] have exactly 1 inverse pair.'}], topics: [Dynamic Programming], problem_statement: For an integer array nums, an inverse pair is a pair of integers [i, j] where 0 <= i < j < nums.length and nums[i] > nums[j].

Given two integers n and k, return the number of different arrays consisting of numbers from 1 to n such that there are exactly k inverse pairs. Since the answer can be huge, return it modulo 10^9 + 7., title: K Inverse Pairs Array, constraints: [1 <= n <= 1000, 0 <= k <= 1000]})",[:SIMILAR_TOPIC {shared_topic: Dynamic Programming}],"(:Problem {difficulty: Easy, examples: [{'id': 1, 'input': 'cost = [10,15,20]', 'output': '15', 'explanation': 'You will start at index 1.\n- Pay 15 and climb two steps to reach the top.\nThe total cost is 15.'}, {'id': 2, 'input': 'cost = [1,100,1,1,1,100,1,1,100,1]', 'output': '6', 'explanation': 'You will start at index 0.\n- Pay 1 and climb two steps to reach index 2.\n- Pay 1 and climb two steps to reach index 4.\n- Pay 1 and climb two steps to reach index 6.\n- Pay 1 and climb one step to reach index 7.\n- Pay 1 and climb two steps to reach index 9.\n- Pay 1 and climb one step to reach the top.\nThe total cost is 6.'}], topics: [Dynamic Programming, Array], problem_statement: You are given an integer array cost where cost[i] is the cost of ith step on a staircase. Once you pay the cost, you can either climb one or two steps.

You can either start from the step with index 0, or the step with index 1.

Return the minimum cost to reach the top of the floor., title: Min Cost Climbing Stairs, constraints: [2 <= cost.length <= 1000, 0 <= cost[i] <= 999]})"
"(:Problem {difficulty: Hard, examples: [{'id': 1, 'input': 'n = 3, k = 0', 'output': '1', 'explanation': 'Only the array [1,2,3] which consists of numbers from 1 to 3 has exactly 0 inverse pairs.'}, {'id': 2, 'input': 'n = 3, k = 1', 'output': '2', 'explanation': 'The array [1,3,2] and [2,1,3] have exactly 1 inverse pair.'}], topics: [Dynamic Programming], problem_statement: For an integer array nums, an inverse pair is a pair of integers [i, j] where 0 <= i < j < nums.length and nums[i] > nums[j].

Given two integers n and k, return the number of different arrays consisting of numbers from 1 to n such that there are exactly k inverse pairs. Since the answer can be huge, return it modulo 10^9 + 7., title: K Inverse Pairs Array, constraints: [1 <= n <= 1000, 0 <= k <= 1000]})",[:SIMILAR_TOPIC {shared_topic: Dynamic Programming}],"(:Problem {difficulty: Easy, examples: [{'id': 1, 'input': 'rowIndex = 3', 'output': '[1,3,3,1]'}, {'id': 2, 'input': 'rowIndex = 0', 'output': '[1]'}, {'id': 3, 'input': 'rowIndex = 1', 'output': '[1,1]'}], topics: [Array, Dynamic Programming], problem_statement: Given an integer rowIndex, return the rowIndexth (0-indexed) row of the Pascal's triangle.

In Pascal's triangle, each number is the sum of the two numbers directly above it., title: Pascal's Triangle II, constraints: [0 <= rowIndex <= 33]})"
"(:Problem {difficulty: Hard, examples: [{'id': 1, 'input': 'n = 3, k = 0', 'output': '1', 'explanation': 'Only the array [1,2,3] which consists of numbers from 1 to 3 has exactly 0 inverse pairs.'}, {'id': 2, 'input': 'n = 3, k = 1', 'output': '2', 'explanation': 'The array [1,3,2] and [2,1,3] have exactly 1 inverse pair.'}], topics: [Dynamic Programming], problem_statement: For an integer array nums, an inverse pair is a pair of integers [i, j] where 0 <= i < j < nums.length and nums[i] > nums[j].

Given two integers n and k, return the number of different arrays consisting of numbers from 1 to n such that there are exactly k inverse pairs. Since the answer can be huge, return it modulo 10^9 + 7., title: K Inverse Pairs Array, constraints: [1 <= n <= 1000, 0 <= k <= 1000]})",[:SIMILAR_TOPIC {shared_topic: Dynamic Programming}],"(:Problem {difficulty: Hard, examples: [{'id': 1, 'input': 'k = 2, prices = [2,4,1]', 'output': '2', 'explanation': 'Buy on day 1 (price = 2) and sell on day 2 (price = 4), profit = 4-2 = 2.'}, {'id': 2, 'input': 'k = 2, prices = [3,2,6,5,0,3]', 'output': '7', 'explanation': 'Buy on day 2 (price = 2) and sell on day 3 (price = 6), profit = 6-2 = 4. Then buy on day 5 (price = 0) and sell on day 6 (price = 3), profit = 3-0 = 3.'}], topics: [Dynamic Programming], problem_statement: You are given an integer array prices where prices[i] is the price of a given stock on the ith day, and an integer k.

Find the maximum profit you can achieve. You may complete at most k transactions: i.e. you may buy at most k times and sell at most k times.

Note: You may not engage in multiple transactions simultaneously (i.e., you must sell the stock before you buy again)., title: Best Time to Buy and Sell Stock IV, constraints: [1 <= k <= 100, 1 <= prices.length <= 1000, 0 <= prices[i] <= 1000]})"
"(:Problem {difficulty: Hard, examples: [{'id': 1, 'input': 'lists = [[1,4,5],[1,3,4],[2,6]]', 'output': '[1,1,2,3,4,4,5,6]', 'explanation': 'The linked-lists are:\n[\n  1->4->5,\n  1->3->4,\n  2->6\n]\nmerging them into one sorted linked list:\n1->1->2->3->4->4->5->6'}, {'id': 2, 'input': 'lists = []', 'output': '[]', 'explanation': None}, {'id': 3, 'input': 'lists = [[]]', 'output': '[]', 'explanation': None}], topics: [Linked List], problem_statement: You are given an array of k linked-lists lists, each linked-list is sorted in ascending order.

Merge all the linked-lists into one sorted linked-list and return it., title: Merge k Sorted Lists, constraints: [k == lists.length, 0 <= k <= 10^4, 0 <= lists[i].length <= 500, -10^4 <= lists[i][j] <= 10^4, lists[i] is sorted in ascending order., The sum of lists[i].length will not exceed 10^4.]})",[:BELONGS_TO_TOPIC],(:Topic {name: Linked List})
"(:Problem {difficulty: Hard, examples: [{'id': 1, 'input': 'lists = [[1,4,5],[1,3,4],[2,6]]', 'output': '[1,1,2,3,4,4,5,6]', 'explanation': 'The linked-lists are:\n[\n  1->4->5,\n  1->3->4,\n  2->6\n]\nmerging them into one sorted linked list:\n1->1->2->3->4->4->5->6'}, {'id': 2, 'input': 'lists = []', 'output': '[]', 'explanation': None}, {'id': 3, 'input': 'lists = [[]]', 'output': '[]', 'explanation': None}], topics: [Linked List], problem_statement: You are given an array of k linked-lists lists, each linked-list is sorted in ascending order.

Merge all the linked-lists into one sorted linked-list and return it., title: Merge k Sorted Lists, constraints: [k == lists.length, 0 <= k <= 10^4, 0 <= lists[i].length <= 500, -10^4 <= lists[i][j] <= 10^4, lists[i] is sorted in ascending order., The sum of lists[i].length will not exceed 10^4.]})",[:HAS_DIFFICULTY],(:Difficulty {level: Hard})
"(:Problem {difficulty: Hard, examples: [{'id': 1, 'input': 'lists = [[1,4,5],[1,3,4],[2,6]]', 'output': '[1,1,2,3,4,4,5,6]', 'explanation': 'The linked-lists are:\n[\n  1->4->5,\n  1->3->4,\n  2->6\n]\nmerging them into one sorted linked list:\n1->1->2->3->4->4->5->6'}, {'id': 2, 'input': 'lists = []', 'output': '[]', 'explanation': None}, {'id': 3, 'input': 'lists = [[]]', 'output': '[]', 'explanation': None}], topics: [Linked List], problem_statement: You are given an array of k linked-lists lists, each linked-list is sorted in ascending order.

Merge all the linked-lists into one sorted linked-list and return it., title: Merge k Sorted Lists, constraints: [k == lists.length, 0 <= k <= 10^4, 0 <= lists[i].length <= 500, -10^4 <= lists[i][j] <= 10^4, lists[i] is sorted in ascending order., The sum of lists[i].length will not exceed 10^4.]})",[:HAS_SOLUTION],"(:Solution {code: class Solution {
public:
    ListNode *mergeTwoLists(ListNode* l1, ListNode* l2) {
        if (NULL == l1) return l2;
        else if (NULL == l2) return l1;
        
        if (l1->val <= l2->val) {
            l1->next = mergeTwoLists(l1->next, l2);
            return l1;
        }
        
        else {
            l2->next = mergeTwoLists(l1, l2->next);
            return l2;
        }
    }
    
    ListNode *mergeKLists(vector<ListNode *> &lists) {
        if (lists.empty()) return NULL;
        int len = lists.size();
        
        while (len > 1) {
            for (int i = 0; i < len / 2; ++i) {
                lists[i] = mergeTwoLists(lists[i], lists[len - 1 - i]);
            }
            
            len = (len + 1) / 2;
        }
        
        return lists.front();
    }
};, language: C++, approach: Divide and Conquer (Merge in Pairs)})"
"(:Problem {difficulty: Hard, examples: [{'id': 1, 'input': 'lists = [[1,4,5],[1,3,4],[2,6]]', 'output': '[1,1,2,3,4,4,5,6]', 'explanation': 'The linked-lists are:\n[\n  1->4->5,\n  1->3->4,\n  2->6\n]\nmerging them into one sorted linked list:\n1->1->2->3->4->4->5->6'}, {'id': 2, 'input': 'lists = []', 'output': '[]', 'explanation': None}, {'id': 3, 'input': 'lists = [[]]', 'output': '[]', 'explanation': None}], topics: [Linked List], problem_statement: You are given an array of k linked-lists lists, each linked-list is sorted in ascending order.

Merge all the linked-lists into one sorted linked-list and return it., title: Merge k Sorted Lists, constraints: [k == lists.length, 0 <= k <= 10^4, 0 <= lists[i].length <= 500, -10^4 <= lists[i][j] <= 10^4, lists[i] is sorted in ascending order., The sum of lists[i].length will not exceed 10^4.]})",[:SIMILAR_TOPIC {shared_topic: Linked List}],"(:Problem {difficulty: Easy, examples: [{'id': 1, 'input': 'head = [1,0,1]', 'output': '5', 'explanation': '(101) in base 2 = (5) in base 10'}, {'id': 2, 'input': 'head = [0]', 'output': '0', 'explanation': None}], topics: [Linked List, Bit Manipulation, Math], problem_statement: Given head which is a reference node to a singly-linked list. The value of each node in the linked list is either 0 or 1. The linked list holds the binary representation of a number.

Return the decimal value of the number in the linked list.

The most significant bit is at the head of the linked list., title: Convert Binary Number in a Linked List to Integer, constraints: [The Linked List is not empty., Number of nodes will not exceed 30., Each node's value is either 0 or 1.]})"
"(:Problem {difficulty: Hard, examples: [{'id': 1, 'input': 'lists = [[1,4,5],[1,3,4],[2,6]]', 'output': '[1,1,2,3,4,4,5,6]', 'explanation': 'The linked-lists are:\n[\n  1->4->5,\n  1->3->4,\n  2->6\n]\nmerging them into one sorted linked list:\n1->1->2->3->4->4->5->6'}, {'id': 2, 'input': 'lists = []', 'output': '[]', 'explanation': None}, {'id': 3, 'input': 'lists = [[]]', 'output': '[]', 'explanation': None}], topics: [Linked List], problem_statement: You are given an array of k linked-lists lists, each linked-list is sorted in ascending order.

Merge all the linked-lists into one sorted linked-list and return it., title: Merge k Sorted Lists, constraints: [k == lists.length, 0 <= k <= 10^4, 0 <= lists[i].length <= 500, -10^4 <= lists[i][j] <= 10^4, lists[i] is sorted in ascending order., The sum of lists[i].length will not exceed 10^4.]})",[:SIMILAR_TOPIC {shared_topic: Linked List}],"(:Problem {difficulty: Easy, examples: [{'id': 1, 'input': 'head = [4,5,1,9], node = 5', 'output': '[4,1,9]', 'explanation': 'You are given the second node with value 5, the linked list should become 4 -> 1 -> 9 after calling your function.'}, {'id': 2, 'input': 'head = [4,5,1,9], node = 1', 'output': '[4,5,9]', 'explanation': 'You are given the third node with value 1, the linked list should become 4 -> 5 -> 9 after calling your function.'}], topics: [Linked List], problem_statement: There is a singly-linked list head and we want to delete a node node in it.

You are given the node to be deleted node. You will not be given access to the first node of head.

All the values of the linked list are unique, and it is guaranteed that the given node node is not the last node in the linked list.

Delete the given node. Note that by deleting the node, we do not mean removing it from memory. We mean:
- The value of the given node should not exist in the linked list.
- The number of nodes in the linked list should decrease by one.
- All the values before node should be in the same order.
- All the values after node should be in the same order., title: Delete Node in a Linked List, constraints: [The number of the nodes in the given list is in the range [2, 1000]., -1000 <= Node.val <= 1000, The value of each node in the list is unique., The node to be deleted is in the list and is not a tail node.]})"
"(:Problem {difficulty: Hard, examples: [{'id': 1, 'input': 'lists = [[1,4,5],[1,3,4],[2,6]]', 'output': '[1,1,2,3,4,4,5,6]', 'explanation': 'The linked-lists are:\n[\n  1->4->5,\n  1->3->4,\n  2->6\n]\nmerging them into one sorted linked list:\n1->1->2->3->4->4->5->6'}, {'id': 2, 'input': 'lists = []', 'output': '[]', 'explanation': None}, {'id': 3, 'input': 'lists = [[]]', 'output': '[]', 'explanation': None}], topics: [Linked List], problem_statement: You are given an array of k linked-lists lists, each linked-list is sorted in ascending order.

Merge all the linked-lists into one sorted linked-list and return it., title: Merge k Sorted Lists, constraints: [k == lists.length, 0 <= k <= 10^4, 0 <= lists[i].length <= 500, -10^4 <= lists[i][j] <= 10^4, lists[i] is sorted in ascending order., The sum of lists[i].length will not exceed 10^4.]})",[:SIMILAR_TOPIC {shared_topic: Linked List}],"(:Problem {difficulty: Easy, examples: [{'id': 1, 'input': 'head = [3,2,0,-4], pos = 1', 'output': 'true', 'explanation': 'There is a cycle in the linked list, where the tail connects to the 1st node (0-indexed).'}, {'id': 2, 'input': 'head = [1,2], pos = 0', 'output': 'true', 'explanation': 'There is a cycle in the linked list, where the tail connects to the 0th node.'}, {'id': 3, 'input': 'head = [1], pos = -1', 'output': 'false', 'explanation': 'There is no cycle in the linked list.'}], topics: [Linked List, Two Pointers, Hash Table], problem_statement: Given head, the head of a linked list, determine if the linked list has a cycle in it.

There is a cycle in a linked list if there is some node in the list that can be reached again by continuously following the next pointer. Internally, pos is used to denote the index of the node that tail's next pointer is connected to. Note that pos is not passed as a parameter.

Return true if there is a cycle in the linked list. Otherwise, return false., title: Linked List Cycle, constraints: [The number of the nodes in the list is in the range [0, 10^4]., -10^5 <= Node.val <= 10^5, pos is -1 or a valid index in the linked-list.]})"
"(:Problem {difficulty: Hard, examples: [{'id': 1, 'input': 's = ""ADOBECODEBANC"", t = ""ABC""', 'output': '""BANC""', 'explanation': 'The minimum window substring ""BANC"" includes \'A\', \'B\', and \'C\' from string t.'}, {'id': 2, 'input': 's = ""a"", t = ""a""', 'output': '""a""', 'explanation': 'The entire string s is the minimum window.'}, {'id': 3, 'input': 's = ""a"", t = ""aa""', 'output': '""""', 'explanation': ""Both 'a's from t must be included in the window.\nSince the largest window of s only has one 'a', return empty string.""}], topics: [String], problem_statement: Given two strings s and t of lengths m and n respectively, return the minimum window substring of s such that every character in t (including duplicates) is included in the window. If there is no such substring, return the empty string """".

The testcases will be generated such that the answer is unique., title: Minimum Window Substring, constraints: [m == s.length, n == t.length, 1 <= m, n <= 10^5, s and t consist of uppercase and lowercase English letters.]})",[:BELONGS_TO_TOPIC],(:Topic {name: String})
"(:Problem {difficulty: Hard, examples: [{'id': 1, 'input': 's = ""ADOBECODEBANC"", t = ""ABC""', 'output': '""BANC""', 'explanation': 'The minimum window substring ""BANC"" includes \'A\', \'B\', and \'C\' from string t.'}, {'id': 2, 'input': 's = ""a"", t = ""a""', 'output': '""a""', 'explanation': 'The entire string s is the minimum window.'}, {'id': 3, 'input': 's = ""a"", t = ""aa""', 'output': '""""', 'explanation': ""Both 'a's from t must be included in the window.\nSince the largest window of s only has one 'a', return empty string.""}], topics: [String], problem_statement: Given two strings s and t of lengths m and n respectively, return the minimum window substring of s such that every character in t (including duplicates) is included in the window. If there is no such substring, return the empty string """".

The testcases will be generated such that the answer is unique., title: Minimum Window Substring, constraints: [m == s.length, n == t.length, 1 <= m, n <= 10^5, s and t consist of uppercase and lowercase English letters.]})",[:HAS_DIFFICULTY],(:Difficulty {level: Hard})
"(:Problem {difficulty: Hard, examples: [{'id': 1, 'input': 's = ""ADOBECODEBANC"", t = ""ABC""', 'output': '""BANC""', 'explanation': 'The minimum window substring ""BANC"" includes \'A\', \'B\', and \'C\' from string t.'}, {'id': 2, 'input': 's = ""a"", t = ""a""', 'output': '""a""', 'explanation': 'The entire string s is the minimum window.'}, {'id': 3, 'input': 's = ""a"", t = ""aa""', 'output': '""""', 'explanation': ""Both 'a's from t must be included in the window.\nSince the largest window of s only has one 'a', return empty string.""}], topics: [String], problem_statement: Given two strings s and t of lengths m and n respectively, return the minimum window substring of s such that every character in t (including duplicates) is included in the window. If there is no such substring, return the empty string """".

The testcases will be generated such that the answer is unique., title: Minimum Window Substring, constraints: [m == s.length, n == t.length, 1 <= m, n <= 10^5, s and t consist of uppercase and lowercase English letters.]})",[:HAS_SOLUTION],"(:Solution {code: class Solution {
public:
    string minWindow(string s, string t) {
        vector<int> mp(128, 0);
        for(auto c: t){
            mp[c]++;
        }
        int low = 0, high = 0, m = s.size(), n = t.size(), minStart = 0, minLen = INT_MAX;
        
        while(high < m){
            if(mp[s[high]] > 0)
                n--;
            mp[s[high]]--;
            high++;
            
            while(n == 0){
                if(high - low < minLen){
                    minStart = low;
                    minLen = high - low;
                }
                mp[s[low]]++;
                if(mp[s[low]] > 0)
                    n++;
                low++;
            }
        }
        if(minLen != INT_MAX)
            return s.substr(minStart, minLen);
        return """";
    }
};, language: C++, approach: Sliding Window})"
"(:Problem {difficulty: Hard, examples: [{'id': 1, 'input': 's = ""ADOBECODEBANC"", t = ""ABC""', 'output': '""BANC""', 'explanation': 'The minimum window substring ""BANC"" includes \'A\', \'B\', and \'C\' from string t.'}, {'id': 2, 'input': 's = ""a"", t = ""a""', 'output': '""a""', 'explanation': 'The entire string s is the minimum window.'}, {'id': 3, 'input': 's = ""a"", t = ""aa""', 'output': '""""', 'explanation': ""Both 'a's from t must be included in the window.\nSince the largest window of s only has one 'a', return empty string.""}], topics: [String], problem_statement: Given two strings s and t of lengths m and n respectively, return the minimum window substring of s such that every character in t (including duplicates) is included in the window. If there is no such substring, return the empty string """".

The testcases will be generated such that the answer is unique., title: Minimum Window Substring, constraints: [m == s.length, n == t.length, 1 <= m, n <= 10^5, s and t consist of uppercase and lowercase English letters.]})",[:SIMILAR_TOPIC {shared_topic: String}],"(:Problem {difficulty: Easy, examples: [{'id': 1, 'input': 'sentence = ""thequickbrownfoxjumpsoverthelazydog""', 'output': 'true', 'explanation': 'sentence contains at least one of every letter of the English alphabet.'}, {'id': 2, 'input': 'sentence = ""leetcode""', 'output': 'false', 'explanation': None}], topics: [Array, Hash Table, String], problem_statement: A pangram is a sentence where every letter of the English alphabet appears at least once. Given a string sentence containing only lowercase English letters, return true if sentence is a pangram, or false otherwise., title: Check if the Sentence Is Pangram, constraints: [1 <= sentence.length <= 1000, sentence consists of lowercase English letters.]})"
"(:Problem {difficulty: Hard, examples: [{'id': 1, 'input': 's = ""ADOBECODEBANC"", t = ""ABC""', 'output': '""BANC""', 'explanation': 'The minimum window substring ""BANC"" includes \'A\', \'B\', and \'C\' from string t.'}, {'id': 2, 'input': 's = ""a"", t = ""a""', 'output': '""a""', 'explanation': 'The entire string s is the minimum window.'}, {'id': 3, 'input': 's = ""a"", t = ""aa""', 'output': '""""', 'explanation': ""Both 'a's from t must be included in the window.\nSince the largest window of s only has one 'a', return empty string.""}], topics: [String], problem_statement: Given two strings s and t of lengths m and n respectively, return the minimum window substring of s such that every character in t (including duplicates) is included in the window. If there is no such substring, return the empty string """".

The testcases will be generated such that the answer is unique., title: Minimum Window Substring, constraints: [m == s.length, n == t.length, 1 <= m, n <= 10^5, s and t consist of uppercase and lowercase English letters.]})",[:SIMILAR_TOPIC {shared_topic: String}],"(:Problem {difficulty: Easy, examples: [{'id': 1, 'input': 'items = [[""phone"",""blue"",""pixel""],[""computer"",""silver"",""lenovo""],[""phone"",""gold"",""iphone""]], ruleKey = ""color"", ruleValue = ""silver""', 'output': '1', 'explanation': 'There is only one item matching the given rule, which is [""computer"",""silver"",""lenovo""].'}, {'id': 2, 'input': 'items = [[""phone"",""blue"",""pixel""],[""computer"",""silver"",""phone""],[""phone"",""gold"",""iphone""]], ruleKey = ""type"", ruleValue = ""phone""', 'output': '2', 'explanation': 'There are only two items matching the given rule, which are [""phone"",""blue"",""pixel""] and [""phone"",""gold"",""iphone""]. Note that the item [""computer"",""silver"",""phone""] does not match.'}], topics: [Array, String], problem_statement: You are given an array items, where each items[i] = [typei, colori, namei] describes the type, color, and name of the ith item. You are also given a rule represented by two strings, ruleKey and ruleValue.

The ith item is said to match the rule if one of the following is true:
- ruleKey == ""type"" and ruleValue == typei.
- ruleKey == ""color"" and ruleValue == colori.
- ruleKey == ""name"" and ruleValue == namei.

Return the number of items that match the given rule., title: Count Items Matching a Rule, constraints: [1 <= items.length <= 10^4, 1 <= typei.length, colori.length, namei.length, ruleValue.length <= 10, ruleKey is equal to either ""type"", ""color"", or ""name""., All strings consist only of lowercase letters.]})"
"(:Problem {difficulty: Hard, examples: [{'id': 1, 'input': 's = ""(()""', 'output': '2', 'explanation': 'The longest valid parentheses substring is ""()"".'}, {'id': 2, 'input': 's = "")()())""', 'output': '4', 'explanation': 'The longest valid parentheses substring is ""()()"".'}, {'id': 3, 'input': 's = """"', 'output': '0', 'explanation': None}], topics: [Stack and Queue], problem_statement: Given a string containing just the characters '(' and ')', return the length of the longest valid (well-formed) parentheses substring., title: Longest Valid Parentheses, constraints: [0 <= s.length <= 3 * 10^4, s[i] is '(', or ')'.]})",[:BELONGS_TO_TOPIC],(:Topic {name: Stack and Queue})
"(:Problem {difficulty: Hard, examples: [{'id': 1, 'input': 's = ""(()""', 'output': '2', 'explanation': 'The longest valid parentheses substring is ""()"".'}, {'id': 2, 'input': 's = "")()())""', 'output': '4', 'explanation': 'The longest valid parentheses substring is ""()()"".'}, {'id': 3, 'input': 's = """"', 'output': '0', 'explanation': None}], topics: [Stack and Queue], problem_statement: Given a string containing just the characters '(' and ')', return the length of the longest valid (well-formed) parentheses substring., title: Longest Valid Parentheses, constraints: [0 <= s.length <= 3 * 10^4, s[i] is '(', or ')'.]})",[:HAS_DIFFICULTY],(:Difficulty {level: Hard})
"(:Problem {difficulty: Hard, examples: [{'id': 1, 'input': 's = ""(()""', 'output': '2', 'explanation': 'The longest valid parentheses substring is ""()"".'}, {'id': 2, 'input': 's = "")()())""', 'output': '4', 'explanation': 'The longest valid parentheses substring is ""()()"".'}, {'id': 3, 'input': 's = """"', 'output': '0', 'explanation': None}], topics: [Stack and Queue], problem_statement: Given a string containing just the characters '(' and ')', return the length of the longest valid (well-formed) parentheses substring., title: Longest Valid Parentheses, constraints: [0 <= s.length <= 3 * 10^4, s[i] is '(', or ')'.]})",[:HAS_SOLUTION],"(:Solution {code: class Solution {
public:
    int longestValidParentheses(string s) {
        stack<int> st;
        st.push(-1);
        int ans = 0;
        
        for(int i = 0; i < s.size(); i++){
            if(s[i] == '('){
                st.push(i);
            }
            else {
                st.pop();
                if (st.empty()) {
                    st.push(i);
                }
                else {
                    ans = max(ans, i - st.top());
                }
            }
        }
        return ans;
    }
};, language: C++, approach: Stack with Index Tracking})"
"(:Problem {difficulty: Hard, examples: [{'id': 1, 'input': 's = ""(()""', 'output': '2', 'explanation': 'The longest valid parentheses substring is ""()"".'}, {'id': 2, 'input': 's = "")()())""', 'output': '4', 'explanation': 'The longest valid parentheses substring is ""()()"".'}, {'id': 3, 'input': 's = """"', 'output': '0', 'explanation': None}], topics: [Stack and Queue], problem_statement: Given a string containing just the characters '(' and ')', return the length of the longest valid (well-formed) parentheses substring., title: Longest Valid Parentheses, constraints: [0 <= s.length <= 3 * 10^4, s[i] is '(', or ')'.]})",[:HAS_SOLUTION],"(:Solution {code: class Solution:
    def longestValidParentheses(self, s: str) -> int:
        st = [-1]
        ans = 0
        
        for i, char in enumerate(s):
            if char == '(':
                st.append(i)
            else:
                st.pop()
                if not st:
                    st.append(i)
                else:
                    ans = max(ans, i - st[-1])
        
        return ans, language: Python, approach: Stack with Index Tracking})"
"(:Problem {difficulty: Hard, examples: [{'id': 1, 'input': 'buckets = 4, minutesToDie = 15, minutesToTest = 15', 'output': '2', 'explanation': 'We can determine the poisonous bucket as follows:\nAt time 0, feed the first pig buckets 1 and 2, and feed the second pig buckets 2 and 3.\nAt time 15, there are 4 possible outcomes:\n- If only the first pig dies, then bucket 1 must be poisonous.\n- If only the second pig dies, then bucket 3 must be poisonous.\n- If both pigs die, then bucket 2 must be poisonous.\n- If neither pig dies, then bucket 4 must be poisonous.'}, {'id': 2, 'input': 'buckets = 4, minutesToDie = 15, minutesToTest = 30', 'output': '2', 'explanation': 'We can determine the poisonous bucket as follows:\nAt time 0, feed the first pig bucket 1, and feed the second pig bucket 2.\nAt time 15, there are 2 possible outcomes:\n- If either pig dies, then the poisonous bucket is the one it was fed.\n- If neither pig dies, then feed the first pig bucket 3, and feed the second pig bucket 4.\nAt time 30, one of the two pigs must die, and the poisonous bucket is the one it was fed.'}], topics: [Math], problem_statement: There are buckets buckets of liquid, where exactly one of the buckets is poisonous. To figure out which one is poisonous, you feed some number of (poor) pigs the liquid to see whether they will die or not. Unfortunately, you only have minutesToTest minutes to determine which bucket is poisonous.

You can feed the pigs according to these steps:
1. Choose some live pigs to feed.
2. For each pig, choose which buckets to feed it. The pig will consume all the chosen buckets simultaneously and will take no time. Each pig can feed from any number of buckets, and each bucket can be fed from by any number of pigs.
3. Wait for minutesToDie minutes. You may not feed any other pigs during this time.
4. After minutesToDie minutes have passed, any pigs that have been fed the poisonous bucket will die, and all others will survive.
5. Repeat this process until you run out of time.

Given buckets, minutesToDie, and minutesToTest, return the minimum number of pigs needed to figure out which bucket is poisonous within the allotted time., title: Poor Pigs, constraints: [1 <= buckets <= 1000, 1 <= minutesToDie <= minutesToTest <= 100]})",[:BELONGS_TO_TOPIC],(:Topic {name: Math})
"(:Problem {difficulty: Hard, examples: [{'id': 1, 'input': 'buckets = 4, minutesToDie = 15, minutesToTest = 15', 'output': '2', 'explanation': 'We can determine the poisonous bucket as follows:\nAt time 0, feed the first pig buckets 1 and 2, and feed the second pig buckets 2 and 3.\nAt time 15, there are 4 possible outcomes:\n- If only the first pig dies, then bucket 1 must be poisonous.\n- If only the second pig dies, then bucket 3 must be poisonous.\n- If both pigs die, then bucket 2 must be poisonous.\n- If neither pig dies, then bucket 4 must be poisonous.'}, {'id': 2, 'input': 'buckets = 4, minutesToDie = 15, minutesToTest = 30', 'output': '2', 'explanation': 'We can determine the poisonous bucket as follows:\nAt time 0, feed the first pig bucket 1, and feed the second pig bucket 2.\nAt time 15, there are 2 possible outcomes:\n- If either pig dies, then the poisonous bucket is the one it was fed.\n- If neither pig dies, then feed the first pig bucket 3, and feed the second pig bucket 4.\nAt time 30, one of the two pigs must die, and the poisonous bucket is the one it was fed.'}], topics: [Math], problem_statement: There are buckets buckets of liquid, where exactly one of the buckets is poisonous. To figure out which one is poisonous, you feed some number of (poor) pigs the liquid to see whether they will die or not. Unfortunately, you only have minutesToTest minutes to determine which bucket is poisonous.

You can feed the pigs according to these steps:
1. Choose some live pigs to feed.
2. For each pig, choose which buckets to feed it. The pig will consume all the chosen buckets simultaneously and will take no time. Each pig can feed from any number of buckets, and each bucket can be fed from by any number of pigs.
3. Wait for minutesToDie minutes. You may not feed any other pigs during this time.
4. After minutesToDie minutes have passed, any pigs that have been fed the poisonous bucket will die, and all others will survive.
5. Repeat this process until you run out of time.

Given buckets, minutesToDie, and minutesToTest, return the minimum number of pigs needed to figure out which bucket is poisonous within the allotted time., title: Poor Pigs, constraints: [1 <= buckets <= 1000, 1 <= minutesToDie <= minutesToTest <= 100]})",[:HAS_DIFFICULTY],(:Difficulty {level: Hard})
"(:Problem {difficulty: Hard, examples: [{'id': 1, 'input': 'buckets = 4, minutesToDie = 15, minutesToTest = 15', 'output': '2', 'explanation': 'We can determine the poisonous bucket as follows:\nAt time 0, feed the first pig buckets 1 and 2, and feed the second pig buckets 2 and 3.\nAt time 15, there are 4 possible outcomes:\n- If only the first pig dies, then bucket 1 must be poisonous.\n- If only the second pig dies, then bucket 3 must be poisonous.\n- If both pigs die, then bucket 2 must be poisonous.\n- If neither pig dies, then bucket 4 must be poisonous.'}, {'id': 2, 'input': 'buckets = 4, minutesToDie = 15, minutesToTest = 30', 'output': '2', 'explanation': 'We can determine the poisonous bucket as follows:\nAt time 0, feed the first pig bucket 1, and feed the second pig bucket 2.\nAt time 15, there are 2 possible outcomes:\n- If either pig dies, then the poisonous bucket is the one it was fed.\n- If neither pig dies, then feed the first pig bucket 3, and feed the second pig bucket 4.\nAt time 30, one of the two pigs must die, and the poisonous bucket is the one it was fed.'}], topics: [Math], problem_statement: There are buckets buckets of liquid, where exactly one of the buckets is poisonous. To figure out which one is poisonous, you feed some number of (poor) pigs the liquid to see whether they will die or not. Unfortunately, you only have minutesToTest minutes to determine which bucket is poisonous.

You can feed the pigs according to these steps:
1. Choose some live pigs to feed.
2. For each pig, choose which buckets to feed it. The pig will consume all the chosen buckets simultaneously and will take no time. Each pig can feed from any number of buckets, and each bucket can be fed from by any number of pigs.
3. Wait for minutesToDie minutes. You may not feed any other pigs during this time.
4. After minutesToDie minutes have passed, any pigs that have been fed the poisonous bucket will die, and all others will survive.
5. Repeat this process until you run out of time.

Given buckets, minutesToDie, and minutesToTest, return the minimum number of pigs needed to figure out which bucket is poisonous within the allotted time., title: Poor Pigs, constraints: [1 <= buckets <= 1000, 1 <= minutesToDie <= minutesToTest <= 100]})",[:HAS_SOLUTION],"(:Solution {code: #include <cmath>

class Solution {
public:
    int poorPigs(int b, int m1, int m2) {
        return ceil(log(b)/log(m2/m1 +1));
    }
};, language: C++, approach: Mathematical (Combinatorics)})"
"(:Problem {difficulty: Hard, examples: [{'id': 1, 'input': 'buckets = 4, minutesToDie = 15, minutesToTest = 15', 'output': '2', 'explanation': 'We can determine the poisonous bucket as follows:\nAt time 0, feed the first pig buckets 1 and 2, and feed the second pig buckets 2 and 3.\nAt time 15, there are 4 possible outcomes:\n- If only the first pig dies, then bucket 1 must be poisonous.\n- If only the second pig dies, then bucket 3 must be poisonous.\n- If both pigs die, then bucket 2 must be poisonous.\n- If neither pig dies, then bucket 4 must be poisonous.'}, {'id': 2, 'input': 'buckets = 4, minutesToDie = 15, minutesToTest = 30', 'output': '2', 'explanation': 'We can determine the poisonous bucket as follows:\nAt time 0, feed the first pig bucket 1, and feed the second pig bucket 2.\nAt time 15, there are 2 possible outcomes:\n- If either pig dies, then the poisonous bucket is the one it was fed.\n- If neither pig dies, then feed the first pig bucket 3, and feed the second pig bucket 4.\nAt time 30, one of the two pigs must die, and the poisonous bucket is the one it was fed.'}], topics: [Math], problem_statement: There are buckets buckets of liquid, where exactly one of the buckets is poisonous. To figure out which one is poisonous, you feed some number of (poor) pigs the liquid to see whether they will die or not. Unfortunately, you only have minutesToTest minutes to determine which bucket is poisonous.

You can feed the pigs according to these steps:
1. Choose some live pigs to feed.
2. For each pig, choose which buckets to feed it. The pig will consume all the chosen buckets simultaneously and will take no time. Each pig can feed from any number of buckets, and each bucket can be fed from by any number of pigs.
3. Wait for minutesToDie minutes. You may not feed any other pigs during this time.
4. After minutesToDie minutes have passed, any pigs that have been fed the poisonous bucket will die, and all others will survive.
5. Repeat this process until you run out of time.

Given buckets, minutesToDie, and minutesToTest, return the minimum number of pigs needed to figure out which bucket is poisonous within the allotted time., title: Poor Pigs, constraints: [1 <= buckets <= 1000, 1 <= minutesToDie <= minutesToTest <= 100]})",[:HAS_SOLUTION],"(:Solution {code: from math import log, ceil

class Solution:
    def poorPigs(self, b: int, m1: int, m2: int) -> int:
        return ceil(log(b)/log(m2/m1 +1)), language: Python, approach: Mathematical (Combinatorics)})"
"(:Problem {difficulty: Hard, examples: [{'id': 1, 'input': 'buckets = 4, minutesToDie = 15, minutesToTest = 15', 'output': '2', 'explanation': 'We can determine the poisonous bucket as follows:\nAt time 0, feed the first pig buckets 1 and 2, and feed the second pig buckets 2 and 3.\nAt time 15, there are 4 possible outcomes:\n- If only the first pig dies, then bucket 1 must be poisonous.\n- If only the second pig dies, then bucket 3 must be poisonous.\n- If both pigs die, then bucket 2 must be poisonous.\n- If neither pig dies, then bucket 4 must be poisonous.'}, {'id': 2, 'input': 'buckets = 4, minutesToDie = 15, minutesToTest = 30', 'output': '2', 'explanation': 'We can determine the poisonous bucket as follows:\nAt time 0, feed the first pig bucket 1, and feed the second pig bucket 2.\nAt time 15, there are 2 possible outcomes:\n- If either pig dies, then the poisonous bucket is the one it was fed.\n- If neither pig dies, then feed the first pig bucket 3, and feed the second pig bucket 4.\nAt time 30, one of the two pigs must die, and the poisonous bucket is the one it was fed.'}], topics: [Math], problem_statement: There are buckets buckets of liquid, where exactly one of the buckets is poisonous. To figure out which one is poisonous, you feed some number of (poor) pigs the liquid to see whether they will die or not. Unfortunately, you only have minutesToTest minutes to determine which bucket is poisonous.

You can feed the pigs according to these steps:
1. Choose some live pigs to feed.
2. For each pig, choose which buckets to feed it. The pig will consume all the chosen buckets simultaneously and will take no time. Each pig can feed from any number of buckets, and each bucket can be fed from by any number of pigs.
3. Wait for minutesToDie minutes. You may not feed any other pigs during this time.
4. After minutesToDie minutes have passed, any pigs that have been fed the poisonous bucket will die, and all others will survive.
5. Repeat this process until you run out of time.

Given buckets, minutesToDie, and minutesToTest, return the minimum number of pigs needed to figure out which bucket is poisonous within the allotted time., title: Poor Pigs, constraints: [1 <= buckets <= 1000, 1 <= minutesToDie <= minutesToTest <= 100]})",[:SIMILAR_TOPIC {shared_topic: Math}],"(:Problem {difficulty: Easy, examples: [{'id': 1, 'input': 'n = 5, start = 0', 'output': '8', 'explanation': 'Array nums is equal to [0, 2, 4, 6, 8] where (0 ^ 2 ^ 4 ^ 6 ^ 8) = 8.\nWhere ""^"" corresponds to bitwise XOR operator.'}, {'id': 2, 'input': 'n = 4, start = 3', 'output': '8', 'explanation': 'Array nums is equal to [3, 5, 7, 9] where (3 ^ 5 ^ 7 ^ 9) = 8.'}], topics: [Bit Manipulation, Array, Math], problem_statement: You are given an integer n and an integer start.

Define an array nums where nums[i] = start + 2 * i (0-indexed) and n == nums.length.

Return the bitwise XOR of all elements of nums., title: XOR Operation in an Array, constraints: [1 <= n <= 1000, 0 <= start <= 1000, n == nums.length]})"
"(:Problem {difficulty: Hard, examples: [{'id': 1, 'input': 'buckets = 4, minutesToDie = 15, minutesToTest = 15', 'output': '2', 'explanation': 'We can determine the poisonous bucket as follows:\nAt time 0, feed the first pig buckets 1 and 2, and feed the second pig buckets 2 and 3.\nAt time 15, there are 4 possible outcomes:\n- If only the first pig dies, then bucket 1 must be poisonous.\n- If only the second pig dies, then bucket 3 must be poisonous.\n- If both pigs die, then bucket 2 must be poisonous.\n- If neither pig dies, then bucket 4 must be poisonous.'}, {'id': 2, 'input': 'buckets = 4, minutesToDie = 15, minutesToTest = 30', 'output': '2', 'explanation': 'We can determine the poisonous bucket as follows:\nAt time 0, feed the first pig bucket 1, and feed the second pig bucket 2.\nAt time 15, there are 2 possible outcomes:\n- If either pig dies, then the poisonous bucket is the one it was fed.\n- If neither pig dies, then feed the first pig bucket 3, and feed the second pig bucket 4.\nAt time 30, one of the two pigs must die, and the poisonous bucket is the one it was fed.'}], topics: [Math], problem_statement: There are buckets buckets of liquid, where exactly one of the buckets is poisonous. To figure out which one is poisonous, you feed some number of (poor) pigs the liquid to see whether they will die or not. Unfortunately, you only have minutesToTest minutes to determine which bucket is poisonous.

You can feed the pigs according to these steps:
1. Choose some live pigs to feed.
2. For each pig, choose which buckets to feed it. The pig will consume all the chosen buckets simultaneously and will take no time. Each pig can feed from any number of buckets, and each bucket can be fed from by any number of pigs.
3. Wait for minutesToDie minutes. You may not feed any other pigs during this time.
4. After minutesToDie minutes have passed, any pigs that have been fed the poisonous bucket will die, and all others will survive.
5. Repeat this process until you run out of time.

Given buckets, minutesToDie, and minutesToTest, return the minimum number of pigs needed to figure out which bucket is poisonous within the allotted time., title: Poor Pigs, constraints: [1 <= buckets <= 1000, 1 <= minutesToDie <= minutesToTest <= 100]})",[:SIMILAR_TOPIC {shared_topic: Math}],"(:Problem {difficulty: Easy, examples: [{'id': 1, 'input': 'n = 2', 'output': '2', 'explanation': 'There are two ways to climb to the top.\n1. 1 step + 1 step\n2. 2 steps'}, {'id': 2, 'input': 'n = 3', 'output': '3', 'explanation': 'There are three ways to climb to the top.\n1. 1 step + 1 step + 1 step\n2. 1 step + 2 steps\n3. 2 steps + 1 step'}], topics: [Dynamic Programming, Math, Memoization], problem_statement: You are climbing a staircase. It takes n steps to reach the top.

Each time you can either climb 1 or 2 steps. In how many distinct ways can you climb to the top?, title: Climbing Stairs, constraints: [1 <= n <= 45]})"
"(:Problem {difficulty: Hard, examples: [{'id': 1, 'input': 'buckets = 4, minutesToDie = 15, minutesToTest = 15', 'output': '2', 'explanation': 'We can determine the poisonous bucket as follows:\nAt time 0, feed the first pig buckets 1 and 2, and feed the second pig buckets 2 and 3.\nAt time 15, there are 4 possible outcomes:\n- If only the first pig dies, then bucket 1 must be poisonous.\n- If only the second pig dies, then bucket 3 must be poisonous.\n- If both pigs die, then bucket 2 must be poisonous.\n- If neither pig dies, then bucket 4 must be poisonous.'}, {'id': 2, 'input': 'buckets = 4, minutesToDie = 15, minutesToTest = 30', 'output': '2', 'explanation': 'We can determine the poisonous bucket as follows:\nAt time 0, feed the first pig bucket 1, and feed the second pig bucket 2.\nAt time 15, there are 2 possible outcomes:\n- If either pig dies, then the poisonous bucket is the one it was fed.\n- If neither pig dies, then feed the first pig bucket 3, and feed the second pig bucket 4.\nAt time 30, one of the two pigs must die, and the poisonous bucket is the one it was fed.'}], topics: [Math], problem_statement: There are buckets buckets of liquid, where exactly one of the buckets is poisonous. To figure out which one is poisonous, you feed some number of (poor) pigs the liquid to see whether they will die or not. Unfortunately, you only have minutesToTest minutes to determine which bucket is poisonous.

You can feed the pigs according to these steps:
1. Choose some live pigs to feed.
2. For each pig, choose which buckets to feed it. The pig will consume all the chosen buckets simultaneously and will take no time. Each pig can feed from any number of buckets, and each bucket can be fed from by any number of pigs.
3. Wait for minutesToDie minutes. You may not feed any other pigs during this time.
4. After minutesToDie minutes have passed, any pigs that have been fed the poisonous bucket will die, and all others will survive.
5. Repeat this process until you run out of time.

Given buckets, minutesToDie, and minutesToTest, return the minimum number of pigs needed to figure out which bucket is poisonous within the allotted time., title: Poor Pigs, constraints: [1 <= buckets <= 1000, 1 <= minutesToDie <= minutesToTest <= 100]})",[:SIMILAR_TOPIC {shared_topic: Math}],"(:Problem {difficulty: Easy, examples: [{'id': 1, 'input': 'head = [1,0,1]', 'output': '5', 'explanation': '(101) in base 2 = (5) in base 10'}, {'id': 2, 'input': 'head = [0]', 'output': '0', 'explanation': None}], topics: [Linked List, Bit Manipulation, Math], problem_statement: Given head which is a reference node to a singly-linked list. The value of each node in the linked list is either 0 or 1. The linked list holds the binary representation of a number.

Return the decimal value of the number in the linked list.

The most significant bit is at the head of the linked list., title: Convert Binary Number in a Linked List to Integer, constraints: [The Linked List is not empty., Number of nodes will not exceed 30., Each node's value is either 0 or 1.]})"
"(:Problem {difficulty: Hard, examples: [{'id': 1, 'input': 'buckets = 4, minutesToDie = 15, minutesToTest = 15', 'output': '2', 'explanation': 'We can determine the poisonous bucket as follows:\nAt time 0, feed the first pig buckets 1 and 2, and feed the second pig buckets 2 and 3.\nAt time 15, there are 4 possible outcomes:\n- If only the first pig dies, then bucket 1 must be poisonous.\n- If only the second pig dies, then bucket 3 must be poisonous.\n- If both pigs die, then bucket 2 must be poisonous.\n- If neither pig dies, then bucket 4 must be poisonous.'}, {'id': 2, 'input': 'buckets = 4, minutesToDie = 15, minutesToTest = 30', 'output': '2', 'explanation': 'We can determine the poisonous bucket as follows:\nAt time 0, feed the first pig bucket 1, and feed the second pig bucket 2.\nAt time 15, there are 2 possible outcomes:\n- If either pig dies, then the poisonous bucket is the one it was fed.\n- If neither pig dies, then feed the first pig bucket 3, and feed the second pig bucket 4.\nAt time 30, one of the two pigs must die, and the poisonous bucket is the one it was fed.'}], topics: [Math], problem_statement: There are buckets buckets of liquid, where exactly one of the buckets is poisonous. To figure out which one is poisonous, you feed some number of (poor) pigs the liquid to see whether they will die or not. Unfortunately, you only have minutesToTest minutes to determine which bucket is poisonous.

You can feed the pigs according to these steps:
1. Choose some live pigs to feed.
2. For each pig, choose which buckets to feed it. The pig will consume all the chosen buckets simultaneously and will take no time. Each pig can feed from any number of buckets, and each bucket can be fed from by any number of pigs.
3. Wait for minutesToDie minutes. You may not feed any other pigs during this time.
4. After minutesToDie minutes have passed, any pigs that have been fed the poisonous bucket will die, and all others will survive.
5. Repeat this process until you run out of time.

Given buckets, minutesToDie, and minutesToTest, return the minimum number of pigs needed to figure out which bucket is poisonous within the allotted time., title: Poor Pigs, constraints: [1 <= buckets <= 1000, 1 <= minutesToDie <= minutesToTest <= 100]})",[:SIMILAR_TOPIC {shared_topic: Math}],"(:Problem {difficulty: Easy, examples: [{'id': 1, 'input': 'num = 38', 'output': '2', 'explanation': 'The process is\n38 --> 3 + 8 --> 11\n11 --> 1 + 1 --> 2 \nSince 2 has only one digit, return it.'}, {'id': 2, 'input': 'num = 0', 'output': '0', 'explanation': None}], topics: [Math], problem_statement: Given an integer num, repeatedly add all its digits until the result has only one digit, and return it., title: Add Digits, constraints: [0 <= num <= 2^31 - 1]})"
"(:Problem {difficulty: Hard, examples: [{'id': 1, 'input': 'buckets = 4, minutesToDie = 15, minutesToTest = 15', 'output': '2', 'explanation': 'We can determine the poisonous bucket as follows:\nAt time 0, feed the first pig buckets 1 and 2, and feed the second pig buckets 2 and 3.\nAt time 15, there are 4 possible outcomes:\n- If only the first pig dies, then bucket 1 must be poisonous.\n- If only the second pig dies, then bucket 3 must be poisonous.\n- If both pigs die, then bucket 2 must be poisonous.\n- If neither pig dies, then bucket 4 must be poisonous.'}, {'id': 2, 'input': 'buckets = 4, minutesToDie = 15, minutesToTest = 30', 'output': '2', 'explanation': 'We can determine the poisonous bucket as follows:\nAt time 0, feed the first pig bucket 1, and feed the second pig bucket 2.\nAt time 15, there are 2 possible outcomes:\n- If either pig dies, then the poisonous bucket is the one it was fed.\n- If neither pig dies, then feed the first pig bucket 3, and feed the second pig bucket 4.\nAt time 30, one of the two pigs must die, and the poisonous bucket is the one it was fed.'}], topics: [Math], problem_statement: There are buckets buckets of liquid, where exactly one of the buckets is poisonous. To figure out which one is poisonous, you feed some number of (poor) pigs the liquid to see whether they will die or not. Unfortunately, you only have minutesToTest minutes to determine which bucket is poisonous.

You can feed the pigs according to these steps:
1. Choose some live pigs to feed.
2. For each pig, choose which buckets to feed it. The pig will consume all the chosen buckets simultaneously and will take no time. Each pig can feed from any number of buckets, and each bucket can be fed from by any number of pigs.
3. Wait for minutesToDie minutes. You may not feed any other pigs during this time.
4. After minutesToDie minutes have passed, any pigs that have been fed the poisonous bucket will die, and all others will survive.
5. Repeat this process until you run out of time.

Given buckets, minutesToDie, and minutesToTest, return the minimum number of pigs needed to figure out which bucket is poisonous within the allotted time., title: Poor Pigs, constraints: [1 <= buckets <= 1000, 1 <= minutesToDie <= minutesToTest <= 100]})",[:SIMILAR_TOPIC {shared_topic: Math}],"(:Problem {difficulty: Easy, examples: [{'id': 1, 'input': 'n = 19', 'output': 'true', 'explanation': '1^2 + 9^2 = 82\n8^2 + 2^2 = 68\n6^2 + 8^2 = 100\n1^2 + 0^2 + 0^2 = 1'}, {'id': 2, 'input': 'n = 2', 'output': 'false', 'explanation': None}], topics: [Math], problem_statement: Write an algorithm to determine if a number n is happy.

A happy number is a number defined by the following process:
- Starting with any positive integer, replace the number by the sum of the squares of its digits.
- Repeat the process until the number equals 1 (where it will stay), or it loops endlessly in a cycle which does not include 1.
- Those numbers for which this process ends in 1 are happy.

Return true if n is a happy number, and false if not., title: Happy Number, constraints: [1 <= n <= 2^31 - 1]})"